Round,Temp,Day,Date,Well,Sample,isolate_A,isolate_B,count_A,count_B,isolate_A_mono_counts,isolate_B_mono_counts,N,model_dir,summed_proba_A,summed_proba_B,Community,filename
round1,20C,d02,11.03.2026,A2,Sample2,06,12,43992,12960,47152,70375,56952,06_vs_12,38666.478182058054,18285.521817941946,s01,round1_20C_d02_11.03.2026_A2_Sample2.csv
round1,20C,d02,11.03.2026,F4,Sample64,20,56,15992,1555,17229,73920,17547,20_vs_56,15134.750993928596,2412.2490060714053,s22,round1_20C_d02_11.03.2026_F4_Sample64.csv
round1,20C,d02,11.03.2026,A10,Sample10,06,23,113759,176388,47152,129371,290147,06_vs_23,126644.55350692924,163502.4464930694,s04,round1_20C_d02_11.03.2026_A10_Sample10.csv
round1,20C,d02,11.03.2026,D12,Sample48,16,32,86554,27705,76702,269962,114259,16_vs_32,86310.63351791032,27948.366482091475,s16,round1_20C_d02_11.03.2026_D12_Sample48.csv
round1,20C,d02,11.03.2026,B5,Sample17,06,43,33736,9475,47152,2394,43211,06_vs_43,31356.830724027324,11854.169275972676,s06,round1_20C_d02_11.03.2026_B5_Sample17.csv
round1,20C,d02,11.03.2026,G12,Sample84,43,56,71363,7368,2394,73920,78731,43_vs_56,67797.6491447729,10933.350855227245,s28,round1_20C_d02_11.03.2026_G12_Sample84.csv
round1,20C,d02,11.03.2026,F12,Sample72,23,43,310121,90596,129371,2394,400717,23_vs_43,287284.18564153754,113432.81435845875,s24,round1_20C_d02_11.03.2026_F12_Sample72.csv
round1,20C,d02,11.03.2026,B7,Sample19,06,56,29079,32204,47152,73920,61283,06_vs_56,31929.810656642192,29353.189343357808,s07,round1_20C_d02_11.03.2026_B7_Sample19.csv
round1,20C,d02,11.03.2026,D2,Sample38,12,56,93865,5459,70375,73920,99324,12_vs_56,89532.4555869189,9791.544413081094,s13,round1_20C_d02_11.03.2026_D2_Sample38.csv
round1,20C,d02,11.03.2026,E6,Sample54,16,56,90914,2275,76702,73920,93189,16_vs_56,89313.28370964987,3875.716290350136,s18,round1_20C_d02_11.03.2026_E6_Sample54.csv
round1,20C,d02,11.03.2026,A6,Sample6,06,20,26308,7027,47152,17229,33335,06_vs_20,23615.16777518785,9719.832224812213,s03,round1_20C_d02_11.03.2026_A6_Sample6.csv
round1,20C,d02,11.03.2026,D11,Sample47,16,32,106402,33333,76702,269962,139735,16_vs_32,106497.91031438459,33237.089685618696,s16,round1_20C_d02_11.03.2026_D11_Sample47.csv
round1,20C,d02,11.03.2026,D8,Sample44,16,23,68746,55267,76702,129371,124013,16_vs_23,68237.63502386284,55775.36497613762,s15,round1_20C_d02_11.03.2026_D8_Sample44.csv
round1,20C,d02,11.03.2026,G3,Sample75,23,56,93193,3973,129371,73920,97166,23_vs_56,83747.59257173704,13418.407428263388,s25,round1_20C_d02_11.03.2026_G3_Sample75.csv
round1,20C,d02,11.03.2026,E8,Sample56,20,23,28556,202699,17229,129371,231255,20_vs_23,31002.170750573314,200252.82924942666,s19,round1_20C_d02_11.03.2026_E8_Sample56.csv
round1,20C,d02,11.03.2026,A3,Sample3,06,12,24342,7295,47152,70375,31637,06_vs_12,21403.30498531919,10233.695014680805,s01,round1_20C_d02_11.03.2026_A3_Sample3.csv
round1,20C,d02,11.03.2026,B11,Sample23,12,16,14244,98308,70375,76702,112552,12_vs_16,20736.73639258896,91815.26360741329,s08,round1_20C_d02_11.03.2026_B11_Sample23.csv
round1,20C,d02,11.03.2026,F9,Sample69,23,32,99736,82549,129371,269962,182285,23_vs_32,98065.33779222242,84219.66220777931,s23,round1_20C_d02_11.03.2026_F9_Sample69.csv
round1,20C,d02,11.03.2026,D4,Sample40,16,20,132107,18275,76702,17229,150382,16_vs_20,123698.57931644643,26683.42068355309,s14,round1_20C_d02_11.03.2026_D4_Sample40.csv
round1,20C,d02,11.03.2026,F10,Sample70,23,43,318784,80406,129371,2394,399190,23_vs_43,293866.3512807304,105323.64871926671,s24,round1_20C_d02_11.03.2026_F10_Sample70.csv
round1,20C,d02,11.03.2026,F3,Sample63,20,43,15452,27021,17229,2394,42473,20_vs_43,16460.13187724048,26012.86812275956,s21,round1_20C_d02_11.03.2026_F3_Sample63.csv
round1,20C,d02,11.03.2026,C11,Sample35,12,43,32243,77926,70375,2394,110169,12_vs_43,36472.810773311736,73696.18922668674,s12,round1_20C_d02_11.03.2026_C11_Sample35.csv
round1,20C,d02,11.03.2026,C6,Sample30,12,23,15248,95655,70375,129371,110903,12_vs_23,18555.671517566057,92347.3284824356,s10,round1_20C_d02_11.03.2026_C6_Sample30.csv
round1,20C,d02,11.03.2026,A8,Sample8,06,20,27861,9626,47152,17229,37487,06_vs_20,25243.06262764362,12243.937372356506,s03,round1_20C_d02_11.03.2026_A8_Sample8.csv
round1,20C,d02,11.03.2026,E10,Sample58,20,32,36725,271615,17229,269962,308340,20_vs_32,39809.505536602795,268530.49446339504,s20,round1_20C_d02_11.03.2026_E10_Sample58.csv
round1,20C,d02,11.03.2026,G2,Sample74,23,56,113693,6337,129371,73920,120030,23_vs_56,101587.34040658499,18442.65959341498,s25,round1_20C_d02_11.03.2026_G2_Sample74.csv
round1,20C,d02,11.03.2026,B6,Sample18,06,43,34193,10418,47152,2394,44611,06_vs_43,31679.69401027888,12931.30598972112,s06,round1_20C_d02_11.03.2026_B6_Sample18.csv
round1,20C,d02,11.03.2026,D6,Sample42,16,20,117192,17470,76702,17229,134662,16_vs_20,109391.0548426983,25270.94515730143,s14,round1_20C_d02_11.03.2026_D6_Sample42.csv
round1,20C,d02,11.03.2026,C2,Sample26,12,20,116153,31032,70375,17229,147185,12_vs_20,109968.64092539644,37216.3590746042,s09,round1_20C_d02_11.03.2026_C2_Sample26.csv
round1,20C,d02,11.03.2026,G1,Sample73,23,56,123541,6117,129371,73920,129658,23_vs_56,111058.2688864235,18599.731113575508,s25,round1_20C_d02_11.03.2026_G1_Sample73.csv
round1,20C,d02,11.03.2026,B9,Sample21,06,56,20484,19880,47152,73920,40364,06_vs_56,21791.58238778628,18572.41761221372,s07,round1_20C_d02_11.03.2026_B9_Sample21.csv
round1,20C,d02,11.03.2026,C3,Sample27,12,20,83331,21299,70375,17229,104630,12_vs_20,78751.57652311049,25878.423476889802,s09,round1_20C_d02_11.03.2026_C3_Sample27.csv
round1,20C,d02,11.03.2026,E9,Sample57,20,23,22711,130949,17229,129371,153660,20_vs_23,24176.623578705334,129483.37642129467,s19,round1_20C_d02_11.03.2026_E9_Sample57.csv
round1,20C,d02,11.03.2026,B10,Sample22,12,16,13996,109615,70375,76702,123611,12_vs_16,20322.69058534721,103288.30941465523,s08,round1_20C_d02_11.03.2026_B10_Sample22.csv
round1,20C,d02,11.03.2026,C10,Sample34,12,43,44630,71091,70375,2394,115721,12_vs_43,47856.65750462671,67864.34249537338,s12,round1_20C_d02_11.03.2026_C10_Sample34.csv
round1,20C,d02,11.03.2026,D10,Sample46,16,32,108523,29138,76702,269962,137661,16_vs_32,108173.56414438951,29487.43585561317,s16,round1_20C_d02_11.03.2026_D10_Sample46.csv
round1,20C,d02,11.03.2026,A7,Sample7,06,20,30498,8091,47152,17229,38589,06_vs_20,27270.883322503825,11318.116677496022,s03,round1_20C_d02_11.03.2026_A7_Sample7.csv
round1,20C,d02,11.03.2026,B3,Sample15,06,32,30656,12936,47152,269962,43592,06_vs_32,31119.548539166757,12472.451460833245,s05,round1_20C_d02_11.03.2026_B3_Sample15.csv
round1,20C,d02,11.03.2026,E5,Sample53,16,56,84416,3282,76702,73920,87698,16_vs_56,82868.58517805178,4829.414821948215,s18,round1_20C_d02_11.03.2026_E5_Sample53.csv
round1,20C,d02,11.03.2026,E4,Sample52,16,56,97276,2057,76702,73920,99333,16_vs_56,95742.9094723675,3590.0905276324984,s18,round1_20C_d02_11.03.2026_E4_Sample52.csv
round1,20C,d02,11.03.2026,G5,Sample77,32,43,178965,65838,269962,2394,244803,32_vs_43,171048.00987281514,73754.99012718114,s26,round1_20C_d02_11.03.2026_G5_Sample77.csv
round1,20C,d02,11.03.2026,C9,Sample33,12,32,7815,202889,70375,269962,210704,12_vs_32,15099.8612551978,195604.13874479977,s11,round1_20C_d02_11.03.2026_C9_Sample33.csv
round1,20C,d02,11.03.2026,G6,Sample78,32,43,170071,59357,269962,2394,229428,32_vs_43,163259.31153689927,66168.68846309998,s26,round1_20C_d02_11.03.2026_G6_Sample78.csv
round1,20C,d02,11.03.2026,D7,Sample43,16,23,60997,48244,76702,129371,109241,16_vs_23,60481.729276778555,48759.27072322172,s15,round1_20C_d02_11.03.2026_D7_Sample43.csv
round1,20C,d02,11.03.2026,A12,Sample12,06,23,28278,20421,47152,129371,48699,06_vs_23,29434.52465098401,19264.475349015887,s04,round1_20C_d02_11.03.2026_A12_Sample12.csv
round1,20C,d02,11.03.2026,D1,Sample37,12,56,70278,5921,70375,73920,76199,12_vs_56,66637.58178908219,9561.418210917811,s13,round1_20C_d02_11.03.2026_D1_Sample37.csv
round1,20C,d02,11.03.2026,B8,Sample20,06,56,28934,31142,47152,73920,60076,06_vs_56,31369.15996263618,28706.84003736382,s07,round1_20C_d02_11.03.2026_B8_Sample20.csv
round1,20C,d02,11.03.2026,G10,Sample82,43,56,68162,8450,2394,73920,76612,43_vs_56,64622.98286373239,11989.0171362676,s28,round1_20C_d02_11.03.2026_G10_Sample82.csv
round1,20C,d02,11.03.2026,D3,Sample39,12,56,68573,4566,70375,73920,73139,12_vs_56,65195.569126090166,7943.430873909833,s13,round1_20C_d02_11.03.2026_D3_Sample39.csv
round1,20C,d02,11.03.2026,B4,Sample16,06,43,36905,10452,47152,2394,47357,06_vs_43,34247.79381710276,13109.206182897236,s06,round1_20C_d02_11.03.2026_B4_Sample16.csv
round1,20C,d02,11.03.2026,E12,Sample60,20,32,39800,298830,17229,269962,338630,20_vs_32,44556.50773068212,294073.49226931576,s20,round1_20C_d02_11.03.2026_E12_Sample60.csv
round1,20C,d02,11.03.2026,G7,Sample79,32,56,227072,10119,269962,73920,237191,32_vs_56,207446.5500098135,29744.449990186506,s27,round1_20C_d02_11.03.2026_G7_Sample79.csv
round1,20C,d02,11.03.2026,F2,Sample62,20,43,23210,45344,17229,2394,68554,20_vs_43,25194.404409430663,43359.595590570265,s21,round1_20C_d02_11.03.2026_F2_Sample62.csv
round1,20C,d02,11.03.2026,G9,Sample81,32,56,213644,10917,269962,73920,224561,32_vs_56,194013.7706214469,30547.22937855309,s27,round1_20C_d02_11.03.2026_G9_Sample81.csv
round1,20C,d02,11.03.2026,G4,Sample76,32,43,149060,54162,269962,2394,203222,32_vs_43,139300.52085541104,63921.47914458574,s26,round1_20C_d02_11.03.2026_G4_Sample76.csv
round1,20C,d02,11.03.2026,C7,Sample31,12,32,8741,202245,70375,269962,210986,12_vs_32,17491.105282327662,193494.89471767057,s11,round1_20C_d02_11.03.2026_C7_Sample31.csv
round1,20C,d02,11.03.2026,G11,Sample83,43,56,56055,7455,2394,73920,63510,43_vs_56,53030.8871943256,10479.112805674658,s28,round1_20C_d02_11.03.2026_G11_Sample83.csv
round1,20C,d02,11.03.2026,A9,Sample9,06,20,17734,7069,47152,17229,24803,06_vs_20,16303.662731848368,8499.337268151558,s03,round1_20C_d02_11.03.2026_A9_Sample9.csv
round1,20C,d02,11.03.2026,D5,Sample41,16,20,94490,15767,76702,17229,110257,16_vs_20,88360.77095123066,21896.229048767833,s14,round1_20C_d02_11.03.2026_D5_Sample41.csv
round1,20C,d02,11.03.2026,F6,Sample66,20,56,13207,1163,17229,73920,14370,20_vs_56,12483.185450515779,1886.8145494842202,s22,round1_20C_d02_11.03.2026_F6_Sample66.csv
round1,20C,d02,11.03.2026,E1,Sample49,16,43,79001,24429,76702,2394,103430,16_vs_43,79019.51737763436,24410.482622367024,s17,round1_20C_d02_11.03.2026_E1_Sample49.csv
round1,20C,d02,11.03.2026,D9,Sample45,16,23,68436,52522,76702,129371,120958,16_vs_23,67976.71861797679,52981.28138202323,s15,round1_20C_d02_11.03.2026_D9_Sample45.csv
round1,20C,d02,11.03.2026,C12,Sample36,12,43,31051,59553,70375,2394,90604,12_vs_43,33967.98447452214,56636.015525478135,s12,round1_20C_d02_11.03.2026_C12_Sample36.csv
round1,20C,d02,11.03.2026,G8,Sample80,32,56,233006,10726,269962,73920,243732,32_vs_56,212425.16469013394,31306.835309866074,s27,round1_20C_d02_11.03.2026_G8_Sample80.csv
round1,20C,d02,11.03.2026,A5,Sample5,06,16,24442,3768,47152,76702,28210,06_vs_16,23039.84377832848,5170.156221671364,s02,round1_20C_d02_11.03.2026_A5_Sample5.csv
round1,20C,d02,11.03.2026,F5,Sample65,20,56,12831,1076,17229,73920,13907,20_vs_56,12171.284882951113,1735.7151170488878,s22,round1_20C_d02_11.03.2026_F5_Sample65.csv
round1,20C,d02,11.03.2026,E11,Sample59,20,32,37173,291481,17229,269962,328654,20_vs_32,41199.066719477894,287454.93328051805,s20,round1_20C_d02_11.03.2026_E11_Sample59.csv
round1,20C,d02,11.03.2026,F11,Sample71,23,43,211718,78276,129371,2394,289994,23_vs_43,195070.39537565433,94923.6046243445,s24,round1_20C_d02_11.03.2026_F11_Sample71.csv
round1,20C,d02,11.03.2026,C4,Sample28,12,23,19163,103952,70375,129371,123115,12_vs_23,22864.60781384626,100250.3921861524,s10,round1_20C_d02_11.03.2026_C4_Sample28.csv
round1,20C,d02,11.03.2026,E7,Sample55,20,23,220075,1027908,17229,129371,1247983,20_vs_23,249489.5522485952,998493.447751405,s19,round1_20C_d02_11.03.2026_E7_Sample55.csv
round1,20C,d02,11.03.2026,E3,Sample51,16,43,65000,20501,76702,2394,85501,16_vs_43,65085.72555841097,20415.27444158968,s17,round1_20C_d02_11.03.2026_E3_Sample51.csv
round1,20C,d02,11.03.2026,B12,Sample24,12,16,11229,93220,70375,76702,104449,12_vs_16,16789.592245060598,87659.4077549413,s08,round1_20C_d02_11.03.2026_B12_Sample24.csv
round1,20C,d02,11.03.2026,A1,Sample1,06,12,37479,12096,47152,70375,49575,06_vs_12,32749.642732549768,16825.357267450232,s01,round1_20C_d02_11.03.2026_A1_Sample1.csv
round1,20C,d02,11.03.2026,B2,Sample14,06,32,39223,15656,47152,269962,54879,06_vs_32,39682.60730054238,15196.392699457623,s05,round1_20C_d02_11.03.2026_B2_Sample14.csv
round1,20C,d02,11.03.2026,F1,Sample61,20,43,16895,46730,17229,2394,63625,20_vs_43,18683.599392549087,44941.400607450785,s21,round1_20C_d02_11.03.2026_F1_Sample61.csv
round1,20C,d02,11.03.2026,C5,Sample29,12,23,16447,104684,70375,129371,121131,12_vs_23,20141.5439616192,100989.45603838086,s10,round1_20C_d02_11.03.2026_C5_Sample29.csv
round1,20C,d02,11.03.2026,E2,Sample50,16,43,97395,31939,76702,2394,129334,16_vs_43,97136.65059828246,32197.349401719497,s17,round1_20C_d02_11.03.2026_E2_Sample50.csv
round1,20C,d02,11.03.2026,C1,Sample25,12,20,103133,26808,70375,17229,129941,12_vs_20,97281.11488192578,32659.885118071878,s09,round1_20C_d02_11.03.2026_C1_Sample25.csv
round1,20C,d02,11.03.2026,F8,Sample68,23,32,93159,111418,129371,269962,204577,23_vs_32,98738.52032371185,105838.47967628838,s23,round1_20C_d02_11.03.2026_F8_Sample68.csv
round1,20C,d02,11.03.2026,F7,Sample67,23,32,119431,77097,129371,269962,196528,23_vs_32,113075.79546977842,83452.20453022275,s23,round1_20C_d02_11.03.2026_F7_Sample67.csv
round1,20C,d02,11.03.2026,B1,Sample13,06,32,36445,14707,47152,269962,51152,06_vs_32,37006.132446661504,14145.867553338492,s05,round1_20C_d02_11.03.2026_B1_Sample13.csv
round1,20C,d02,11.03.2026,A11,Sample11,06,23,20624,15357,47152,129371,35981,06_vs_23,21482.035155514455,14498.964844485396,s04,round1_20C_d02_11.03.2026_A11_Sample11.csv
round1,20C,d02,11.03.2026,A4,Sample4,06,16,25975,4451,47152,76702,30426,06_vs_16,24521.84885339678,5904.151146603112,s02,round1_20C_d02_11.03.2026_A4_Sample4.csv
round1,20C,d02,11.03.2026,C8,Sample32,12,32,8024,212950,70375,269962,220974,12_vs_32,14722.422452490626,206251.57754749816,s11,round1_20C_d02_11.03.2026_C8_Sample32.csv
round1,20C,d07,16.03.2026,E10,Sample58,20,32,10589,147140,12339,98522,157729,20_vs_32,14569.542029586133,143159.45797041466,s20,round1_20C_d07_16.03.2026_E10_Sample58.csv
round1,20C,d07,16.03.2026,B2,Sample14,06,32,11402,249,14234,98522,11651,06_vs_32,11385.786753549513,265.21324645048605,s05,round1_20C_d07_16.03.2026_B2_Sample14.csv
round1,20C,d07,16.03.2026,F11,Sample71,23,43,101793,24457,30513,500,126250,23_vs_43,93901.46973166607,32348.530268334845,s24,round1_20C_d07_16.03.2026_F11_Sample71.csv
round1,20C,d07,16.03.2026,F4,Sample64,20,56,10518,2035,12339,567,12553,20_vs_56,10121.216572992256,2431.783427007743,s22,round1_20C_d07_16.03.2026_F4_Sample64.csv
round1,20C,d07,16.03.2026,G4,Sample76,32,43,19999,9070,98522,500,29069,32_vs_43,18544.58272133361,10524.41727866639,s26,round1_20C_d07_16.03.2026_G4_Sample76.csv
round1,20C,d07,16.03.2026,B3,Sample15,06,32,9910,147,14234,98522,10057,06_vs_32,9874.93766961979,182.0623303802092,s05,round1_20C_d07_16.03.2026_B3_Sample15.csv
round1,20C,d07,16.03.2026,E11,Sample59,20,32,13033,202267,12339,98522,215300,20_vs_32,18876.092702245962,196423.90729775422,s20,round1_20C_d07_16.03.2026_E11_Sample59.csv
round1,20C,d07,16.03.2026,E8,Sample56,20,23,4264,42882,12339,30513,47146,20_vs_23,5033.610836535992,42112.389163464,s19,round1_20C_d07_16.03.2026_E8_Sample56.csv
round1,20C,d07,16.03.2026,G3,Sample75,23,56,27225,3225,30513,567,30450,23_vs_56,24403.023346007387,6046.9766539926295,s25,round1_20C_d07_16.03.2026_G3_Sample75.csv
round1,20C,d07,16.03.2026,G12,Sample84,43,56,31559,37097,500,567,68656,43_vs_56,33238.15908459917,35417.840915401015,s28,round1_20C_d07_16.03.2026_G12_Sample84.csv
round1,20C,d07,16.03.2026,D9,Sample45,16,23,78616,29469,110613,30513,108085,16_vs_23,76421.02092953723,31663.979070463192,s15,round1_20C_d07_16.03.2026_D9_Sample45.csv
round1,20C,d07,16.03.2026,D2,Sample38,12,56,54839,4933,44761,567,59772,12_vs_56,52489.50138325448,7282.498616745519,s13,round1_20C_d07_16.03.2026_D2_Sample38.csv
round1,20C,d07,16.03.2026,B6,Sample18,06,43,8900,505,14234,500,9405,06_vs_43,8882.946998919695,522.053001080304,s06,round1_20C_d07_16.03.2026_B6_Sample18.csv
round1,20C,d07,16.03.2026,E9,Sample57,20,23,2013,26215,12339,30513,28228,20_vs_23,2536.3772696734272,25691.622730326573,s19,round1_20C_d07_16.03.2026_E9_Sample57.csv
round1,20C,d07,16.03.2026,G2,Sample74,23,56,3673,943,30513,567,4616,23_vs_56,3417.8845075918734,1198.1154924081234,s25,round1_20C_d07_16.03.2026_G2_Sample74.csv
round1,20C,d07,16.03.2026,F6,Sample66,20,56,6379,1212,12339,567,7591,20_vs_56,6109.437530366389,1481.5624696336117,s22,round1_20C_d07_16.03.2026_F6_Sample66.csv
round1,20C,d07,16.03.2026,E7,Sample55,20,23,48,102,12339,30513,150,20_vs_23,52.33719457438901,97.662805425611,s19,round1_20C_d07_16.03.2026_E7_Sample55.csv
round1,20C,d07,16.03.2026,D11,Sample47,16,32,89150,9007,110613,98522,98157,16_vs_32,87829.62655894786,10327.373441052365,s16,round1_20C_d07_16.03.2026_D11_Sample47.csv
round1,20C,d07,16.03.2026,A6,Sample6,06,20,4989,131,14234,12339,5120,06_vs_20,4887.280573455585,232.71942654442321,s03,round1_20C_d07_16.03.2026_A6_Sample6.csv
round1,20C,d07,16.03.2026,F3,Sample63,20,43,141532,70330,12339,500,211862,20_vs_43,127159.40760436856,84702.5923956326,s21,round1_20C_d07_16.03.2026_F3_Sample63.csv
round1,20C,d07,16.03.2026,G9,Sample81,32,56,5888,445,98522,567,6333,32_vs_56,5599.635309537492,733.3646904625084,s27,round1_20C_d07_16.03.2026_G9_Sample81.csv
round1,20C,d07,16.03.2026,E4,Sample52,16,56,74295,13650,110613,567,87945,16_vs_56,70702.31538700507,17242.68461299491,s18,round1_20C_d07_16.03.2026_E4_Sample52.csv
round1,20C,d07,16.03.2026,F12,Sample72,23,43,89342,22794,30513,500,112136,23_vs_43,82107.43979699192,30028.560203008303,s24,round1_20C_d07_16.03.2026_F12_Sample72.csv
round1,20C,d07,16.03.2026,C11,Sample35,12,43,17069,7380,44761,500,24449,12_vs_43,16032.170988938358,8416.829011061547,s12,round1_20C_d07_16.03.2026_C11_Sample35.csv
round1,20C,d07,16.03.2026,G1,Sample73,23,56,57361,12268,30513,567,69629,23_vs_56,52130.40241052452,17498.597589475732,s25,round1_20C_d07_16.03.2026_G1_Sample73.csv
round1,20C,d07,16.03.2026,F8,Sample68,23,32,85839,82319,30513,98522,168158,23_vs_32,85992.28647665122,82165.71352334903,s23,round1_20C_d07_16.03.2026_F8_Sample68.csv
round1,20C,d07,16.03.2026,E2,Sample50,16,43,60971,15879,110613,500,76850,16_vs_43,55732.085092892856,21117.914907107635,s17,round1_20C_d07_16.03.2026_E2_Sample50.csv
round1,20C,d07,16.03.2026,D10,Sample46,16,32,6071,1419,110613,98522,7490,16_vs_32,5914.552071837968,1575.4479281620493,s16,round1_20C_d07_16.03.2026_D10_Sample46.csv
round1,20C,d07,16.03.2026,B10,Sample22,12,16,17293,74613,44761,110613,91906,12_vs_16,26694.685373901906,65211.31462609696,s08,round1_20C_d07_16.03.2026_B10_Sample22.csv
round1,20C,d07,16.03.2026,A9,Sample9,06,20,8857,204,14234,12339,9061,06_vs_20,8700.250145913977,360.7498540860191,s03,round1_20C_d07_16.03.2026_A9_Sample9.csv
round1,20C,d07,16.03.2026,E6,Sample54,16,56,61796,4276,110613,567,66072,16_vs_56,59139.539423471826,6932.46057652817,s18,round1_20C_d07_16.03.2026_E6_Sample54.csv
round1,20C,d07,16.03.2026,D3,Sample39,12,56,72138,5853,44761,567,77991,12_vs_56,68906.8408209211,9084.159179078893,s13,round1_20C_d07_16.03.2026_D3_Sample39.csv
round1,20C,d07,16.03.2026,C12,Sample36,12,43,24363,9151,44761,500,33514,12_vs_43,22626.613005216477,10887.386994783548,s12,round1_20C_d07_16.03.2026_C12_Sample36.csv
round1,20C,d07,16.03.2026,D6,Sample42,16,20,81863,12796,110613,12339,94659,16_vs_20,76526.65074925643,18132.34925074302,s14,round1_20C_d07_16.03.2026_D6_Sample42.csv
round1,20C,d07,16.03.2026,A3,Sample3,06,12,5385,512,14234,44761,5897,06_vs_12,4913.498204691683,983.5017953083167,s01,round1_20C_d07_16.03.2026_A3_Sample3.csv
round1,20C,d07,16.03.2026,C6,Sample30,12,23,2817,14648,44761,30513,17465,12_vs_23,3590.315144082023,13874.684855918027,s10,round1_20C_d07_16.03.2026_C6_Sample30.csv
round1,20C,d07,16.03.2026,G10,Sample82,43,56,30297,40462,500,567,70759,43_vs_56,32141.829443448936,38617.17055655139,s28,round1_20C_d07_16.03.2026_G10_Sample82.csv
round1,20C,d07,16.03.2026,B7,Sample19,06,56,102,81,14234,567,183,06_vs_56,117.02255397235962,65.97744602764038,s07,round1_20C_d07_16.03.2026_B7_Sample19.csv
round1,20C,d07,16.03.2026,B9,Sample21,06,56,10712,421,14234,567,11133,06_vs_56,10579.950926072672,553.0490739273279,s07,round1_20C_d07_16.03.2026_B9_Sample21.csv
round1,20C,d07,16.03.2026,C2,Sample26,12,20,24914,4526,44761,12339,29440,12_vs_20,23425.53051827655,6014.46948172351,s09,round1_20C_d07_16.03.2026_C2_Sample26.csv
round1,20C,d07,16.03.2026,B1,Sample13,06,32,11021,87,14234,98522,11108,06_vs_32,11000.690246060794,107.30975393920386,s05,round1_20C_d07_16.03.2026_B1_Sample13.csv
round1,20C,d07,16.03.2026,A11,Sample11,06,23,4683,1949,14234,30513,6632,06_vs_23,4699.046286020604,1932.9537139793972,s04,round1_20C_d07_16.03.2026_A11_Sample11.csv
round1,20C,d07,16.03.2026,C5,Sample29,12,23,1797,11842,44761,30513,13639,12_vs_23,2620.156766027682,11018.843233972366,s10,round1_20C_d07_16.03.2026_C5_Sample29.csv
round1,20C,d07,16.03.2026,A1,Sample1,06,12,10343,803,14234,44761,11146,06_vs_12,9539.521252789284,1606.478747210716,s01,round1_20C_d07_16.03.2026_A1_Sample1.csv
round1,20C,d07,16.03.2026,A10,Sample10,06,23,4713,1798,14234,30513,6511,06_vs_23,4723.030657334723,1787.9693426653023,s04,round1_20C_d07_16.03.2026_A10_Sample10.csv
round1,20C,d07,16.03.2026,F1,Sample61,20,43,62464,32587,12339,500,95051,20_vs_43,55764.80958163572,39286.19041836464,s21,round1_20C_d07_16.03.2026_F1_Sample61.csv
round1,20C,d07,16.03.2026,G7,Sample79,32,56,420,71,98522,567,491,32_vs_56,392.28813407952197,98.71186592047803,s27,round1_20C_d07_16.03.2026_G7_Sample79.csv
round1,20C,d07,16.03.2026,C4,Sample28,12,23,46492,268349,44761,30513,314841,12_vs_23,66012.905827469,248828.09417253014,s10,round1_20C_d07_16.03.2026_C4_Sample28.csv
round1,20C,d07,16.03.2026,C8,Sample32,12,32,17731,113436,44761,98522,131167,12_vs_32,26171.01170716235,104995.9882928499,s11,round1_20C_d07_16.03.2026_C8_Sample32.csv
round1,20C,d07,16.03.2026,G5,Sample77,32,43,8297,1213,98522,500,9510,32_vs_43,7819.249757749007,1690.7502422509908,s26,round1_20C_d07_16.03.2026_G5_Sample77.csv
round1,20C,d07,16.03.2026,C3,Sample27,12,20,13325,2372,44761,12339,15697,12_vs_20,12783.541281863167,2913.4587181368383,s09,round1_20C_d07_16.03.2026_C3_Sample27.csv
round1,20C,d07,16.03.2026,G8,Sample80,32,56,4629,406,98522,567,5035,32_vs_56,4357.82708228523,677.17291771477,s27,round1_20C_d07_16.03.2026_G8_Sample80.csv
round1,20C,d07,16.03.2026,E12,Sample60,20,32,10167,142923,12339,98522,153090,20_vs_32,13965.942609670517,139124.0573903302,s20,round1_20C_d07_16.03.2026_E12_Sample60.csv
round1,20C,d07,16.03.2026,D8,Sample44,16,23,55462,26193,110613,30513,81655,16_vs_23,53477.905455869695,28177.094544129544,s15,round1_20C_d07_16.03.2026_D8_Sample44.csv
round1,20C,d07,16.03.2026,C9,Sample33,12,32,474,3612,44761,98522,4086,12_vs_32,741.3621098913571,3344.637890108644,s11,round1_20C_d07_16.03.2026_C9_Sample33.csv
round1,20C,d07,16.03.2026,B5,Sample17,06,43,10108,327,14234,500,10435,06_vs_43,10069.342051304335,365.6579486956645,s06,round1_20C_d07_16.03.2026_B5_Sample17.csv
round1,20C,d07,16.03.2026,F10,Sample70,23,43,20303,5900,30513,500,26203,23_vs_43,18716.990168135362,7486.009831864733,s24,round1_20C_d07_16.03.2026_F10_Sample70.csv
round1,20C,d07,16.03.2026,C10,Sample34,12,43,17888,7578,44761,500,25466,12_vs_43,16720.137771300197,8745.862228699767,s12,round1_20C_d07_16.03.2026_C10_Sample34.csv
round1,20C,d07,16.03.2026,C1,Sample25,12,20,17218,3450,44761,12339,20668,12_vs_20,16631.450691324382,4036.5493086755987,s09,round1_20C_d07_16.03.2026_C1_Sample25.csv
round1,20C,d07,16.03.2026,A5,Sample5,06,16,10860,229,14234,110613,11089,06_vs_16,10697.062191798623,391.937808201331,s02,round1_20C_d07_16.03.2026_A5_Sample5.csv
round1,20C,d07,16.03.2026,D7,Sample43,16,23,130,104,110613,30513,234,16_vs_23,128.38108407813385,105.61891592186625,s15,round1_20C_d07_16.03.2026_D7_Sample43.csv
round1,20C,d07,16.03.2026,B4,Sample16,06,43,8524,377,14234,500,8901,06_vs_43,8485.82417358376,415.17582641624017,s06,round1_20C_d07_16.03.2026_B4_Sample16.csv
round1,20C,d07,16.03.2026,A12,Sample12,06,23,9741,439,14234,30513,10180,06_vs_23,9681.923587864561,498.07641213545173,s04,round1_20C_d07_16.03.2026_A12_Sample12.csv
round1,20C,d07,16.03.2026,D1,Sample37,12,56,54503,4052,44761,567,58555,12_vs_56,51851.24001270381,6703.7599872961855,s13,round1_20C_d07_16.03.2026_D1_Sample37.csv
round1,20C,d07,16.03.2026,F9,Sample69,23,32,140121,117659,30513,98522,257780,23_vs_32,137822.11109732185,119957.88890267732,s23,round1_20C_d07_16.03.2026_F9_Sample69.csv
round1,20C,d07,16.03.2026,B11,Sample23,12,16,14251,76527,44761,110613,90778,12_vs_16,23844.193834290392,66933.80616570964,s08,round1_20C_d07_16.03.2026_B11_Sample23.csv
round1,20C,d07,16.03.2026,A8,Sample8,06,20,7429,148,14234,12339,7577,06_vs_20,7278.272298911294,298.727701088697,s03,round1_20C_d07_16.03.2026_A8_Sample8.csv
round1,20C,d07,16.03.2026,B12,Sample24,12,16,47715,56571,44761,110613,104286,12_vs_16,50009.96409006745,54276.035909932434,s08,round1_20C_d07_16.03.2026_B12_Sample24.csv
round1,20C,d07,16.03.2026,E5,Sample53,16,56,76088,12472,110613,567,88560,16_vs_56,72682.8349696089,15877.165030391101,s18,round1_20C_d07_16.03.2026_E5_Sample53.csv
round1,20C,d07,16.03.2026,F7,Sample67,23,32,93,268,30513,98522,361,23_vs_32,106.22705038055771,254.77294961944222,s23,round1_20C_d07_16.03.2026_F7_Sample67.csv
round1,20C,d07,16.03.2026,C7,Sample31,12,32,113,219,44761,98522,332,12_vs_32,128.67667404474494,203.32332595525514,s11,round1_20C_d07_16.03.2026_C7_Sample31.csv
round1,20C,d07,16.03.2026,G11,Sample83,43,56,31308,44758,500,567,76066,43_vs_56,33591.84237160584,42474.157628394176,s28,round1_20C_d07_16.03.2026_G11_Sample83.csv
round1,20C,d07,16.03.2026,A2,Sample2,06,12,6970,740,14234,44761,7710,06_vs_12,6400.329327378329,1309.6706726216712,s01,round1_20C_d07_16.03.2026_A2_Sample2.csv
round1,20C,d07,16.03.2026,F2,Sample62,20,43,90045,47172,12339,500,137217,20_vs_43,81445.07570769185,55771.92429230675,s21,round1_20C_d07_16.03.2026_F2_Sample62.csv
round1,20C,d07,16.03.2026,A4,Sample4,06,16,6146,163,14234,110613,6309,06_vs_16,6044.68164413411,264.31835586589375,s02,round1_20C_d07_16.03.2026_A4_Sample4.csv
round1,20C,d07,16.03.2026,E1,Sample49,16,43,2812,5188,110613,500,8000,16_vs_43,3202.082558334611,4797.917441665399,s17,round1_20C_d07_16.03.2026_E1_Sample49.csv
round1,20C,d07,16.03.2026,G6,Sample78,32,43,46081,21578,98522,500,67659,32_vs_43,43931.7443245988,23727.255675401724,s26,round1_20C_d07_16.03.2026_G6_Sample78.csv
round1,20C,d07,16.03.2026,D12,Sample48,16,32,89426,8148,110613,98522,97574,16_vs_32,88504.58332450748,9069.416675491055,s16,round1_20C_d07_16.03.2026_D12_Sample48.csv
round1,20C,d07,16.03.2026,E3,Sample51,16,43,71874,18013,110613,500,89887,16_vs_43,65567.56021881381,24319.439781187,s17,round1_20C_d07_16.03.2026_E3_Sample51.csv
round1,20C,d07,16.03.2026,D5,Sample41,16,20,75792,19311,110613,12339,95103,16_vs_20,67741.84043153538,27361.15956846439,s14,round1_20C_d07_16.03.2026_D5_Sample41.csv
round1,20C,d07,16.03.2026,D4,Sample40,16,20,94714,22078,110613,12339,116792,16_vs_20,88853.4698522827,27938.530147716952,s14,round1_20C_d07_16.03.2026_D4_Sample40.csv
round1,20C,d07,16.03.2026,F5,Sample65,20,56,9835,1703,12339,567,11538,20_vs_56,9380.608132061368,2157.391867938632,s22,round1_20C_d07_16.03.2026_F5_Sample65.csv
round1,20C,d07,16.03.2026,B8,Sample20,06,56,9750,422,14234,567,10172,06_vs_56,9659.243208756589,512.7567912434118,s07,round1_20C_d07_16.03.2026_B8_Sample20.csv
round1,20C,d03,12.03.2026,C5,Sample29,12,23,2315,27391,41910,48575,29706,12_vs_23,2940.8461173111687,26765.153882688915,s10,round1_20C_d03_12.03.2026_C5_Sample29.csv
round1,20C,d03,12.03.2026,B3,Sample15,06,32,5547,106,5829,148475,5653,06_vs_32,5529.7218255155485,123.2781744844517,s05,round1_20C_d03_12.03.2026_B3_Sample15.csv
round1,20C,d03,12.03.2026,F11,Sample71,23,43,20620,18580,48575,67785,39200,23_vs_43,20155.28645332019,19044.713546679817,s24,round1_20C_d03_12.03.2026_F11_Sample71.csv
round1,20C,d03,12.03.2026,G6,Sample78,32,43,112067,33158,148475,67785,145225,32_vs_43,108390.74819060453,36834.25180939617,s26,round1_20C_d03_12.03.2026_G6_Sample78.csv
round1,20C,d03,12.03.2026,D10,Sample46,16,32,70563,18470,67120,148475,89033,16_vs_32,69895.99191992822,19137.008080072123,s16,round1_20C_d03_12.03.2026_D10_Sample46.csv
round1,20C,d03,12.03.2026,E7,Sample55,20,23,229378,996063,10958,48575,1225441,20_vs_23,261573.71296338632,963867.2870366137,s19,round1_20C_d03_12.03.2026_E7_Sample55.csv
round1,20C,d03,12.03.2026,D12,Sample48,16,32,76447,19763,67120,148475,96210,16_vs_32,75631.90529300478,20578.094706995336,s16,round1_20C_d03_12.03.2026_D12_Sample48.csv
round1,20C,d03,12.03.2026,F5,Sample65,20,56,5832,2202,10958,1230,8034,20_vs_56,5649.06408149498,2384.93591850502,s22,round1_20C_d03_12.03.2026_F5_Sample65.csv
round1,20C,d03,12.03.2026,D11,Sample47,16,32,46577,13096,67120,148475,59673,16_vs_32,46124.410598336435,13548.589401663552,s16,round1_20C_d03_12.03.2026_D11_Sample47.csv
round1,20C,d03,12.03.2026,E11,Sample59,20,32,10563,136519,10958,148475,147082,20_vs_32,12033.189186589774,135048.81081341056,s20,round1_20C_d03_12.03.2026_E11_Sample59.csv
round1,20C,d03,12.03.2026,C9,Sample33,12,32,4786,121672,41910,148475,126458,12_vs_32,9582.318726531646,116875.68127346862,s11,round1_20C_d03_12.03.2026_C9_Sample33.csv
round1,20C,d03,12.03.2026,E10,Sample58,20,32,18191,191595,10958,148475,209786,20_vs_32,20745.74134529951,189040.25865470112,s20,round1_20C_d03_12.03.2026_E10_Sample58.csv
round1,20C,d03,12.03.2026,D8,Sample44,16,23,60666,39176,67120,48575,99842,16_vs_23,59307.40827511114,40534.59172488895,s15,round1_20C_d03_12.03.2026_D8_Sample44.csv
round1,20C,d03,12.03.2026,E8,Sample56,20,23,12822,144669,10958,48575,157491,20_vs_23,14575.105523195714,142915.8944768043,s19,round1_20C_d03_12.03.2026_E8_Sample56.csv
round1,20C,d03,12.03.2026,D5,Sample41,16,20,63340,6735,67120,10958,70075,16_vs_20,59147.66946223202,10927.330537767952,s14,round1_20C_d03_12.03.2026_D5_Sample41.csv
round1,20C,d03,12.03.2026,B1,Sample13,06,32,5759,331,5829,148475,6090,06_vs_32,5759.944766502537,330.0552334974627,s05,round1_20C_d03_12.03.2026_B1_Sample13.csv
round1,20C,d03,12.03.2026,G12,Sample84,43,56,41568,10215,67785,1230,51783,43_vs_56,39589.15927377098,12193.840726229242,s28,round1_20C_d03_12.03.2026_G12_Sample84.csv
round1,20C,d03,12.03.2026,G10,Sample82,43,56,28189,11112,67785,1230,39301,43_vs_56,26910.363983140353,12390.636016859828,s28,round1_20C_d03_12.03.2026_G10_Sample82.csv
round1,20C,d03,12.03.2026,F2,Sample62,20,43,18074,34262,10958,67785,52336,20_vs_43,19443.861378146255,32892.13862185369,s21,round1_20C_d03_12.03.2026_F2_Sample62.csv
round1,20C,d03,12.03.2026,D6,Sample42,16,20,76385,9117,67120,10958,85502,16_vs_20,71099.90502441708,14402.094975583423,s14,round1_20C_d03_12.03.2026_D6_Sample42.csv
round1,20C,d03,12.03.2026,F10,Sample70,23,43,27113,25135,48575,67785,52248,23_vs_43,26514.48504307904,25733.514956920986,s24,round1_20C_d03_12.03.2026_F10_Sample70.csv
round1,20C,d03,12.03.2026,B11,Sample23,12,16,6204,45181,41910,67120,51385,12_vs_16,9548.181475592868,41836.818524407136,s08,round1_20C_d03_12.03.2026_B11_Sample23.csv
round1,20C,d03,12.03.2026,A11,Sample11,06,23,2409,12083,5829,48575,14492,06_vs_23,3201.0240593050908,11290.975940694909,s04,round1_20C_d03_12.03.2026_A11_Sample11.csv
round1,20C,d03,12.03.2026,B2,Sample14,06,32,7267,194,5829,148475,7461,06_vs_32,7255.623059481621,205.37694051837912,s05,round1_20C_d03_12.03.2026_B2_Sample14.csv
round1,20C,d03,12.03.2026,E5,Sample53,16,56,36704,3739,67120,1230,40443,16_vs_56,35652.07501832578,4790.924981674224,s18,round1_20C_d03_12.03.2026_E5_Sample53.csv
round1,20C,d03,12.03.2026,D7,Sample43,16,23,35036,31191,67120,48575,66227,16_vs_23,34363.51266855266,31863.487331447006,s15,round1_20C_d03_12.03.2026_D7_Sample43.csv
round1,20C,d03,12.03.2026,C7,Sample31,12,32,2394,106697,41910,148475,109091,12_vs_32,7380.897808465156,101710.1021915352,s11,round1_20C_d03_12.03.2026_C7_Sample31.csv
round1,20C,d03,12.03.2026,G3,Sample75,23,56,54062,3896,48575,1230,57958,23_vs_56,47893.687125885226,10064.312874114865,s25,round1_20C_d03_12.03.2026_G3_Sample75.csv
round1,20C,d03,12.03.2026,E9,Sample57,20,23,7226,97789,10958,48575,105015,20_vs_23,8177.692944092208,96837.30705590779,s19,round1_20C_d03_12.03.2026_E9_Sample57.csv
round1,20C,d03,12.03.2026,F7,Sample67,23,32,57212,33436,48575,148475,90648,23_vs_32,53156.07233915556,37491.92766084479,s23,round1_20C_d03_12.03.2026_F7_Sample67.csv
round1,20C,d03,12.03.2026,E3,Sample51,16,43,59147,14857,67120,67785,74004,16_vs_43,58468.90270717463,15535.097292825729,s17,round1_20C_d03_12.03.2026_E3_Sample51.csv
round1,20C,d03,12.03.2026,B6,Sample18,06,43,3370,728,5829,67785,4098,06_vs_43,3349.0151342330264,748.9848657669734,s06,round1_20C_d03_12.03.2026_B6_Sample18.csv
round1,20C,d03,12.03.2026,B12,Sample24,12,16,8387,75799,41910,67120,84186,12_vs_16,14331.10442211836,69854.89557788287,s08,round1_20C_d03_12.03.2026_B12_Sample24.csv
round1,20C,d03,12.03.2026,D2,Sample38,12,56,54532,3268,41910,1230,57800,12_vs_56,52580.88615500265,5219.113844997357,s13,round1_20C_d03_12.03.2026_D2_Sample38.csv
round1,20C,d03,12.03.2026,C11,Sample35,12,43,18461,22982,41910,67785,41443,12_vs_43,19241.55743382355,22201.44256617651,s12,round1_20C_d03_12.03.2026_C11_Sample35.csv
round1,20C,d03,12.03.2026,G7,Sample79,32,56,191487,7559,148475,1230,199046,32_vs_56,174559.53608458652,24486.463915413464,s27,round1_20C_d03_12.03.2026_G7_Sample79.csv
round1,20C,d03,12.03.2026,A7,Sample7,06,20,4241,1559,5829,10958,5800,06_vs_20,4234.943388724334,1565.056611275674,s03,round1_20C_d03_12.03.2026_A7_Sample7.csv
round1,20C,d03,12.03.2026,E2,Sample50,16,43,85440,17280,67120,67785,102720,16_vs_43,84279.56667127757,18440.433328724077,s17,round1_20C_d03_12.03.2026_E2_Sample50.csv
round1,20C,d03,12.03.2026,D4,Sample40,16,20,138642,12279,67120,10958,150921,16_vs_20,128990.44253186753,21930.557468131923,s14,round1_20C_d03_12.03.2026_D4_Sample40.csv
round1,20C,d03,12.03.2026,A5,Sample5,06,16,2102,251,5829,67120,2353,06_vs_16,2067.9293339277974,285.0706660722014,s02,round1_20C_d03_12.03.2026_A5_Sample5.csv
round1,20C,d03,12.03.2026,F4,Sample64,20,56,8591,2335,10958,1230,10926,20_vs_56,8231.156229701619,2694.843770298382,s22,round1_20C_d03_12.03.2026_F4_Sample64.csv
round1,20C,d03,12.03.2026,A8,Sample8,06,20,5524,1941,5829,10958,7465,06_vs_20,5510.810442293128,1954.1895577068792,s03,round1_20C_d03_12.03.2026_A8_Sample8.csv
round1,20C,d03,12.03.2026,B9,Sample21,06,56,4736,842,5829,1230,5578,06_vs_56,4597.440269149356,980.5597308506435,s07,round1_20C_d03_12.03.2026_B9_Sample21.csv
round1,20C,d03,12.03.2026,D3,Sample39,12,56,44555,2229,41910,1230,46784,12_vs_56,42574.23537320387,4209.764626796133,s13,round1_20C_d03_12.03.2026_D3_Sample39.csv
round1,20C,d03,12.03.2026,B10,Sample22,12,16,9177,59347,41910,67120,68524,12_vs_16,12654.20990061211,55869.79009938795,s08,round1_20C_d03_12.03.2026_B10_Sample22.csv
round1,20C,d03,12.03.2026,G11,Sample83,43,56,19257,6536,67785,1230,25793,43_vs_56,18308.204650356343,7484.79534964351,s28,round1_20C_d03_12.03.2026_G11_Sample83.csv
round1,20C,d03,12.03.2026,C12,Sample36,12,43,25956,31459,41910,67785,57415,12_vs_43,26972.522027661635,30442.4779723383,s12,round1_20C_d03_12.03.2026_C12_Sample36.csv
round1,20C,d03,12.03.2026,F1,Sample61,20,43,11403,29335,10958,67785,40738,20_vs_43,13235.650123297464,27502.349876702418,s21,round1_20C_d03_12.03.2026_F1_Sample61.csv
round1,20C,d03,12.03.2026,F6,Sample66,20,56,6146,2342,10958,1230,8488,20_vs_56,5943.582294286196,2544.417705713804,s22,round1_20C_d03_12.03.2026_F6_Sample66.csv
round1,20C,d03,12.03.2026,A1,Sample1,06,12,4471,947,5829,41910,5418,06_vs_12,4182.477662458717,1235.5223375412832,s01,round1_20C_d03_12.03.2026_A1_Sample1.csv
round1,20C,d03,12.03.2026,G8,Sample80,32,56,204187,5594,148475,1230,209781,32_vs_56,188966.8771156688,20814.122884331202,s27,round1_20C_d03_12.03.2026_G8_Sample80.csv
round1,20C,d03,12.03.2026,C6,Sample30,12,23,3207,34154,41910,48575,37361,12_vs_23,3976.4782635828283,33384.52173641719,s10,round1_20C_d03_12.03.2026_C6_Sample30.csv
round1,20C,d03,12.03.2026,A2,Sample2,06,12,3627,773,5829,41910,4400,06_vs_12,3368.599241962539,1031.400758037461,s01,round1_20C_d03_12.03.2026_A2_Sample2.csv
round1,20C,d03,12.03.2026,A6,Sample6,06,20,2995,1153,5829,10958,4148,06_vs_20,3004.1883296929445,1143.8116703070493,s03,round1_20C_d03_12.03.2026_A6_Sample6.csv
round1,20C,d03,12.03.2026,B4,Sample16,06,43,4998,1027,5829,67785,6025,06_vs_43,4947.096009054952,1077.903990945047,s06,round1_20C_d03_12.03.2026_B4_Sample16.csv
round1,20C,d03,12.03.2026,A9,Sample9,06,20,3385,1328,5829,10958,4713,06_vs_20,3386.976572432487,1326.0234275675084,s03,round1_20C_d03_12.03.2026_A9_Sample9.csv
round1,20C,d03,12.03.2026,G5,Sample77,32,43,106680,33702,148475,67785,140382,32_vs_43,103017.18361296711,37364.816387032624,s26,round1_20C_d03_12.03.2026_G5_Sample77.csv
round1,20C,d03,12.03.2026,G4,Sample76,32,43,106573,42006,148475,67785,148579,32_vs_43,101328.45820210854,47250.54179788933,s26,round1_20C_d03_12.03.2026_G4_Sample76.csv
round1,20C,d03,12.03.2026,A4,Sample4,06,16,3592,414,5829,67120,4006,06_vs_16,3518.831537090722,487.1684629092797,s02,round1_20C_d03_12.03.2026_A4_Sample4.csv
round1,20C,d03,12.03.2026,E6,Sample54,16,56,58033,5089,67120,1230,63122,16_vs_56,56487.766203221734,6634.233796778268,s18,round1_20C_d03_12.03.2026_E6_Sample54.csv
round1,20C,d03,12.03.2026,G1,Sample73,23,56,545,134,48575,1230,679,23_vs_56,483.76969249977884,195.2303075002211,s25,round1_20C_d03_12.03.2026_G1_Sample73.csv
round1,20C,d03,12.03.2026,C1,Sample25,12,20,39361,10273,41910,10958,49634,12_vs_20,36999.634714050844,12634.365285948796,s09,round1_20C_d03_12.03.2026_C1_Sample25.csv
round1,20C,d03,12.03.2026,G9,Sample81,32,56,127983,10401,148475,1230,138384,32_vs_56,117466.49546728608,20917.504532713923,s27,round1_20C_d03_12.03.2026_G9_Sample81.csv
round1,20C,d03,12.03.2026,A12,Sample12,06,23,34715,67051,5829,48575,101766,06_vs_23,36590.96046644189,65175.03953355738,s04,round1_20C_d03_12.03.2026_A12_Sample12.csv
round1,20C,d03,12.03.2026,C4,Sample28,12,23,4476,45447,41910,48575,49923,12_vs_23,5495.158987482138,44427.84101251789,s10,round1_20C_d03_12.03.2026_C4_Sample28.csv
round1,20C,d03,12.03.2026,A3,Sample3,06,12,2980,653,5829,41910,3633,06_vs_12,2796.19656734168,836.8034326583202,s01,round1_20C_d03_12.03.2026_A3_Sample3.csv
round1,20C,d03,12.03.2026,F9,Sample69,23,32,56920,35469,48575,148475,92389,23_vs_32,53370.11217889614,39018.88782110405,s23,round1_20C_d03_12.03.2026_F9_Sample69.csv
round1,20C,d03,12.03.2026,F3,Sample63,20,43,13754,27227,10958,67785,40981,20_vs_43,14851.191102933832,26129.808897066203,s21,round1_20C_d03_12.03.2026_F3_Sample63.csv
round1,20C,d03,12.03.2026,G2,Sample74,23,56,61447,4346,48575,1230,65793,23_vs_56,54386.16512039492,11406.834879605336,s25,round1_20C_d03_12.03.2026_G2_Sample74.csv
round1,20C,d03,12.03.2026,E4,Sample52,16,56,78224,4283,67120,1230,82507,16_vs_56,76260.30569465515,6246.69430534485,s18,round1_20C_d03_12.03.2026_E4_Sample52.csv
round1,20C,d03,12.03.2026,C8,Sample32,12,32,3545,132224,41910,148475,135769,12_vs_32,8955.948672369572,126813.05132763076,s11,round1_20C_d03_12.03.2026_C8_Sample32.csv
round1,20C,d03,12.03.2026,D1,Sample37,12,56,39733,2400,41910,1230,42133,12_vs_56,38106.19981489763,4026.800185102373,s13,round1_20C_d03_12.03.2026_D1_Sample37.csv
round1,20C,d03,12.03.2026,B8,Sample20,06,56,6132,1551,5829,1230,7683,06_vs_56,6046.62201904969,1636.3779809503103,s07,round1_20C_d03_12.03.2026_B8_Sample20.csv
round1,20C,d03,12.03.2026,E1,Sample49,16,43,55353,11456,67120,67785,66809,16_vs_43,54493.85009048515,12315.149909515829,s17,round1_20C_d03_12.03.2026_E1_Sample49.csv
round1,20C,d03,12.03.2026,D9,Sample45,16,23,49818,36987,67120,48575,86805,16_vs_23,48729.87686891721,38075.12313108349,s15,round1_20C_d03_12.03.2026_D9_Sample45.csv
round1,20C,d03,12.03.2026,F12,Sample72,23,43,44013,41891,48575,67785,85904,23_vs_43,43049.497267443236,42854.5027325568,s24,round1_20C_d03_12.03.2026_F12_Sample72.csv
round1,20C,d03,12.03.2026,C10,Sample34,12,43,23114,30043,41910,67785,53157,12_vs_43,24422.716620964315,28734.28337903556,s12,round1_20C_d03_12.03.2026_C10_Sample34.csv
round1,20C,d03,12.03.2026,F8,Sample68,23,32,90279,55261,48575,148475,145540,23_vs_32,84724.00507047496,60815.99492952465,s23,round1_20C_d03_12.03.2026_F8_Sample68.csv
round1,20C,d03,12.03.2026,C2,Sample26,12,20,56093,15733,41910,10958,71826,12_vs_20,52766.82751910062,19059.17248089912,s09,round1_20C_d03_12.03.2026_C2_Sample26.csv
round1,20C,d03,12.03.2026,B7,Sample19,06,56,4760,1142,5829,1230,5902,06_vs_56,4667.320419946429,1234.6795800535708,s07,round1_20C_d03_12.03.2026_B7_Sample19.csv
round1,20C,d03,12.03.2026,A10,Sample10,06,23,2465,12316,5829,48575,14781,06_vs_23,3475.670582919241,11305.329417080713,s04,round1_20C_d03_12.03.2026_A10_Sample10.csv
round1,20C,d03,12.03.2026,C3,Sample27,12,20,46741,13981,41910,10958,60722,12_vs_20,43632.06935584012,17089.93064415974,s09,round1_20C_d03_12.03.2026_C3_Sample27.csv
round1,20C,d03,12.03.2026,B5,Sample17,06,43,3216,664,5829,67785,3880,06_vs_43,3181.936105731995,698.0638942680048,s06,round1_20C_d03_12.03.2026_B5_Sample17.csv
round1,20C,d03,12.03.2026,E12,Sample60,20,32,13735,156096,10958,148475,169831,20_vs_32,15879.294374985902,153951.70562501467,s20,round1_20C_d03_12.03.2026_E12_Sample60.csv
round1,10C,d02,11.03.2026,A2,Sample2,06,12,1343,992,1459,1225,2335,06_vs_12,1255.5954149265667,1079.4045850734333,s01,round1_10C_d02_11.03.2026_A2_Sample2.csv
round1,10C,d02,11.03.2026,F12,Sample72,23,43,236,3446,1465,8533,3682,23_vs_43,258.06423582460263,3423.9357641753936,s24,round1_10C_d02_11.03.2026_F12_Sample72.csv
round1,10C,d02,11.03.2026,C9,Sample33,12,32,457,75,1225,640,532,12_vs_32,452.9219686897506,79.0780313102497,s11,round1_10C_d02_11.03.2026_C9_Sample33.csv
round1,10C,d02,11.03.2026,C7,Sample31,12,32,1752,160,1225,640,1912,12_vs_32,1731.369222229213,180.6307777707865,s11,round1_10C_d02_11.03.2026_C7_Sample31.csv
round1,10C,d02,11.03.2026,A10,Sample10,06,23,1416,303,1459,1465,1719,06_vs_23,1428.537323607642,290.4626763923554,s04,round1_10C_d02_11.03.2026_A10_Sample10.csv
round1,10C,d02,11.03.2026,B6,Sample18,06,43,1019,4171,1459,8533,5190,06_vs_43,1481.2644038443946,3708.735596155606,s06,round1_10C_d02_11.03.2026_B6_Sample18.csv
round1,10C,d02,11.03.2026,C6,Sample30,12,23,732,138,1225,1465,870,12_vs_23,693.4978989156856,176.502101084314,s10,round1_10C_d02_11.03.2026_C6_Sample30.csv
round1,10C,d02,11.03.2026,A1,Sample1,06,12,1542,940,1459,1225,2482,06_vs_12,1475.8211868290134,1006.1788131709867,s01,round1_10C_d02_11.03.2026_A1_Sample1.csv
round1,10C,d02,11.03.2026,F5,Sample65,20,56,673,10039,1158,80762,10712,20_vs_56,1324.6601311378986,9387.339868862102,s22,round1_10C_d02_11.03.2026_F5_Sample65.csv
round1,10C,d02,11.03.2026,G11,Sample83,43,56,6975,14093,8533,80762,21068,43_vs_56,7687.4979134353725,13380.502086564515,s28,round1_10C_d02_11.03.2026_G11_Sample83.csv
round1,10C,d02,11.03.2026,D3,Sample39,12,56,793,3571,1225,80762,4364,12_vs_56,1137.5884206665821,3226.4115793334176,s13,round1_10C_d02_11.03.2026_D3_Sample39.csv
round1,10C,d02,11.03.2026,B12,Sample24,12,16,505,4260,1225,12205,4765,12_vs_16,532.450880581051,4232.549119418953,s08,round1_10C_d02_11.03.2026_B12_Sample24.csv
round1,10C,d02,11.03.2026,B9,Sample21,06,56,763,11365,1459,80762,12128,06_vs_56,1212.2500507860714,10915.749949213929,s07,round1_10C_d02_11.03.2026_B9_Sample21.csv
round1,10C,d02,11.03.2026,E9,Sample57,20,23,135,43,1158,1465,178,20_vs_23,130.49983791730182,47.50016208269817,s19,round1_10C_d02_11.03.2026_E9_Sample57.csv
round1,10C,d02,11.03.2026,F9,Sample69,23,32,346,14,1465,640,360,23_vs_32,312.22236024524176,47.7776397547583,s23,round1_10C_d02_11.03.2026_F9_Sample69.csv
round1,10C,d02,11.03.2026,B3,Sample15,06,32,1027,235,1459,640,1262,06_vs_32,1035.9201712561373,226.07982874386272,s05,round1_10C_d02_11.03.2026_B3_Sample15.csv
round1,10C,d02,11.03.2026,G6,Sample78,32,43,169,3097,640,8533,3266,32_vs_43,203.3666645424928,3062.6333354575054,s26,round1_10C_d02_11.03.2026_G6_Sample78.csv
round1,10C,d02,11.03.2026,D4,Sample40,16,20,1430,30,12205,1158,1460,16_vs_20,1409.9143761488422,50.08562385115672,s14,round1_10C_d02_11.03.2026_D4_Sample40.csv
round1,10C,d02,11.03.2026,D11,Sample47,16,32,2299,297,12205,640,2596,16_vs_32,2302.1162664444746,293.883733555523,s16,round1_10C_d02_11.03.2026_D11_Sample47.csv
round1,10C,d02,11.03.2026,B11,Sample23,12,16,220,2027,1225,12205,2247,12_vs_16,260.0338998515983,1986.9661001484023,s08,round1_10C_d02_11.03.2026_B11_Sample23.csv
round1,10C,d02,11.03.2026,C10,Sample34,12,43,769,741,1225,8533,1510,12_vs_43,745.5475655214724,764.4524344785283,s12,round1_10C_d02_11.03.2026_C10_Sample34.csv
round1,10C,d02,11.03.2026,A7,Sample7,06,20,1520,143,1459,1158,1663,06_vs_20,1437.6559821717865,225.34401782821394,s03,round1_10C_d02_11.03.2026_A7_Sample7.csv
round1,10C,d02,11.03.2026,F2,Sample62,20,43,1678,2004,1158,8533,3682,20_vs_43,1673.5004893873665,2008.4995106126362,s21,round1_10C_d02_11.03.2026_F2_Sample62.csv
round1,10C,d02,11.03.2026,A5,Sample5,06,16,667,1547,1459,12205,2214,06_vs_16,628.9054315269949,1585.0945684730048,s02,round1_10C_d02_11.03.2026_A5_Sample5.csv
round1,10C,d02,11.03.2026,C4,Sample28,12,23,1286,153,1225,1465,1439,12_vs_23,1183.3940392571055,255.60596074289444,s10,round1_10C_d02_11.03.2026_C4_Sample28.csv
round1,10C,d02,11.03.2026,G8,Sample80,32,56,295,10791,640,80762,11086,32_vs_56,866.0656573656343,10219.934342634366,s27,round1_10C_d02_11.03.2026_G8_Sample80.csv
round1,10C,d02,11.03.2026,F1,Sample61,20,43,1307,1005,1158,8533,2312,20_vs_43,1279.48912128094,1032.510878719061,s21,round1_10C_d02_11.03.2026_F1_Sample61.csv
round1,10C,d02,11.03.2026,E12,Sample60,20,32,430,118,1158,640,548,20_vs_32,407.1710227819203,140.82897721808013,s20,round1_10C_d02_11.03.2026_E12_Sample60.csv
round1,10C,d02,11.03.2026,B5,Sample17,06,43,498,1842,1459,8533,2340,06_vs_43,699.879393296136,1640.1206067038638,s06,round1_10C_d02_11.03.2026_B5_Sample17.csv
round1,10C,d02,11.03.2026,E1,Sample49,16,43,820,341,12205,8533,1161,16_vs_43,828.7392667585938,332.26073324140606,s17,round1_10C_d02_11.03.2026_E1_Sample49.csv
round1,10C,d02,11.03.2026,F3,Sample63,20,43,1657,1587,1158,8533,3244,20_vs_43,1613.4562324375806,1630.5437675624198,s21,round1_10C_d02_11.03.2026_F3_Sample63.csv
round1,10C,d02,11.03.2026,A3,Sample3,06,12,1371,1014,1459,1225,2385,06_vs_12,1280.2607745269625,1104.7392254730375,s01,round1_10C_d02_11.03.2026_A3_Sample3.csv
round1,10C,d02,11.03.2026,E4,Sample52,16,56,3657,5847,12205,80762,9504,16_vs_56,4085.075799804622,5418.924200195378,s18,round1_10C_d02_11.03.2026_E4_Sample52.csv
round1,10C,d02,11.03.2026,C1,Sample25,12,20,259,340,1225,1158,599,12_vs_20,274.70454967606474,324.29545032393503,s09,round1_10C_d02_11.03.2026_C1_Sample25.csv
round1,10C,d02,11.03.2026,D7,Sample43,16,23,3706,109,12205,1465,3815,16_vs_23,3605.7889363299255,209.21106367008312,s15,round1_10C_d02_11.03.2026_D7_Sample43.csv
round1,10C,d02,11.03.2026,C11,Sample35,12,43,1350,955,1225,8533,2305,12_vs_43,1271.330052265099,1033.6699477349034,s12,round1_10C_d02_11.03.2026_C11_Sample35.csv
round1,10C,d02,11.03.2026,G4,Sample76,32,43,271,8191,640,8533,8462,32_vs_43,394.8921792530763,8067.107820746907,s26,round1_10C_d02_11.03.2026_G4_Sample76.csv
round1,10C,d02,11.03.2026,G7,Sample79,32,56,3109,16463,640,80762,19572,32_vs_56,4124.557652826295,15447.442347173706,s27,round1_10C_d02_11.03.2026_G7_Sample79.csv
round1,10C,d02,11.03.2026,D10,Sample46,16,32,720,98,12205,640,818,16_vs_32,719.8877511309773,98.1122488690228,s16,round1_10C_d02_11.03.2026_D10_Sample46.csv
round1,10C,d02,11.03.2026,F4,Sample64,20,56,2652,35025,1158,80762,37677,20_vs_56,5011.022173632666,32665.977826367332,s22,round1_10C_d02_11.03.2026_F4_Sample64.csv
round1,10C,d02,11.03.2026,E5,Sample53,16,56,1266,6555,12205,80762,7821,16_vs_56,1739.751121608736,6081.248878391264,s18,round1_10C_d02_11.03.2026_E5_Sample53.csv
round1,10C,d02,11.03.2026,G9,Sample81,32,56,98,9175,640,80762,9273,32_vs_56,255.0217973351002,9017.9782026649,s27,round1_10C_d02_11.03.2026_G9_Sample81.csv
round1,10C,d02,11.03.2026,B7,Sample19,06,56,1559,21252,1459,80762,22811,06_vs_56,2175.13792043733,20635.86207956267,s07,round1_10C_d02_11.03.2026_B7_Sample19.csv
round1,10C,d02,11.03.2026,C12,Sample36,12,43,2218,1905,1225,8533,4123,12_vs_43,2183.1280434737128,1939.8719565262843,s12,round1_10C_d02_11.03.2026_C12_Sample36.csv
round1,10C,d02,11.03.2026,A12,Sample12,06,23,1517,318,1459,1465,1835,06_vs_23,1520.9458159438325,314.0541840561697,s04,round1_10C_d02_11.03.2026_A12_Sample12.csv
round1,10C,d02,11.03.2026,D5,Sample41,16,20,1093,53,12205,1158,1146,16_vs_20,1077.8634574968078,68.13654250319304,s14,round1_10C_d02_11.03.2026_D5_Sample41.csv
round1,10C,d02,11.03.2026,G3,Sample75,23,56,783,15930,1465,80762,16713,23_vs_56,1764.9395707523372,14948.060429247646,s25,round1_10C_d02_11.03.2026_G3_Sample75.csv
round1,10C,d02,11.03.2026,C5,Sample29,12,23,590,105,1225,1465,695,12_vs_23,558.5064240851502,136.4935759148501,s10,round1_10C_d02_11.03.2026_C5_Sample29.csv
round1,10C,d02,11.03.2026,E10,Sample58,20,32,102,27,1158,640,129,20_vs_32,96.13234258726217,32.86765741273783,s20,round1_10C_d02_11.03.2026_E10_Sample58.csv
round1,10C,d02,11.03.2026,B8,Sample20,06,56,939,13219,1459,80762,14158,06_vs_56,1460.7277985471271,12697.272201452874,s07,round1_10C_d02_11.03.2026_B8_Sample20.csv
round1,10C,d02,11.03.2026,G1,Sample73,23,56,2372,6368,1465,80762,8740,23_vs_56,3145.5994839067416,5594.400516093263,s25,round1_10C_d02_11.03.2026_G1_Sample73.csv
round1,10C,d02,11.03.2026,G12,Sample84,43,56,7559,21450,8533,80762,29009,43_vs_56,8785.155175789432,20223.84482421072,s28,round1_10C_d02_11.03.2026_G12_Sample84.csv
round1,10C,d02,11.03.2026,C8,Sample32,12,32,1146,222,1225,640,1368,12_vs_32,1147.9129821425581,220.08701785744074,s11,round1_10C_d02_11.03.2026_C8_Sample32.csv
round1,10C,d02,11.03.2026,F7,Sample67,23,32,352,10,1465,640,362,23_vs_32,320.89962259502335,41.100377404976705,s23,round1_10C_d02_11.03.2026_F7_Sample67.csv
round1,10C,d02,11.03.2026,D12,Sample48,16,32,2354,374,12205,640,2728,16_vs_32,2359.1855554741255,368.8144445258741,s16,round1_10C_d02_11.03.2026_D12_Sample48.csv
round1,10C,d02,11.03.2026,D1,Sample37,12,56,1629,4647,1225,80762,6276,12_vs_56,2012.1488993760306,4263.85110062397,s13,round1_10C_d02_11.03.2026_D1_Sample37.csv
round1,10C,d02,11.03.2026,A6,Sample6,06,20,1520,3225,1459,1158,4745,06_vs_20,1509.3242191583472,3235.675780841658,s03,round1_10C_d02_11.03.2026_A6_Sample6.csv
round1,10C,d02,11.03.2026,A4,Sample4,06,16,1795,3415,1459,12205,5210,06_vs_16,1673.4104856209697,3536.589514379036,s02,round1_10C_d02_11.03.2026_A4_Sample4.csv
round1,10C,d02,11.03.2026,B1,Sample13,06,32,845,170,1459,640,1015,06_vs_32,842.4103134340257,172.58968656597423,s05,round1_10C_d02_11.03.2026_B1_Sample13.csv
round1,10C,d02,11.03.2026,D8,Sample44,16,23,3346,116,12205,1465,3462,16_vs_23,3220.966325505923,241.03367449408782,s15,round1_10C_d02_11.03.2026_D8_Sample44.csv
round1,10C,d02,11.03.2026,G10,Sample82,43,56,10584,27721,8533,80762,38305,43_vs_56,11963.393452036811,26341.606547963293,s28,round1_10C_d02_11.03.2026_G10_Sample82.csv
round1,10C,d02,11.03.2026,D6,Sample42,16,20,584,15,12205,1158,599,16_vs_20,573.7742767737033,25.22572322629607,s14,round1_10C_d02_11.03.2026_D6_Sample42.csv
round1,10C,d02,11.03.2026,E8,Sample56,20,23,485,93,1158,1465,578,20_vs_23,458.31122724811746,119.6887727518826,s19,round1_10C_d02_11.03.2026_E8_Sample56.csv
round1,10C,d02,11.03.2026,E11,Sample59,20,32,130,143,1158,640,273,20_vs_32,140.92638974591864,132.07361025408133,s20,round1_10C_d02_11.03.2026_E11_Sample59.csv
round1,10C,d02,11.03.2026,G5,Sample77,32,43,233,3149,640,8533,3382,32_vs_43,260.8486697274173,3121.1513302725866,s26,round1_10C_d02_11.03.2026_G5_Sample77.csv
round1,10C,d02,11.03.2026,E7,Sample55,20,23,657,186,1158,1465,843,20_vs_23,645.1943402734132,197.80565972658673,s19,round1_10C_d02_11.03.2026_E7_Sample55.csv
round1,10C,d02,11.03.2026,F10,Sample70,23,43,209,3049,1465,8533,3258,23_vs_43,218.27178967608003,3039.728210323918,s24,round1_10C_d02_11.03.2026_F10_Sample70.csv
round1,10C,d02,11.03.2026,B10,Sample22,12,16,547,5463,1225,12205,6010,12_vs_16,600.8152146728063,5409.184785327206,s08,round1_10C_d02_11.03.2026_B10_Sample22.csv
round1,10C,d02,11.03.2026,E2,Sample50,16,43,2306,1147,12205,8533,3453,16_vs_43,2365.3099834554287,1087.6900165445707,s17,round1_10C_d02_11.03.2026_E2_Sample50.csv
round1,10C,d02,11.03.2026,F11,Sample71,23,43,159,1750,1465,8533,1909,23_vs_43,166.9690988247319,1742.0309011752688,s24,round1_10C_d02_11.03.2026_F11_Sample71.csv
round1,10C,d02,11.03.2026,C3,Sample27,12,20,295,336,1225,1158,631,12_vs_20,298.5244226046632,332.47557739533664,s09,round1_10C_d02_11.03.2026_C3_Sample27.csv
round1,10C,d02,11.03.2026,A8,Sample8,06,20,1346,167,1459,1158,1513,06_vs_20,1245.8160787218703,267.18392127812945,s03,round1_10C_d02_11.03.2026_A8_Sample8.csv
round1,10C,d02,11.03.2026,D9,Sample45,16,23,3581,72,12205,1465,3653,16_vs_23,3520.3757405731094,132.62425942689887,s15,round1_10C_d02_11.03.2026_D9_Sample45.csv
round1,10C,d02,11.03.2026,F6,Sample66,20,56,711,8691,1158,80762,9402,20_vs_56,1323.7267564278195,8078.273243572181,s22,round1_10C_d02_11.03.2026_F6_Sample66.csv
round1,10C,d02,11.03.2026,B4,Sample16,06,43,631,2541,1459,8533,3172,06_vs_43,908.5068575998741,2263.4931424001256,s06,round1_10C_d02_11.03.2026_B4_Sample16.csv
round1,10C,d02,11.03.2026,A9,Sample9,06,20,1047,159,1459,1158,1206,06_vs_20,959.6325178525263,246.367482147474,s03,round1_10C_d02_11.03.2026_A9_Sample9.csv
round1,10C,d02,11.03.2026,G2,Sample74,23,56,408,6489,1465,80762,6897,23_vs_56,826.1240862455187,6070.875913754483,s25,round1_10C_d02_11.03.2026_G2_Sample74.csv
round1,10C,d02,11.03.2026,C2,Sample26,12,20,359,311,1225,1158,670,12_vs_20,328.6045516708789,341.395448329121,s09,round1_10C_d02_11.03.2026_C2_Sample26.csv
round1,10C,d02,11.03.2026,A11,Sample11,06,23,818,146,1459,1465,964,06_vs_23,820.7915497478018,143.20845025219774,s04,round1_10C_d02_11.03.2026_A11_Sample11.csv
round1,10C,d02,11.03.2026,F8,Sample68,23,32,321,58,1465,640,379,23_vs_32,297.6771257281912,81.32287427180883,s23,round1_10C_d02_11.03.2026_F8_Sample68.csv
round1,10C,d02,11.03.2026,D2,Sample38,12,56,2060,7806,1225,80762,9866,12_vs_56,2739.6332114116058,7126.366788588395,s13,round1_10C_d02_11.03.2026_D2_Sample38.csv
round1,10C,d02,11.03.2026,E3,Sample51,16,43,609,296,12205,8533,905,16_vs_43,621.6647937744453,283.3352062255544,s17,round1_10C_d02_11.03.2026_E3_Sample51.csv
round1,10C,d02,11.03.2026,B2,Sample14,06,32,1946,573,1459,640,2519,06_vs_32,1977.430923585689,541.5690764143109,s05,round1_10C_d02_11.03.2026_B2_Sample14.csv
round1,10C,d02,11.03.2026,E6,Sample54,16,56,2170,8936,12205,80762,11106,16_vs_56,2723.3734145856947,8382.626585414306,s18,round1_10C_d02_11.03.2026_E6_Sample54.csv
round1,10C,d01,10.03.2026,D9,Sample45,16,23,89,4,290,64,93,16_vs_23,89.04435073167168,3.9556492683283153,s15,round1_10C_d01_10.03.2026_D9_Sample45.csv
round1,10C,d01,10.03.2026,A10,Sample10,06,23,86,16,344,64,102,06_vs_23,86.91281504848415,15.087184951515832,s04,round1_10C_d01_10.03.2026_A10_Sample10.csv
round1,10C,d01,10.03.2026,A12,Sample12,06,23,48,7,344,64,55,06_vs_23,48.30079452695164,6.699205473048357,s04,round1_10C_d01_10.03.2026_A12_Sample12.csv
round1,10C,d01,10.03.2026,F8,Sample68,23,32,23,9,64,67,32,23_vs_32,23.54747224349457,8.452527756505424,s23,round1_10C_d01_10.03.2026_F8_Sample68.csv
round1,10C,d01,10.03.2026,E7,Sample55,20,23,8,8,13,64,16,20_vs_23,7.99383999835209,8.00616000164791,s19,round1_10C_d01_10.03.2026_E7_Sample55.csv
round1,10C,d01,10.03.2026,F4,Sample64,20,56,87,223,13,1022,310,20_vs_56,95.84793747279652,214.15206252720344,s22,round1_10C_d01_10.03.2026_F4_Sample64.csv
round1,10C,d01,10.03.2026,B2,Sample14,06,32,106,48,344,67,154,06_vs_32,105.46505589679936,48.534944103200644,s05,round1_10C_d01_10.03.2026_B2_Sample14.csv
round1,10C,d01,10.03.2026,D8,Sample44,16,23,44,1,290,64,45,16_vs_23,43.21192613760431,1.788073862395694,s15,round1_10C_d01_10.03.2026_D8_Sample44.csv
round1,10C,d01,10.03.2026,B11,Sample23,12,16,97,125,362,290,222,12_vs_16,87.68229563627715,134.3177043637229,s08,round1_10C_d01_10.03.2026_B11_Sample23.csv
round1,10C,d01,10.03.2026,F9,Sample69,23,32,29,13,64,67,42,23_vs_32,28.51142203021027,13.488577969789732,s23,round1_10C_d01_10.03.2026_F9_Sample69.csv
round1,10C,d01,10.03.2026,E9,Sample57,20,23,7,5,13,64,12,20_vs_23,7.524685941683582,4.475314058316418,s19,round1_10C_d01_10.03.2026_E9_Sample57.csv
round1,10C,d01,10.03.2026,B10,Sample22,12,16,89,144,362,290,233,12_vs_16,81.9727239957084,151.02727600429156,s08,round1_10C_d01_10.03.2026_B10_Sample22.csv
round1,10C,d01,10.03.2026,C12,Sample36,12,43,190,21,362,155,211,12_vs_43,184.8247606205628,26.175239379437183,s12,round1_10C_d01_10.03.2026_C12_Sample36.csv
round1,10C,d01,10.03.2026,C1,Sample25,12,20,134,27,362,13,161,12_vs_20,111.41454090313067,49.58545909686927,s09,round1_10C_d01_10.03.2026_C1_Sample25.csv
round1,10C,d01,10.03.2026,G6,Sample78,32,43,63,96,67,155,159,32_vs_43,70.63754759174417,88.36245240825578,s26,round1_10C_d01_10.03.2026_G6_Sample78.csv
round1,10C,d01,10.03.2026,F12,Sample72,23,43,29,14,64,155,43,23_vs_43,26.152716826144825,16.847283173855182,s24,round1_10C_d01_10.03.2026_F12_Sample72.csv
round1,10C,d01,10.03.2026,E3,Sample51,16,43,115,6,290,155,121,16_vs_43,112.825722167166,8.174277832834019,s17,round1_10C_d01_10.03.2026_E3_Sample51.csv
round1,10C,d01,10.03.2026,E2,Sample50,16,43,91,3,290,155,94,16_vs_43,87.89074120775042,6.109258792249619,s17,round1_10C_d01_10.03.2026_E2_Sample50.csv
round1,10C,d01,10.03.2026,B4,Sample16,06,43,136,130,344,155,266,06_vs_43,150.94155963515325,115.05844036484675,s06,round1_10C_d01_10.03.2026_B4_Sample16.csv
round1,10C,d01,10.03.2026,C4,Sample28,12,23,92,30,362,64,122,12_vs_23,91.30205061412508,30.697949385874875,s10,round1_10C_d01_10.03.2026_C4_Sample28.csv
round1,10C,d01,10.03.2026,F1,Sample61,20,43,68,19,13,155,87,20_vs_43,66.04310228845415,20.95689771154586,s21,round1_10C_d01_10.03.2026_F1_Sample61.csv
round1,10C,d01,10.03.2026,G2,Sample74,23,56,118,98,64,1022,216,23_vs_56,122.15143885018486,93.84856114981517,s25,round1_10C_d01_10.03.2026_G2_Sample74.csv
round1,10C,d01,10.03.2026,C9,Sample33,12,32,71,39,362,67,110,12_vs_32,72.75070141118071,37.2492985888193,s11,round1_10C_d01_10.03.2026_C9_Sample33.csv
round1,10C,d01,10.03.2026,A8,Sample8,06,20,60,63,344,13,123,06_vs_20,60.86026288763943,62.139737112360585,s03,round1_10C_d01_10.03.2026_A8_Sample8.csv
round1,10C,d01,10.03.2026,E6,Sample54,16,56,87,129,290,1022,216,16_vs_56,96.97305487289084,119.02694512710916,s18,round1_10C_d01_10.03.2026_E6_Sample54.csv
round1,10C,d01,10.03.2026,A1,Sample1,06,12,81,91,344,362,172,06_vs_12,79.33182976855721,92.66817023144279,s01,round1_10C_d01_10.03.2026_A1_Sample1.csv
round1,10C,d01,10.03.2026,E5,Sample53,16,56,211,228,290,1022,439,16_vs_56,232.32874375595412,206.67125624404585,s18,round1_10C_d01_10.03.2026_E5_Sample53.csv
round1,10C,d01,10.03.2026,F6,Sample66,20,56,70,138,13,1022,208,20_vs_56,75.6320086845403,132.3679913154597,s22,round1_10C_d01_10.03.2026_F6_Sample66.csv
round1,10C,d01,10.03.2026,G1,Sample73,23,56,195,198,64,1022,393,23_vs_56,196.10363149224497,196.89636850775503,s25,round1_10C_d01_10.03.2026_G1_Sample73.csv
round1,10C,d01,10.03.2026,D6,Sample42,16,20,40,4,290,13,44,16_vs_20,37.67968940355922,6.320310596440779,s14,round1_10C_d01_10.03.2026_D6_Sample42.csv
round1,10C,d01,10.03.2026,F7,Sample67,23,32,16,6,64,67,22,23_vs_32,15.30848808099472,6.691511919005282,s23,round1_10C_d01_10.03.2026_F7_Sample67.csv
round1,10C,d01,10.03.2026,E4,Sample52,16,56,152,93,290,1022,245,16_vs_56,158.9445594041348,86.05544059586519,s18,round1_10C_d01_10.03.2026_E4_Sample52.csv
round1,10C,d01,10.03.2026,D5,Sample41,16,20,49,8,290,13,57,16_vs_20,45.32258971162961,11.677410288370387,s14,round1_10C_d01_10.03.2026_D5_Sample41.csv
round1,10C,d01,10.03.2026,D12,Sample48,16,32,69,21,290,67,90,16_vs_32,69.41473242293578,20.585267577064208,s16,round1_10C_d01_10.03.2026_D12_Sample48.csv
round1,10C,d01,10.03.2026,F5,Sample65,20,56,77,230,13,1022,307,20_vs_56,95.70488512800961,211.2951148719904,s22,round1_10C_d01_10.03.2026_F5_Sample65.csv
round1,10C,d01,10.03.2026,A2,Sample2,06,12,111,98,344,362,209,06_vs_12,105.48337718574459,103.51662281425541,s01,round1_10C_d01_10.03.2026_A2_Sample2.csv
round1,10C,d01,10.03.2026,G11,Sample83,43,56,208,554,155,1022,762,43_vs_56,245.2102879066729,516.7897120933269,s28,round1_10C_d01_10.03.2026_G11_Sample83.csv
round1,10C,d01,10.03.2026,G5,Sample77,32,43,53,130,67,155,183,32_vs_43,64.26094070458998,118.73905929541,s26,round1_10C_d01_10.03.2026_G5_Sample77.csv
round1,10C,d01,10.03.2026,D4,Sample40,16,20,44,4,290,13,48,16_vs_20,43.19755413143572,4.802445868564282,s14,round1_10C_d01_10.03.2026_D4_Sample40.csv
round1,10C,d01,10.03.2026,G8,Sample80,32,56,257,210,67,1022,467,32_vs_56,227.83901210661088,239.16098789338912,s27,round1_10C_d01_10.03.2026_G8_Sample80.csv
round1,10C,d01,10.03.2026,C8,Sample32,12,32,98,52,362,67,150,12_vs_32,99.40522785771171,50.5947721422883,s11,round1_10C_d01_10.03.2026_C8_Sample32.csv
round1,10C,d01,10.03.2026,D10,Sample46,16,32,136,63,290,67,199,16_vs_32,137.35898377210762,61.64101622789243,s16,round1_10C_d01_10.03.2026_D10_Sample46.csv
round1,10C,d01,10.03.2026,A6,Sample6,06,20,44,75,344,13,119,06_vs_20,42.84587577756326,76.15412422243678,s03,round1_10C_d01_10.03.2026_A6_Sample6.csv
round1,10C,d01,10.03.2026,G7,Sample79,32,56,263,111,67,1022,374,32_vs_56,224.33457135397424,149.66542864602576,s27,round1_10C_d01_10.03.2026_G7_Sample79.csv
round1,10C,d01,10.03.2026,B7,Sample19,06,56,38,94,344,1022,132,06_vs_56,44.745940169751044,87.25405983024896,s07,round1_10C_d01_10.03.2026_B7_Sample19.csv
round1,10C,d01,10.03.2026,B9,Sample21,06,56,47,121,344,1022,168,06_vs_56,49.11617954809622,118.88382045190377,s07,round1_10C_d01_10.03.2026_B9_Sample21.csv
round1,10C,d01,10.03.2026,G12,Sample84,43,56,313,190,155,1022,503,43_vs_56,275.9635264296987,227.03647357030118,s28,round1_10C_d01_10.03.2026_G12_Sample84.csv
round1,10C,d01,10.03.2026,A3,Sample3,06,12,76,96,344,362,172,06_vs_12,75.68047471250564,96.31952528749436,s01,round1_10C_d01_10.03.2026_A3_Sample3.csv
round1,10C,d01,10.03.2026,B1,Sample13,06,32,137,43,344,67,180,06_vs_32,136.92500068468664,43.07499931531335,s05,round1_10C_d01_10.03.2026_B1_Sample13.csv
round1,10C,d01,10.03.2026,F10,Sample70,23,43,95,130,64,155,225,23_vs_43,90.7071203499562,134.2928796500438,s24,round1_10C_d01_10.03.2026_F10_Sample70.csv
round1,10C,d01,10.03.2026,D7,Sample43,16,23,34,2,290,64,36,16_vs_23,32.778338935481116,3.2216610645188815,s15,round1_10C_d01_10.03.2026_D7_Sample43.csv
round1,10C,d01,10.03.2026,A7,Sample7,06,20,19,18,344,13,37,06_vs_20,17.370747573810387,19.62925242618961,s03,round1_10C_d01_10.03.2026_A7_Sample7.csv
round1,10C,d01,10.03.2026,G9,Sample81,32,56,141,313,67,1022,454,32_vs_56,148.62704401041293,305.37295598958707,s27,round1_10C_d01_10.03.2026_G9_Sample81.csv
round1,10C,d01,10.03.2026,E12,Sample60,20,32,8,16,13,67,24,20_vs_32,8.434647907385445,15.565352092614553,s20,round1_10C_d01_10.03.2026_E12_Sample60.csv
round1,10C,d01,10.03.2026,G3,Sample75,23,56,93,88,64,1022,181,23_vs_56,95.32245928038179,85.67754071961821,s25,round1_10C_d01_10.03.2026_G3_Sample75.csv
round1,10C,d01,10.03.2026,A5,Sample5,06,16,70,77,344,290,147,06_vs_16,70.15945221204449,76.8405477879555,s02,round1_10C_d01_10.03.2026_A5_Sample5.csv
round1,10C,d01,10.03.2026,F2,Sample62,20,43,95,2,13,155,97,20_vs_43,92.89516371390509,4.104836286094895,s21,round1_10C_d01_10.03.2026_F2_Sample62.csv
round1,10C,d01,10.03.2026,C7,Sample31,12,32,79,34,362,67,113,12_vs_32,80.92755840533044,32.072441594669485,s11,round1_10C_d01_10.03.2026_C7_Sample31.csv
round1,10C,d01,10.03.2026,A9,Sample9,06,20,34,44,344,13,78,06_vs_20,39.50672378730324,38.49327621269677,s03,round1_10C_d01_10.03.2026_A9_Sample9.csv
round1,10C,d01,10.03.2026,C10,Sample34,12,43,228,25,362,155,253,12_vs_43,217.57428239592537,35.42571760407467,s12,round1_10C_d01_10.03.2026_C10_Sample34.csv
round1,10C,d01,10.03.2026,C5,Sample29,12,23,81,25,362,64,106,12_vs_23,78.78806681311961,27.21193318688037,s10,round1_10C_d01_10.03.2026_C5_Sample29.csv
round1,10C,d01,10.03.2026,E1,Sample49,16,43,102,10,290,155,112,16_vs_43,98.19537606878733,13.80462393121267,s17,round1_10C_d01_10.03.2026_E1_Sample49.csv
round1,10C,d01,10.03.2026,E8,Sample56,20,23,12,0,13,64,12,20_vs_23,9.904396342778055,2.095603657221945,s19,round1_10C_d01_10.03.2026_E8_Sample56.csv
round1,10C,d01,10.03.2026,G4,Sample76,32,43,45,84,67,155,129,32_vs_43,52.30320094234426,76.69679905765574,s26,round1_10C_d01_10.03.2026_G4_Sample76.csv
round1,10C,d01,10.03.2026,F3,Sample63,20,43,67,2,13,155,69,20_vs_43,65.52975205207946,3.4702479479205204,s21,round1_10C_d01_10.03.2026_F3_Sample63.csv
round1,10C,d01,10.03.2026,A11,Sample11,06,23,68,9,344,64,77,06_vs_23,68.05682716121201,8.943172838787985,s04,round1_10C_d01_10.03.2026_A11_Sample11.csv
round1,10C,d01,10.03.2026,B8,Sample20,06,56,55,182,344,1022,237,06_vs_56,64.22496866592817,172.77503133407185,s07,round1_10C_d01_10.03.2026_B8_Sample20.csv
round1,10C,d01,10.03.2026,D2,Sample38,12,56,89,111,362,1022,200,12_vs_56,88.4730107657425,111.5269892342575,s13,round1_10C_d01_10.03.2026_D2_Sample38.csv
round1,10C,d01,10.03.2026,E10,Sample58,20,32,7,26,13,67,33,20_vs_32,8.206061437113085,24.793938562886904,s20,round1_10C_d01_10.03.2026_E10_Sample58.csv
round1,10C,d01,10.03.2026,C6,Sample30,12,23,81,14,362,64,95,12_vs_23,78.09690359736943,16.903096402630574,s10,round1_10C_d01_10.03.2026_C6_Sample30.csv
round1,10C,d01,10.03.2026,A4,Sample4,06,16,35,32,344,290,67,06_vs_16,32.35190378735877,34.648096212641235,s02,round1_10C_d01_10.03.2026_A4_Sample4.csv
round1,10C,d01,10.03.2026,D1,Sample37,12,56,73,48,362,1022,121,12_vs_56,76.35755290013542,44.64244709986458,s13,round1_10C_d01_10.03.2026_D1_Sample37.csv
round1,10C,d01,10.03.2026,B5,Sample17,06,43,178,115,344,155,293,06_vs_43,181.33593601900395,111.66406398099606,s06,round1_10C_d01_10.03.2026_B5_Sample17.csv
round1,10C,d01,10.03.2026,B6,Sample18,06,43,102,53,344,155,155,06_vs_43,105.75361312285514,49.24638687714487,s06,round1_10C_d01_10.03.2026_B6_Sample18.csv
round1,10C,d01,10.03.2026,B12,Sample24,12,16,50,80,362,290,130,12_vs_16,47.96410392167989,82.0358960783201,s08,round1_10C_d01_10.03.2026_B12_Sample24.csv
round1,10C,d01,10.03.2026,C11,Sample35,12,43,271,29,362,155,300,12_vs_43,256.1348075083369,43.865192491663024,s12,round1_10C_d01_10.03.2026_C11_Sample35.csv
round1,10C,d01,10.03.2026,G10,Sample82,43,56,130,661,155,1022,791,43_vs_56,152.02936711481956,638.970632885181,s28,round1_10C_d01_10.03.2026_G10_Sample82.csv
round1,10C,d01,10.03.2026,C2,Sample26,12,20,121,27,362,13,148,12_vs_20,104.44145416146011,43.55854583853986,s09,round1_10C_d01_10.03.2026_C2_Sample26.csv
round1,10C,d01,10.03.2026,B3,Sample15,06,32,182,76,344,67,258,06_vs_32,183.3925749632843,74.60742503671572,s05,round1_10C_d01_10.03.2026_B3_Sample15.csv
round1,10C,d01,10.03.2026,E11,Sample59,20,32,11,33,13,67,44,20_vs_32,11.753969455759984,32.24603054424002,s20,round1_10C_d01_10.03.2026_E11_Sample59.csv
round1,10C,d01,10.03.2026,F11,Sample71,23,43,91,39,64,155,130,23_vs_43,78.71173197913902,51.28826802086097,s24,round1_10C_d01_10.03.2026_F11_Sample71.csv
round1,10C,d01,10.03.2026,D3,Sample39,12,56,61,64,362,1022,125,12_vs_56,64.16466605883684,60.83533394116314,s13,round1_10C_d01_10.03.2026_D3_Sample39.csv
round1,10C,d01,10.03.2026,D11,Sample47,16,32,109,64,290,67,173,16_vs_32,112.66922057176718,60.33077942823283,s16,round1_10C_d01_10.03.2026_D11_Sample47.csv
round1,10C,d01,10.03.2026,C3,Sample27,12,20,92,21,362,13,113,12_vs_20,79.66085069549798,33.339149304502016,s09,round1_10C_d01_10.03.2026_C3_Sample27.csv
round1,10C,d07,16.03.2026,C5,Sample29,12,23,217120,807356,6843,247042,1024476,12_vs_23,263993.8547895485,760482.1452104823,s10,round1_10C_d07_16.03.2026_C5_Sample29.csv
round1,10C,d07,16.03.2026,G11,Sample83,43,56,564683,888867,75860,7313,1453550,43_vs_56,608072.8614149436,845477.1385850704,s28,round1_10C_d07_16.03.2026_G11_Sample83.csv
round1,10C,d07,16.03.2026,F4,Sample64,20,56,120332,1456539,93838,7313,1576871,20_vs_56,331551.67332354916,1245319.3266764507,s22,round1_10C_d07_16.03.2026_F4_Sample64.csv
round1,10C,d07,16.03.2026,A4,Sample4,06,16,10628,305600,474902,184346,316228,06_vs_16,25968.906126371647,290259.09387363296,s02,round1_10C_d07_16.03.2026_A4_Sample4.csv
round1,10C,d07,16.03.2026,G10,Sample82,43,56,3640,20975,75860,7313,24615,43_vs_56,7054.42482980669,17560.575170193297,s28,round1_10C_d07_16.03.2026_G10_Sample82.csv
round1,10C,d07,16.03.2026,G7,Sample79,32,56,246891,1313004,63661,7313,1559895,32_vs_56,362190.28910316934,1197704.7108968305,s27,round1_10C_d07_16.03.2026_G7_Sample79.csv
round1,10C,d07,16.03.2026,A11,Sample11,06,23,16294,74183,474902,247042,90477,06_vs_23,18480.80932121373,71996.19067878644,s04,round1_10C_d07_16.03.2026_A11_Sample11.csv
round1,10C,d07,16.03.2026,F2,Sample62,20,43,233144,628907,93838,75860,862051,20_vs_43,252867.20231756242,609183.797682437,s21,round1_10C_d07_16.03.2026_F2_Sample62.csv
round1,10C,d07,16.03.2026,B3,Sample15,06,32,393267,594239,474902,63661,987506,06_vs_32,417739.2347670313,569766.7652329687,s05,round1_10C_d07_16.03.2026_B3_Sample15.csv
round1,10C,d07,16.03.2026,B11,Sample23,12,16,42287,60303,6843,184346,102590,12_vs_16,46328.292185921615,56261.70781407836,s08,round1_10C_d07_16.03.2026_B11_Sample23.csv
round1,10C,d07,16.03.2026,C10,Sample34,12,43,566072,279799,6843,75860,845871,12_vs_43,522938.94762782095,322932.05237217876,s12,round1_10C_d07_16.03.2026_C10_Sample34.csv
round1,10C,d07,16.03.2026,F10,Sample70,23,43,91470,15955,247042,75860,107425,23_vs_43,87466.09030465999,19958.909695339702,s24,round1_10C_d07_16.03.2026_F10_Sample70.csv
round1,10C,d07,16.03.2026,G2,Sample74,23,56,481560,1035144,247042,7313,1516704,23_vs_56,529401.8974217509,987302.1025782041,s25,round1_10C_d07_16.03.2026_G2_Sample74.csv
round1,10C,d07,16.03.2026,E12,Sample60,20,32,219792,1080237,93838,63661,1300029,20_vs_32,250721.69692632978,1049307.3030735892,s20,round1_10C_d07_16.03.2026_E12_Sample60.csv
round1,10C,d07,16.03.2026,E1,Sample49,16,43,689098,337702,184346,75860,1026800,16_vs_43,648562.4453915127,378237.5546085221,s17,round1_10C_d07_16.03.2026_E1_Sample49.csv
round1,10C,d07,16.03.2026,D2,Sample38,12,56,681825,926929,6843,7313,1608754,12_vs_56,698365.0110434236,910388.9889565764,s13,round1_10C_d07_16.03.2026_D2_Sample38.csv
round1,10C,d07,16.03.2026,G8,Sample80,32,56,136724,271571,63661,7313,408295,32_vs_56,159374.0615329384,248920.9384670616,s27,round1_10C_d07_16.03.2026_G8_Sample80.csv
round1,10C,d07,16.03.2026,D8,Sample44,16,23,811654,49829,184346,247042,861483,16_vs_23,805065.0583864929,56417.941613573,s15,round1_10C_d07_16.03.2026_D8_Sample44.csv
round1,10C,d07,16.03.2026,B4,Sample16,06,43,268144,145129,474902,75860,413273,06_vs_43,253242.89037520974,160030.10962479026,s06,round1_10C_d07_16.03.2026_B4_Sample16.csv
round1,10C,d07,16.03.2026,C6,Sample30,12,23,77888,243029,6843,247042,320917,12_vs_23,91202.77471312917,229714.22528687803,s10,round1_10C_d07_16.03.2026_C6_Sample30.csv
round1,10C,d07,16.03.2026,D1,Sample37,12,56,886992,747217,6843,7313,1634209,12_vs_56,834237.5371372545,799971.4628627455,s13,round1_10C_d07_16.03.2026_D1_Sample37.csv
round1,10C,d07,16.03.2026,B6,Sample18,06,43,4920,4643,474902,75860,9563,06_vs_43,4901.942942349064,4661.057057650936,s06,round1_10C_d07_16.03.2026_B6_Sample18.csv
round1,10C,d07,16.03.2026,F9,Sample69,23,32,1102551,253899,247042,63661,1356450,23_vs_32,1004894.2551026199,351555.74489737395,s23,round1_10C_d07_16.03.2026_F9_Sample69.csv
round1,10C,d07,16.03.2026,B7,Sample19,06,56,722604,939323,474902,7313,1661927,06_vs_56,809832.2007492015,852094.7992507985,s07,round1_10C_d07_16.03.2026_B7_Sample19.csv
round1,10C,d07,16.03.2026,D10,Sample46,16,32,799193,91569,184346,63661,890762,16_vs_32,796793.6823381874,93968.31766214476,s16,round1_10C_d07_16.03.2026_D10_Sample46.csv
round1,10C,d07,16.03.2026,F1,Sample61,20,43,253512,752794,93838,75860,1006306,20_vs_43,281022.9912696451,725283.0087303175,s21,round1_10C_d07_16.03.2026_F1_Sample61.csv
round1,10C,d07,16.03.2026,B1,Sample13,06,32,407827,530208,474902,63661,938035,06_vs_32,430142.91191577306,507892.08808422694,s05,round1_10C_d07_16.03.2026_B1_Sample13.csv
round1,10C,d07,16.03.2026,B2,Sample14,06,32,566337,777738,474902,63661,1344075,06_vs_32,598082.1328017043,745992.8671982957,s05,round1_10C_d07_16.03.2026_B2_Sample14.csv
round1,10C,d07,16.03.2026,E11,Sample59,20,32,275256,1141551,93838,63661,1416807,20_vs_32,311403.0135754643,1105403.9864244338,s20,round1_10C_d07_16.03.2026_E11_Sample59.csv
round1,10C,d07,16.03.2026,C4,Sample28,12,23,328950,992334,6843,247042,1321284,12_vs_23,379394.28517253423,941889.7148274718,s10,round1_10C_d07_16.03.2026_C4_Sample28.csv
round1,10C,d07,16.03.2026,B5,Sample17,06,43,71230,64228,474902,75860,135458,06_vs_43,68963.49152324563,66494.50847675439,s06,round1_10C_d07_16.03.2026_B5_Sample17.csv
round1,10C,d07,16.03.2026,E6,Sample54,16,56,62994,86011,184346,7313,149005,16_vs_56,64798.589113683556,84206.41088631644,s18,round1_10C_d07_16.03.2026_E6_Sample54.csv
round1,10C,d07,16.03.2026,A3,Sample3,06,12,227545,96269,474902,6843,323814,06_vs_12,206506.79009125748,117307.20990874253,s01,round1_10C_d07_16.03.2026_A3_Sample3.csv
round1,10C,d07,16.03.2026,G1,Sample73,23,56,412711,1200997,247042,7313,1613708,23_vs_56,477718.0007392312,1135989.9992607923,s25,round1_10C_d07_16.03.2026_G1_Sample73.csv
round1,10C,d07,16.03.2026,F6,Sample66,20,56,41610,363847,93838,7313,405457,20_vs_56,110581.0248665498,294875.97513345024,s22,round1_10C_d07_16.03.2026_F6_Sample66.csv
round1,10C,d07,16.03.2026,D3,Sample39,12,56,827298,797776,6843,7313,1625074,12_vs_56,799775.8604602666,825298.1395397334,s13,round1_10C_d07_16.03.2026_D3_Sample39.csv
round1,10C,d07,16.03.2026,E2,Sample50,16,43,1018516,287013,184346,75860,1305529,16_vs_43,945794.4733316136,359734.5266684461,s17,round1_10C_d07_16.03.2026_E2_Sample50.csv
round1,10C,d07,16.03.2026,C1,Sample25,12,20,1310352,101632,6843,93838,1411984,12_vs_20,1161295.773632385,250688.2263676343,s09,round1_10C_d07_16.03.2026_C1_Sample25.csv
round1,10C,d07,16.03.2026,A7,Sample7,06,20,1487,1148,474902,93838,2635,06_vs_20,1427.9318716842101,1207.0681283157903,s03,round1_10C_d07_16.03.2026_A7_Sample7.csv
round1,10C,d07,16.03.2026,A12,Sample12,06,23,18783,80429,474902,247042,99212,06_vs_23,21583.032710042466,77628.96728995745,s04,round1_10C_d07_16.03.2026_A12_Sample12.csv
round1,10C,d07,16.03.2026,E9,Sample57,20,23,290297,1178331,93838,247042,1468628,20_vs_23,328116.7776749298,1140511.2223250703,s19,round1_10C_d07_16.03.2026_E9_Sample57.csv
round1,10C,d07,16.03.2026,B12,Sample24,12,16,39298,141570,6843,184346,180868,12_vs_16,57547.9295417244,123320.07045827311,s08,round1_10C_d07_16.03.2026_B12_Sample24.csv
round1,10C,d07,16.03.2026,G5,Sample77,32,43,340525,650042,63661,75860,990567,32_vs_43,335445.1913905107,655121.808609479,s26,round1_10C_d07_16.03.2026_G5_Sample77.csv
round1,10C,d07,16.03.2026,A8,Sample8,06,20,176740,41900,474902,93838,218640,06_vs_20,153226.16387903222,65413.83612096487,s03,round1_10C_d07_16.03.2026_A8_Sample8.csv
round1,10C,d07,16.03.2026,F11,Sample71,23,43,456716,603411,247042,75860,1060127,23_vs_43,446725.97521032987,613401.0247896588,s24,round1_10C_d07_16.03.2026_F11_Sample71.csv
round1,10C,d07,16.03.2026,A2,Sample2,06,12,651408,177399,474902,6843,828807,06_vs_12,621050.7936723806,207756.20632761944,s01,round1_10C_d07_16.03.2026_A2_Sample2.csv
round1,10C,d07,16.03.2026,F3,Sample63,20,43,217564,562571,93838,75860,780135,20_vs_43,236800.07999189824,543334.9200080927,s21,round1_10C_d07_16.03.2026_F3_Sample63.csv
round1,10C,d07,16.03.2026,E10,Sample58,20,32,240393,1113609,93838,63661,1354002,20_vs_32,272536.29135136516,1081465.7086486167,s20,round1_10C_d07_16.03.2026_E10_Sample58.csv
round1,10C,d07,16.03.2026,E5,Sample53,16,56,661388,716264,184346,7313,1377652,16_vs_56,680457.4223839549,697194.5776160451,s18,round1_10C_d07_16.03.2026_E5_Sample53.csv
round1,10C,d07,16.03.2026,C9,Sample33,12,32,570877,946521,6843,63661,1517398,12_vs_32,598283.1437015808,919114.8562984399,s11,round1_10C_d07_16.03.2026_C9_Sample33.csv
round1,10C,d07,16.03.2026,D9,Sample45,16,23,1393717,49352,184346,247042,1443069,16_vs_23,1370901.4891764447,72167.5108238068,s15,round1_10C_d07_16.03.2026_D9_Sample45.csv
round1,10C,d07,16.03.2026,C2,Sample26,12,20,1403798,133814,6843,93838,1537612,12_vs_20,1240341.4240155134,297270.57598450856,s09,round1_10C_d07_16.03.2026_C2_Sample26.csv
round1,10C,d07,16.03.2026,A10,Sample10,06,23,90940,316238,474902,247042,407178,06_vs_23,98775.11165864175,308402.88834135083,s04,round1_10C_d07_16.03.2026_A10_Sample10.csv
round1,10C,d07,16.03.2026,A6,Sample6,06,20,903,338,474902,93838,1241,06_vs_20,797.5248639884129,443.47513601158704,s03,round1_10C_d07_16.03.2026_A6_Sample6.csv
round1,10C,d07,16.03.2026,E7,Sample55,20,23,232192,1045296,93838,247042,1277488,20_vs_23,298425.1859221309,979062.814077869,s19,round1_10C_d07_16.03.2026_E7_Sample55.csv
round1,10C,d07,16.03.2026,C12,Sample36,12,43,132449,91207,6843,75860,223656,12_vs_43,124561.71968516643,99094.28031483345,s12,round1_10C_d07_16.03.2026_C12_Sample36.csv
round1,10C,d07,16.03.2026,D7,Sample43,16,23,593805,49708,184346,247042,643513,16_vs_23,589155.1607184605,54357.83928155504,s15,round1_10C_d07_16.03.2026_D7_Sample43.csv
round1,10C,d07,16.03.2026,B9,Sample21,06,56,422079,1177438,474902,7313,1599517,06_vs_56,547102.7126755756,1052414.2873244244,s07,round1_10C_d07_16.03.2026_B9_Sample21.csv
round1,10C,d07,16.03.2026,F12,Sample72,23,43,205930,39582,247042,75860,245512,23_vs_43,193708.1457721488,51803.85422784704,s24,round1_10C_d07_16.03.2026_F12_Sample72.csv
round1,10C,d07,16.03.2026,D6,Sample42,16,20,220325,109506,184346,93838,329831,16_vs_20,196676.45780448,133154.54219552843,s14,round1_10C_d07_16.03.2026_D6_Sample42.csv
round1,10C,d07,16.03.2026,E4,Sample52,16,56,784514,593954,184346,7313,1378468,16_vs_56,790435.1708260996,588032.8291739004,s18,round1_10C_d07_16.03.2026_E4_Sample52.csv
round1,10C,d07,16.03.2026,C11,Sample35,12,43,734613,410376,6843,75860,1144989,12_vs_43,684409.2057276076,460579.7942723442,s12,round1_10C_d07_16.03.2026_C11_Sample35.csv
round1,10C,d07,16.03.2026,D11,Sample47,16,32,1090116,97549,184346,63661,1187665,16_vs_32,1084867.6399797334,102797.36002081847,s16,round1_10C_d07_16.03.2026_D11_Sample47.csv
round1,10C,d07,16.03.2026,D12,Sample48,16,32,213632,35148,184346,63661,248780,16_vs_32,213515.69578166396,35264.30421834419,s16,round1_10C_d07_16.03.2026_D12_Sample48.csv
round1,10C,d07,16.03.2026,B8,Sample20,06,56,875645,812781,474902,7313,1688426,06_vs_56,915016.312334627,773409.687665373,s07,round1_10C_d07_16.03.2026_B8_Sample20.csv
round1,10C,d07,16.03.2026,C7,Sample31,12,32,441920,855636,6843,63661,1297556,12_vs_32,471838.1551966465,825717.8448033964,s11,round1_10C_d07_16.03.2026_C7_Sample31.csv
round1,10C,d07,16.03.2026,B10,Sample22,12,16,170210,581547,6843,184346,751757,12_vs_16,236319.61193863707,515437.38806134206,s08,round1_10C_d07_16.03.2026_B10_Sample22.csv
round1,10C,d07,16.03.2026,G3,Sample75,23,56,71821,42866,247042,7313,114687,23_vs_56,68720.56623480671,45966.433765193324,s25,round1_10C_d07_16.03.2026_G3_Sample75.csv
round1,10C,d07,16.03.2026,A9,Sample9,06,20,19510,11712,474902,93838,31222,06_vs_20,18097.363018663244,13124.636981336638,s03,round1_10C_d07_16.03.2026_A9_Sample9.csv
round1,10C,d07,16.03.2026,F5,Sample65,20,56,155308,1435978,93838,7313,1591286,20_vs_56,358417.3931338965,1232868.6068661036,s22,round1_10C_d07_16.03.2026_F5_Sample65.csv
round1,10C,d07,16.03.2026,A5,Sample5,06,16,961,7528,474902,184346,8489,06_vs_16,1432.8627069832967,7056.137293016688,s02,round1_10C_d07_16.03.2026_A5_Sample5.csv
round1,10C,d07,16.03.2026,C3,Sample27,12,20,1336928,128953,6843,93838,1465881,12_vs_20,1189776.323444919,276104.67655507074,s09,round1_10C_d07_16.03.2026_C3_Sample27.csv
round1,10C,d07,16.03.2026,G12,Sample84,43,56,94198,144686,75860,7313,238884,43_vs_56,96372.95249359947,142511.0475064024,s28,round1_10C_d07_16.03.2026_G12_Sample84.csv
round1,10C,d07,16.03.2026,E3,Sample51,16,43,889925,232286,184346,75860,1122211,16_vs_43,829318.6027661985,292892.3972337953,s17,round1_10C_d07_16.03.2026_E3_Sample51.csv
round1,10C,d07,16.03.2026,D4,Sample40,16,20,1055454,228188,184346,93838,1283642,16_vs_20,941500.1320360728,342141.86796400184,s14,round1_10C_d07_16.03.2026_D4_Sample40.csv
round1,10C,d07,16.03.2026,F8,Sample68,23,32,305553,50062,247042,63661,355615,23_vs_32,279205.5149051433,76409.48509486004,s23,round1_10C_d07_16.03.2026_F8_Sample68.csv
round1,10C,d07,16.03.2026,G4,Sample76,32,43,272707,564391,63661,75860,837098,32_vs_43,269348.3866202348,567749.6133797728,s26,round1_10C_d07_16.03.2026_G4_Sample76.csv
round1,10C,d07,16.03.2026,G6,Sample78,32,43,41135,41183,63661,75860,82318,32_vs_43,39985.427363037285,42332.572636962825,s26,round1_10C_d07_16.03.2026_G6_Sample78.csv
round1,10C,d07,16.03.2026,E8,Sample56,20,23,185830,883805,93838,247042,1069635,20_vs_23,238572.23768339018,831062.7623166097,s19,round1_10C_d07_16.03.2026_E8_Sample56.csv
round1,20C,d01,10.03.2026,C10,Sample34,12,43,37989,23846,19122,120268,61835,12_vs_43,38452.54257386626,23382.457426134068,s12,round1_20C_d01_10.03.2026_C10_Sample34.csv
round1,20C,d01,10.03.2026,G6,Sample78,32,43,24849,72601,48252,120268,97450,32_vs_43,27502.1386296777,69947.86137032117,s26,round1_20C_d01_10.03.2026_G6_Sample78.csv
round1,20C,d01,10.03.2026,F8,Sample68,23,32,16056,5386,39569,48252,21442,23_vs_32,15820.630351837332,5621.369648162763,s23,round1_20C_d01_10.03.2026_F8_Sample68.csv
round1,20C,d01,10.03.2026,G5,Sample77,32,43,28914,102554,48252,120268,131468,32_vs_43,30978.814852251904,100489.18514774741,s26,round1_20C_d01_10.03.2026_G5_Sample77.csv
round1,20C,d01,10.03.2026,E8,Sample56,20,23,14641,10904,35963,39569,25545,20_vs_23,14977.706428200703,10567.293571799297,s19,round1_20C_d01_10.03.2026_E8_Sample56.csv
round1,20C,d01,10.03.2026,D8,Sample44,16,23,31513,13199,79857,39569,44712,16_vs_23,32177.42099083111,12534.579009169163,s15,round1_20C_d01_10.03.2026_D8_Sample44.csv
round1,20C,d01,10.03.2026,F1,Sample61,20,43,53550,59304,35963,120268,112854,20_vs_43,58221.13241182803,54632.86758817223,s21,round1_20C_d01_10.03.2026_F1_Sample61.csv
round1,20C,d01,10.03.2026,C12,Sample36,12,43,62902,39864,19122,120268,102766,12_vs_43,64098.07163374406,38667.92836625628,s12,round1_20C_d01_10.03.2026_C12_Sample36.csv
round1,20C,d01,10.03.2026,C1,Sample25,12,20,7098,21873,19122,35963,28971,12_vs_20,6506.804658961274,22464.19534103904,s09,round1_20C_d01_10.03.2026_C1_Sample25.csv
round1,20C,d01,10.03.2026,F5,Sample65,20,56,9922,48,35963,1490,9970,20_vs_56,9920.358300415675,49.64169958432351,s22,round1_20C_d01_10.03.2026_F5_Sample65.csv
round1,20C,d01,10.03.2026,F3,Sample63,20,43,41163,47107,35963,120268,88270,20_vs_43,45258.03159334873,43011.96840665125,s21,round1_20C_d01_10.03.2026_F3_Sample63.csv
round1,20C,d01,10.03.2026,A6,Sample6,06,20,65029,12681,154421,35963,77710,06_vs_20,55445.67086214878,22264.32913785091,s03,round1_20C_d01_10.03.2026_A6_Sample6.csv
round1,20C,d01,10.03.2026,F6,Sample66,20,56,7898,29,35963,1490,7927,20_vs_56,7897.143185049186,29.856814950814204,s22,round1_20C_d01_10.03.2026_F6_Sample66.csv
round1,20C,d01,10.03.2026,C4,Sample28,12,23,10288,10163,19122,39569,20451,12_vs_23,10650.48952072819,9800.510479271808,s10,round1_20C_d01_10.03.2026_C4_Sample28.csv
round1,20C,d01,10.03.2026,G8,Sample80,32,56,13414,3847,48252,1490,17261,32_vs_56,11110.835149927583,6150.164850072418,s27,round1_20C_d01_10.03.2026_G8_Sample80.csv
round1,20C,d01,10.03.2026,F10,Sample70,23,43,25073,96694,39569,120268,121767,23_vs_43,25774.30103153243,95992.69896846767,s24,round1_20C_d01_10.03.2026_F10_Sample70.csv
round1,20C,d01,10.03.2026,E7,Sample55,20,23,17781,10374,35963,39569,28155,20_vs_23,18010.104698532123,10144.895301467875,s19,round1_20C_d01_10.03.2026_E7_Sample55.csv
round1,20C,d01,10.03.2026,C6,Sample30,12,23,7471,6388,19122,39569,13859,12_vs_23,7614.158292137964,6244.841707862043,s10,round1_20C_d01_10.03.2026_C6_Sample30.csv
round1,20C,d01,10.03.2026,A9,Sample9,06,20,101499,19641,154421,35963,121140,06_vs_20,87364.01706009105,33775.98293991083,s03,round1_20C_d01_10.03.2026_A9_Sample9.csv
round1,20C,d01,10.03.2026,C9,Sample33,12,32,19167,12735,19122,48252,31902,12_vs_32,19327.512371077737,12574.487628922585,s11,round1_20C_d01_10.03.2026_C9_Sample33.csv
round1,20C,d01,10.03.2026,F12,Sample72,23,43,33199,122458,39569,120268,155657,23_vs_43,33956.12336335613,121700.87663664136,s24,round1_20C_d01_10.03.2026_F12_Sample72.csv
round1,20C,d01,10.03.2026,E1,Sample49,16,43,79521,42459,79857,120268,121980,16_vs_43,81725.40825814575,40254.59174185594,s17,round1_20C_d01_10.03.2026_E1_Sample49.csv
round1,20C,d01,10.03.2026,A3,Sample3,06,12,77784,11347,154421,19122,89131,06_vs_12,66690.35473238441,22440.645267615593,s01,round1_20C_d01_10.03.2026_A3_Sample3.csv
round1,20C,d01,10.03.2026,E12,Sample60,20,32,38422,15236,35963,48252,53658,20_vs_32,38741.23624213837,14916.763757861916,s20,round1_20C_d01_10.03.2026_E12_Sample60.csv
round1,20C,d01,10.03.2026,D11,Sample47,16,32,46335,21106,79857,48252,67441,16_vs_32,47091.47270770462,20349.52729229509,s16,round1_20C_d01_10.03.2026_D11_Sample47.csv
round1,20C,d01,10.03.2026,A11,Sample11,06,23,97119,2483,154421,39569,99602,06_vs_23,96746.88366010522,2855.116339896268,s04,round1_20C_d01_10.03.2026_A11_Sample11.csv
round1,20C,d01,10.03.2026,D12,Sample48,16,32,63542,23971,79857,48252,87513,16_vs_32,64445.42877634309,23067.571223657043,s16,round1_20C_d01_10.03.2026_D12_Sample48.csv
round1,20C,d01,10.03.2026,D2,Sample38,12,56,2673,86,19122,1490,2759,12_vs_56,2619.2216576154397,139.77834238456018,s13,round1_20C_d01_10.03.2026_D2_Sample38.csv
round1,20C,d01,10.03.2026,D7,Sample43,16,23,24546,11303,79857,39569,35849,16_vs_23,25111.62030448319,10737.379695516991,s15,round1_20C_d01_10.03.2026_D7_Sample43.csv
round1,20C,d01,10.03.2026,E2,Sample50,16,43,35090,26413,79857,120268,61503,16_vs_43,36751.77752908659,24751.222470913464,s17,round1_20C_d01_10.03.2026_E2_Sample50.csv
round1,20C,d01,10.03.2026,C11,Sample35,12,43,46431,28616,19122,120268,75047,12_vs_43,47109.89748089949,27937.102519099986,s12,round1_20C_d01_10.03.2026_C11_Sample35.csv
round1,20C,d01,10.03.2026,D9,Sample45,16,23,48051,16108,79857,39569,64159,16_vs_23,49010.410888010716,15148.589111989419,s15,round1_20C_d01_10.03.2026_D9_Sample45.csv
round1,20C,d01,10.03.2026,B7,Sample19,06,56,66501,48292,154421,1490,114793,06_vs_56,68800.15166520482,45992.84833479519,s07,round1_20C_d01_10.03.2026_B7_Sample19.csv
round1,20C,d01,10.03.2026,A4,Sample4,06,16,77856,4018,154421,79857,81874,06_vs_16,74585.18994289229,7288.810057108926,s02,round1_20C_d01_10.03.2026_A4_Sample4.csv
round1,20C,d01,10.03.2026,B12,Sample24,12,16,3731,50316,19122,79857,54047,12_vs_16,4067.3622863225532,49979.63771367825,s08,round1_20C_d01_10.03.2026_B12_Sample24.csv
round1,20C,d01,10.03.2026,B1,Sample13,06,32,194164,9100,154421,48252,203264,06_vs_32,194136.34376537416,9127.656234625843,s05,round1_20C_d01_10.03.2026_B1_Sample13.csv
round1,20C,d01,10.03.2026,B4,Sample16,06,43,94840,25673,154421,120268,120513,06_vs_43,86125.88743649918,34387.11256350082,s06,round1_20C_d01_10.03.2026_B4_Sample16.csv
round1,20C,d01,10.03.2026,C8,Sample32,12,32,14137,9930,19122,48252,24067,12_vs_32,14297.724301853781,9769.275698146528,s11,round1_20C_d01_10.03.2026_C8_Sample32.csv
round1,20C,d01,10.03.2026,F4,Sample64,20,56,11962,52,35963,1490,12014,20_vs_56,11953.559025177266,60.440974822735214,s22,round1_20C_d01_10.03.2026_F4_Sample64.csv
round1,20C,d01,10.03.2026,A12,Sample12,06,23,122284,3865,154421,39569,126149,06_vs_23,121827.94586960344,4321.054130396193,s04,round1_20C_d01_10.03.2026_A12_Sample12.csv
round1,20C,d01,10.03.2026,A10,Sample10,06,23,103466,3395,154421,39569,106861,06_vs_23,103121.17516285337,3739.82483714719,s04,round1_20C_d01_10.03.2026_A10_Sample10.csv
round1,20C,d01,10.03.2026,C5,Sample29,12,23,10474,12829,19122,39569,23303,12_vs_23,11026.96613634267,12276.033863657307,s10,round1_20C_d01_10.03.2026_C5_Sample29.csv
round1,20C,d01,10.03.2026,F11,Sample71,23,43,42750,102914,39569,120268,145664,23_vs_43,43109.65474471903,102554.34525528064,s24,round1_20C_d01_10.03.2026_F11_Sample71.csv
round1,20C,d01,10.03.2026,D5,Sample41,16,20,41979,10808,79857,35963,52787,16_vs_20,41503.788112096176,11283.211887904192,s14,round1_20C_d01_10.03.2026_D5_Sample41.csv
round1,20C,d01,10.03.2026,C2,Sample26,12,20,4535,13976,19122,35963,18511,12_vs_20,4199.381579553111,14311.618420446977,s09,round1_20C_d01_10.03.2026_C2_Sample26.csv
round1,20C,d01,10.03.2026,G9,Sample81,32,56,16603,1667,48252,1490,18270,32_vs_56,14026.700839687817,4243.299160312183,s27,round1_20C_d01_10.03.2026_G9_Sample81.csv
round1,20C,d01,10.03.2026,D10,Sample46,16,32,46675,21697,79857,48252,68372,16_vs_32,47566.95520694171,20805.04479305845,s16,round1_20C_d01_10.03.2026_D10_Sample46.csv
round1,20C,d01,10.03.2026,A2,Sample2,06,12,57966,8405,154421,19122,66371,06_vs_12,49013.43635889605,17357.563641103956,s01,round1_20C_d01_10.03.2026_A2_Sample2.csv
round1,20C,d01,10.03.2026,E10,Sample58,20,32,21600,10706,35963,48252,32306,20_vs_32,21793.693836085065,10512.306163915053,s20,round1_20C_d01_10.03.2026_E10_Sample58.csv
round1,20C,d01,10.03.2026,G11,Sample83,43,56,104167,5416,120268,1490,109583,43_vs_56,97513.96217029195,12069.037829707038,s28,round1_20C_d01_10.03.2026_G11_Sample83.csv
round1,20C,d01,10.03.2026,C3,Sample27,12,20,4766,14113,19122,35963,18879,12_vs_20,4261.756221527743,14617.243778472297,s09,round1_20C_d01_10.03.2026_C3_Sample27.csv
round1,20C,d01,10.03.2026,C7,Sample31,12,32,13448,8988,19122,48252,22436,12_vs_32,13515.688076907109,8920.311923093179,s11,round1_20C_d01_10.03.2026_C7_Sample31.csv
round1,20C,d01,10.03.2026,E9,Sample57,20,23,24753,16992,35963,39569,41745,20_vs_23,25386.514795185714,16358.48520481429,s19,round1_20C_d01_10.03.2026_E9_Sample57.csv
round1,20C,d01,10.03.2026,E5,Sample53,16,56,29555,170,79857,1490,29725,16_vs_56,29459.972606755353,265.02739324464585,s18,round1_20C_d01_10.03.2026_E5_Sample53.csv
round1,20C,d01,10.03.2026,G4,Sample76,32,43,30862,105888,48252,120268,136750,32_vs_43,33753.73471941819,102996.2652805806,s26,round1_20C_d01_10.03.2026_G4_Sample76.csv
round1,20C,d01,10.03.2026,B8,Sample20,06,56,87873,47684,154421,1490,135557,06_vs_56,86702.57510358113,48854.42489641887,s07,round1_20C_d01_10.03.2026_B8_Sample20.csv
round1,20C,d01,10.03.2026,B2,Sample14,06,32,97710,5606,154421,48252,103316,06_vs_32,97741.62029334513,5574.379706654875,s05,round1_20C_d01_10.03.2026_B2_Sample14.csv
round1,20C,d01,10.03.2026,G7,Sample79,32,56,11980,4076,48252,1490,16056,32_vs_56,10028.809186935629,6027.190813064371,s27,round1_20C_d01_10.03.2026_G7_Sample79.csv
round1,20C,d01,10.03.2026,A1,Sample1,06,12,136090,16755,154421,19122,152845,06_vs_12,117061.94374587119,35783.05625412882,s01,round1_20C_d01_10.03.2026_A1_Sample1.csv
round1,20C,d01,10.03.2026,B11,Sample23,12,16,3306,37539,19122,79857,40845,12_vs_16,3534.475126575954,37310.52487342445,s08,round1_20C_d01_10.03.2026_B11_Sample23.csv
round1,20C,d01,10.03.2026,D3,Sample39,12,56,2816,99,19122,1490,2915,12_vs_56,2778.6218061425798,136.3781938574202,s13,round1_20C_d01_10.03.2026_D3_Sample39.csv
round1,20C,d01,10.03.2026,B5,Sample17,06,43,106490,25091,154421,120268,131581,06_vs_43,96567.14048386145,35013.859516138546,s06,round1_20C_d01_10.03.2026_B5_Sample17.csv
round1,20C,d01,10.03.2026,A8,Sample8,06,20,71156,17523,154421,35963,88679,06_vs_20,61199.461723760935,27479.53827623821,s03,round1_20C_d01_10.03.2026_A8_Sample8.csv
round1,20C,d01,10.03.2026,E4,Sample52,16,56,54392,194,79857,1490,54586,16_vs_56,54250.88160393316,335.11839606684197,s18,round1_20C_d01_10.03.2026_E4_Sample52.csv
round1,20C,d01,10.03.2026,G10,Sample82,43,56,109803,4461,120268,1490,114264,43_vs_56,103079.7526776427,11184.24732235728,s28,round1_20C_d01_10.03.2026_G10_Sample82.csv
round1,20C,d01,10.03.2026,D1,Sample37,12,56,4140,149,19122,1490,4289,12_vs_56,4083.7661391289444,205.23386087105573,s13,round1_20C_d01_10.03.2026_D1_Sample37.csv
round1,20C,d01,10.03.2026,E3,Sample51,16,43,53931,24303,79857,120268,78234,16_vs_43,54878.31966634304,23355.680333657212,s17,round1_20C_d01_10.03.2026_E3_Sample51.csv
round1,20C,d01,10.03.2026,B10,Sample22,12,16,3584,49427,19122,79857,53011,12_vs_16,3933.700114245251,49077.2998857552,s08,round1_20C_d01_10.03.2026_B10_Sample22.csv
round1,20C,d01,10.03.2026,G12,Sample84,43,56,122800,6047,120268,1490,128847,43_vs_56,115054.79958394158,13792.200416057929,s28,round1_20C_d01_10.03.2026_G12_Sample84.csv
round1,20C,d01,10.03.2026,A7,Sample7,06,20,63798,12164,154421,35963,75962,06_vs_20,54983.63575933953,20978.36424066008,s03,round1_20C_d01_10.03.2026_A7_Sample7.csv
round1,20C,d01,10.03.2026,D4,Sample40,16,20,54831,12423,79857,35963,67254,16_vs_20,54355.14841778054,12898.851582220394,s14,round1_20C_d01_10.03.2026_D4_Sample40.csv
round1,20C,d01,10.03.2026,F9,Sample69,23,32,18723,11897,39569,48252,30620,23_vs_32,19237.94780677299,11382.052193226842,s23,round1_20C_d01_10.03.2026_F9_Sample69.csv
round1,20C,d01,10.03.2026,B9,Sample21,06,56,77831,57811,154421,1490,135642,06_vs_56,81318.62162140771,54323.378378592286,s07,round1_20C_d01_10.03.2026_B9_Sample21.csv
round1,20C,d01,10.03.2026,B3,Sample15,06,32,121393,6212,154421,48252,127605,06_vs_32,121299.2523011316,6305.747698868408,s05,round1_20C_d01_10.03.2026_B3_Sample15.csv
round1,20C,d01,10.03.2026,G3,Sample75,23,56,20873,196,39569,1490,21069,23_vs_56,20564.23970702238,504.7602929777724,s25,round1_20C_d01_10.03.2026_G3_Sample75.csv
round1,20C,d01,10.03.2026,E11,Sample59,20,32,26515,12684,35963,48252,39199,20_vs_32,26760.592855045434,12438.407144954532,s20,round1_20C_d01_10.03.2026_E11_Sample59.csv
round1,20C,d01,10.03.2026,G2,Sample74,23,56,21132,223,39569,1490,21355,23_vs_56,20804.918159515117,550.0818404849813,s25,round1_20C_d01_10.03.2026_G2_Sample74.csv
round1,20C,d01,10.03.2026,D6,Sample42,16,20,27542,8454,79857,35963,35996,16_vs_20,27347.290663667158,8648.709336332882,s14,round1_20C_d01_10.03.2026_D6_Sample42.csv
round1,20C,d01,10.03.2026,F2,Sample62,20,43,42942,48863,35963,120268,91805,20_vs_43,45960.33527783859,45844.66472216137,s21,round1_20C_d01_10.03.2026_F2_Sample62.csv
round1,20C,d01,10.03.2026,F7,Sample67,23,32,16054,4726,39569,48252,20780,23_vs_32,15752.943470997998,5027.056529001941,s23,round1_20C_d01_10.03.2026_F7_Sample67.csv
round1,20C,d01,10.03.2026,G1,Sample73,23,56,30296,637,39569,1490,30933,23_vs_56,29300.394866570557,1632.60513342945,s25,round1_20C_d01_10.03.2026_G1_Sample73.csv
round1,20C,d01,10.03.2026,A5,Sample5,06,16,86532,4947,154421,79857,91479,06_vs_16,82357.45044631693,9121.549553682913,s02,round1_20C_d01_10.03.2026_A5_Sample5.csv
round1,20C,d01,10.03.2026,E6,Sample54,16,56,24910,135,79857,1490,25045,16_vs_56,24831.27245827054,213.7275417294555,s18,round1_20C_d01_10.03.2026_E6_Sample54.csv
round1,20C,d01,10.03.2026,B6,Sample18,06,43,86688,26482,154421,120268,113170,06_vs_43,78864.26605266737,34305.733947332636,s06,round1_20C_d01_10.03.2026_B6_Sample18.csv
round1,10C,d03,12.03.2026,D8,Sample44,16,23,48690,16225,120204,29786,64915,16_vs_23,49130.6658380088,15784.334161992065,s15,round1_10C_d03_12.03.2026_D8_Sample44.csv
round1,10C,d03,12.03.2026,F6,Sample66,20,56,4313,120552,9708,132785,124865,20_vs_56,6833.421240138441,118031.57875986156,s22,round1_10C_d03_12.03.2026_F6_Sample66.csv
round1,10C,d03,12.03.2026,E6,Sample54,16,56,48436,116238,120204,132785,164674,16_vs_56,52224.98865223779,112449.0113477622,s18,round1_10C_d03_12.03.2026_E6_Sample54.csv
round1,10C,d03,12.03.2026,D10,Sample46,16,32,60027,10506,120204,6825,70533,16_vs_32,60133.158860483774,10399.8411395161,s16,round1_10C_d03_12.03.2026_D10_Sample46.csv
round1,10C,d03,12.03.2026,E9,Sample57,20,23,8628,10573,9708,29786,19201,20_vs_23,8962.00258302101,10238.99741697899,s19,round1_10C_d03_12.03.2026_E9_Sample57.csv
round1,10C,d03,12.03.2026,C11,Sample35,12,43,12417,10735,28453,41500,23152,12_vs_43,13320.352850236206,9831.647149763823,s12,round1_10C_d03_12.03.2026_C11_Sample35.csv
round1,10C,d03,12.03.2026,F3,Sample63,20,43,14712,30150,9708,41500,44862,20_vs_43,17767.06606626771,27094.93393373229,s21,round1_10C_d03_12.03.2026_F3_Sample63.csv
round1,10C,d03,12.03.2026,F5,Sample65,20,56,4718,134302,9708,132785,139020,20_vs_56,7632.3173449257065,131387.68265507428,s22,round1_10C_d03_12.03.2026_F5_Sample65.csv
round1,10C,d03,12.03.2026,G9,Sample81,32,56,17852,156294,6825,132785,174146,32_vs_56,22671.029425903544,151474.97057409646,s27,round1_10C_d03_12.03.2026_G9_Sample81.csv
round1,10C,d03,12.03.2026,C12,Sample36,12,43,14623,17582,28453,41500,32205,12_vs_43,16324.104277344746,15880.89572265524,s12,round1_10C_d03_12.03.2026_C12_Sample36.csv
round1,10C,d03,12.03.2026,G12,Sample84,43,56,16523,85595,41500,132785,102118,43_vs_56,24944.383454013678,77173.61654598653,s28,round1_10C_d03_12.03.2026_G12_Sample84.csv
round1,10C,d03,12.03.2026,C1,Sample25,12,20,16228,12841,28453,9708,29069,12_vs_20,14489.055936410932,14579.94406358908,s09,round1_10C_d03_12.03.2026_C1_Sample25.csv
round1,10C,d03,12.03.2026,A8,Sample8,06,20,1960,5332,27673,9708,7292,06_vs_20,2230.984267384809,5061.015732615171,s03,round1_10C_d03_12.03.2026_A8_Sample8.csv
round1,10C,d03,12.03.2026,A5,Sample5,06,16,2442,58066,27673,120204,60508,06_vs_16,3044.8212882667794,57463.17871173455,s02,round1_10C_d03_12.03.2026_A5_Sample5.csv
round1,10C,d03,12.03.2026,B7,Sample19,06,56,2436,116323,27673,132785,118759,06_vs_56,6428.424954228169,112330.57504577184,s07,round1_10C_d03_12.03.2026_B7_Sample19.csv
round1,10C,d03,12.03.2026,C10,Sample34,12,43,12369,13491,28453,41500,25860,12_vs_43,13600.793895803128,12259.206104196883,s12,round1_10C_d03_12.03.2026_C10_Sample34.csv
round1,10C,d03,12.03.2026,D12,Sample48,16,32,73171,12340,120204,6825,85511,16_vs_32,73277.76353565759,12233.236464343176,s16,round1_10C_d03_12.03.2026_D12_Sample48.csv
round1,10C,d03,12.03.2026,D7,Sample43,16,23,36577,12477,120204,29786,49054,16_vs_23,36892.56538353881,12161.434616461642,s15,round1_10C_d03_12.03.2026_D7_Sample43.csv
round1,10C,d03,12.03.2026,E8,Sample56,20,23,3510,3333,9708,29786,6843,20_vs_23,3637.560991592947,3205.439008407053,s19,round1_10C_d03_12.03.2026_E8_Sample56.csv
round1,10C,d03,12.03.2026,G11,Sample83,43,56,11700,77535,41500,132785,89235,43_vs_56,17916.85162521886,71318.14837478171,s28,round1_10C_d03_12.03.2026_G11_Sample83.csv
round1,10C,d03,12.03.2026,E1,Sample49,16,43,65719,16324,120204,41500,82043,16_vs_43,66279.12271686015,15763.877283141268,s17,round1_10C_d03_12.03.2026_E1_Sample49.csv
round1,10C,d03,12.03.2026,F8,Sample68,23,32,7916,344,29786,6825,8260,23_vs_32,7616.4441550434,643.555844956571,s23,round1_10C_d03_12.03.2026_F8_Sample68.csv
round1,10C,d03,12.03.2026,B5,Sample17,06,43,5857,52061,27673,41500,57918,06_vs_43,8707.216115927518,49210.78388407248,s06,round1_10C_d03_12.03.2026_B5_Sample17.csv
round1,10C,d03,12.03.2026,B6,Sample18,06,43,3737,34724,27673,41500,38461,06_vs_43,5591.499030918629,32869.500969081375,s06,round1_10C_d03_12.03.2026_B6_Sample18.csv
round1,10C,d03,12.03.2026,D5,Sample41,16,20,41692,3671,120204,9708,45363,16_vs_20,40019.14929043091,5343.850709569328,s14,round1_10C_d03_12.03.2026_D5_Sample41.csv
round1,10C,d03,12.03.2026,C2,Sample26,12,20,8058,6830,28453,9708,14888,12_vs_20,7458.088105952022,7429.911894047976,s09,round1_10C_d03_12.03.2026_C2_Sample26.csv
round1,10C,d03,12.03.2026,F2,Sample62,20,43,6507,12114,9708,41500,18621,20_vs_43,7705.316994242893,10915.68300575698,s21,round1_10C_d03_12.03.2026_F2_Sample62.csv
round1,10C,d03,12.03.2026,D9,Sample45,16,23,51756,15313,120204,29786,67069,16_vs_23,52045.26654384667,15023.733456154223,s15,round1_10C_d03_12.03.2026_D9_Sample45.csv
round1,10C,d03,12.03.2026,F7,Sample67,23,32,4723,697,29786,6825,5420,23_vs_32,4557.492296660956,862.5077033390397,s23,round1_10C_d03_12.03.2026_F7_Sample67.csv
round1,10C,d03,12.03.2026,F12,Sample72,23,43,11932,31930,29786,41500,43862,23_vs_43,12568.608964582465,31293.391035417433,s24,round1_10C_d03_12.03.2026_F12_Sample72.csv
round1,10C,d03,12.03.2026,C6,Sample30,12,23,6074,4530,28453,29786,10604,12_vs_23,6147.789300913598,4456.21069908638,s10,round1_10C_d03_12.03.2026_C6_Sample30.csv
round1,10C,d03,12.03.2026,E12,Sample60,20,32,5198,3480,9708,6825,8678,20_vs_32,5331.943250884737,3346.056749115287,s20,round1_10C_d03_12.03.2026_E12_Sample60.csv
round1,10C,d03,12.03.2026,D1,Sample37,12,56,26520,217460,28453,132785,243980,12_vs_56,34038.67164350412,209941.32835649588,s13,round1_10C_d03_12.03.2026_D1_Sample37.csv
round1,10C,d03,12.03.2026,D3,Sample39,12,56,17474,262823,28453,132785,280297,12_vs_56,25339.365013886098,254957.6349861139,s13,round1_10C_d03_12.03.2026_D3_Sample39.csv
round1,10C,d03,12.03.2026,G6,Sample78,32,43,5428,27367,6825,41500,32795,32_vs_43,5832.376827465382,26962.623172534473,s26,round1_10C_d03_12.03.2026_G6_Sample78.csv
round1,10C,d03,12.03.2026,A9,Sample9,06,20,2147,7348,27673,9708,9495,06_vs_20,2713.685074007918,6781.314925992121,s03,round1_10C_d03_12.03.2026_A9_Sample9.csv
round1,10C,d03,12.03.2026,G8,Sample80,32,56,26374,85134,6825,132785,111508,32_vs_56,29337.263282869542,82170.73671713046,s27,round1_10C_d03_12.03.2026_G8_Sample80.csv
round1,10C,d03,12.03.2026,B11,Sample23,12,16,5663,70506,28453,120204,76169,12_vs_16,7299.132081521561,68869.8679184802,s08,round1_10C_d03_12.03.2026_B11_Sample23.csv
round1,10C,d03,12.03.2026,C5,Sample29,12,23,13630,13559,28453,29786,27189,12_vs_23,13876.741881261874,13312.258118738135,s10,round1_10C_d03_12.03.2026_C5_Sample29.csv
round1,10C,d03,12.03.2026,E4,Sample52,16,56,48697,79777,120204,132785,128474,16_vs_56,51212.21928246802,77261.78071753198,s18,round1_10C_d03_12.03.2026_E4_Sample52.csv
round1,10C,d03,12.03.2026,C3,Sample27,12,20,18446,15471,28453,9708,33917,12_vs_20,17349.325513767304,16567.67448623265,s09,round1_10C_d03_12.03.2026_C3_Sample27.csv
round1,10C,d03,12.03.2026,G10,Sample82,43,56,7487,68081,41500,132785,75568,43_vs_56,11834.22868787366,63733.77131212636,s28,round1_10C_d03_12.03.2026_G10_Sample82.csv
round1,10C,d03,12.03.2026,A12,Sample12,06,23,6694,5771,27673,29786,12465,06_vs_23,6612.760436336835,5852.239563663151,s04,round1_10C_d03_12.03.2026_A12_Sample12.csv
round1,10C,d03,12.03.2026,F11,Sample71,23,43,6822,22115,29786,41500,28937,23_vs_43,7263.706778973129,21673.293221026765,s24,round1_10C_d03_12.03.2026_F11_Sample71.csv
round1,10C,d03,12.03.2026,E2,Sample50,16,43,62773,17934,120204,41500,80707,16_vs_43,63474.973848057154,17232.026151943523,s17,round1_10C_d03_12.03.2026_E2_Sample50.csv
round1,10C,d03,12.03.2026,G7,Sample79,32,56,13591,69090,6825,132785,82681,32_vs_56,15950.036688507504,66730.9633114925,s27,round1_10C_d03_12.03.2026_G7_Sample79.csv
round1,10C,d03,12.03.2026,E5,Sample53,16,56,39237,104339,120204,132785,143576,16_vs_56,42655.333586755514,100920.6664132445,s18,round1_10C_d03_12.03.2026_E5_Sample53.csv
round1,10C,d03,12.03.2026,B2,Sample14,06,32,5567,2417,27673,6825,7984,06_vs_32,5624.934752569608,2359.0652474303934,s05,round1_10C_d03_12.03.2026_B2_Sample14.csv
round1,10C,d03,12.03.2026,B1,Sample13,06,32,21356,8127,27673,6825,29483,06_vs_32,21573.212461174386,7909.787538825616,s05,round1_10C_d03_12.03.2026_B1_Sample13.csv
round1,10C,d03,12.03.2026,G2,Sample74,23,56,14384,69805,29786,132785,84189,23_vs_56,17788.8105334674,66400.18946653245,s25,round1_10C_d03_12.03.2026_G2_Sample74.csv
round1,10C,d03,12.03.2026,B8,Sample20,06,56,4051,182561,27673,132785,186612,06_vs_56,10358.158422899834,176253.84157710016,s07,round1_10C_d03_12.03.2026_B8_Sample20.csv
round1,10C,d03,12.03.2026,G5,Sample77,32,43,10435,59806,6825,41500,70241,32_vs_43,10479.284046699235,59761.71595330131,s26,round1_10C_d03_12.03.2026_G5_Sample77.csv
round1,10C,d03,12.03.2026,D4,Sample40,16,20,58540,4376,120204,9708,62916,16_vs_20,56408.5870244664,6507.412975534593,s14,round1_10C_d03_12.03.2026_D4_Sample40.csv
round1,10C,d03,12.03.2026,B4,Sample16,06,43,3970,35661,27673,41500,39631,06_vs_43,5925.7852149743485,33705.21478502565,s06,round1_10C_d03_12.03.2026_B4_Sample16.csv
round1,10C,d03,12.03.2026,A10,Sample10,06,23,9108,5244,27673,29786,14352,06_vs_23,9118.546976642057,5233.453023357921,s04,round1_10C_d03_12.03.2026_A10_Sample10.csv
round1,10C,d03,12.03.2026,C9,Sample33,12,32,11885,6979,28453,6825,18864,12_vs_32,11860.889875298184,7003.11012470233,s11,round1_10C_d03_12.03.2026_C9_Sample33.csv
round1,10C,d03,12.03.2026,F1,Sample61,20,43,20217,40447,9708,41500,60664,20_vs_43,23148.44410392441,37515.55589607584,s21,round1_10C_d03_12.03.2026_F1_Sample61.csv
round1,10C,d03,12.03.2026,D2,Sample38,12,56,8201,130550,28453,132785,138751,12_vs_56,11207.491723954525,127543.50827604547,s13,round1_10C_d03_12.03.2026_D2_Sample38.csv
round1,10C,d03,12.03.2026,B12,Sample24,12,16,6570,81139,28453,120204,87709,12_vs_16,8456.033342821085,79252.96665718102,s08,round1_10C_d03_12.03.2026_B12_Sample24.csv
round1,10C,d03,12.03.2026,A11,Sample11,06,23,7218,3493,27673,29786,10711,06_vs_23,7149.384474820156,3561.61552517979,s04,round1_10C_d03_12.03.2026_A11_Sample11.csv
round1,10C,d03,12.03.2026,A4,Sample4,06,16,1833,42588,27673,120204,44421,06_vs_16,2289.0788329691504,42131.92116703141,s02,round1_10C_d03_12.03.2026_A4_Sample4.csv
round1,10C,d03,12.03.2026,B9,Sample21,06,56,3863,178200,27673,132785,182063,06_vs_56,8198.291094880042,173864.70890511997,s07,round1_10C_d03_12.03.2026_B9_Sample21.csv
round1,10C,d03,12.03.2026,A1,Sample1,06,12,3769,9158,27673,28453,12927,06_vs_12,4724.524691175609,8202.47530882439,s01,round1_10C_d03_12.03.2026_A1_Sample1.csv
round1,10C,d03,12.03.2026,A7,Sample7,06,20,2865,9963,27673,9708,12828,06_vs_20,3672.270379916487,9155.729620083475,s03,round1_10C_d03_12.03.2026_A7_Sample7.csv
round1,10C,d03,12.03.2026,D6,Sample42,16,20,68457,4725,120204,9708,73182,16_vs_20,66289.46974642585,6892.530253573867,s14,round1_10C_d03_12.03.2026_D6_Sample42.csv
round1,10C,d03,12.03.2026,C8,Sample32,12,32,3437,1880,28453,6825,5317,12_vs_32,3466.1285833138236,1850.8714166861791,s11,round1_10C_d03_12.03.2026_C8_Sample32.csv
round1,10C,d03,12.03.2026,E10,Sample58,20,32,3822,2307,9708,6825,6129,20_vs_32,3908.4689620724835,2220.531037927524,s20,round1_10C_d03_12.03.2026_E10_Sample58.csv
round1,10C,d03,12.03.2026,G3,Sample75,23,56,75748,260427,29786,132785,336175,23_vs_56,89045.16528074208,247129.83471925312,s25,round1_10C_d03_12.03.2026_G3_Sample75.csv
round1,10C,d03,12.03.2026,F10,Sample70,23,43,12034,41106,29786,41500,53140,23_vs_43,12884.498423492803,40255.50157650732,s24,round1_10C_d03_12.03.2026_F10_Sample70.csv
round1,10C,d03,12.03.2026,D11,Sample47,16,32,56875,10662,120204,6825,67537,16_vs_32,56962.86067927006,10574.139320730028,s16,round1_10C_d03_12.03.2026_D11_Sample47.csv
round1,10C,d03,12.03.2026,A6,Sample6,06,20,3500,55971,27673,9708,59471,06_vs_20,4811.729790583417,54659.27020941753,s03,round1_10C_d03_12.03.2026_A6_Sample6.csv
round1,10C,d03,12.03.2026,G1,Sample73,23,56,47092,285056,29786,132785,332148,23_vs_56,56073.93579324528,276074.06420675135,s25,round1_10C_d03_12.03.2026_G1_Sample73.csv
round1,10C,d03,12.03.2026,A3,Sample3,06,12,7535,19756,27673,28453,27291,06_vs_12,9654.439469621477,17636.560530378523,s01,round1_10C_d03_12.03.2026_A3_Sample3.csv
round1,10C,d03,12.03.2026,B3,Sample15,06,32,22542,8846,27673,6825,31388,06_vs_32,22794.98135567904,8593.01864432096,s05,round1_10C_d03_12.03.2026_B3_Sample15.csv
round1,10C,d03,12.03.2026,F9,Sample69,23,32,7242,590,29786,6825,7832,23_vs_32,6939.306183253528,892.6938167464798,s23,round1_10C_d03_12.03.2026_F9_Sample69.csv
round1,10C,d03,12.03.2026,C7,Sample31,12,32,6188,3102,28453,6825,9290,12_vs_32,6169.971506974154,3120.0284930258244,s11,round1_10C_d03_12.03.2026_C7_Sample31.csv
round1,10C,d03,12.03.2026,E7,Sample55,20,23,4183,4841,9708,29786,9024,20_vs_23,4424.008041058294,4599.991958941706,s19,round1_10C_d03_12.03.2026_E7_Sample55.csv
round1,10C,d03,12.03.2026,E11,Sample59,20,32,3820,2478,9708,6825,6298,20_vs_32,3926.1241699318844,2371.8758300681216,s20,round1_10C_d03_12.03.2026_E11_Sample59.csv
round1,10C,d03,12.03.2026,F4,Sample64,20,56,6816,165433,9708,132785,172249,20_vs_56,10433.985669815924,161815.0143301841,s22,round1_10C_d03_12.03.2026_F4_Sample64.csv
round1,10C,d03,12.03.2026,C4,Sample28,12,23,9567,8050,28453,29786,17617,12_vs_23,9713.860473453906,7903.139526546113,s10,round1_10C_d03_12.03.2026_C4_Sample28.csv
round1,10C,d03,12.03.2026,B10,Sample22,12,16,4994,50078,28453,120204,55072,12_vs_16,6045.841310036566,49026.15868996406,s08,round1_10C_d03_12.03.2026_B10_Sample22.csv
round1,10C,d03,12.03.2026,E3,Sample51,16,43,54568,15562,120204,41500,70130,16_vs_43,55215.820817135864,14914.179182864758,s17,round1_10C_d03_12.03.2026_E3_Sample51.csv
round1,10C,d03,12.03.2026,A2,Sample2,06,12,2420,6185,27673,28453,8605,06_vs_12,3053.9467637167354,5551.053236283265,s01,round1_10C_d03_12.03.2026_A2_Sample2.csv
round1,10C,d03,12.03.2026,G4,Sample76,32,43,8288,50102,6825,41500,58390,32_vs_43,8404.738667532321,49985.26133246773,s26,round1_10C_d03_12.03.2026_G4_Sample76.csv
