Round,Temp,Day,Date,Well,Sample,isolate_A,isolate_B,count_A,count_B,isolate_A_mono_counts,isolate_B_mono_counts,N,model_dir,summed_proba_A,summed_proba_B,Community,filename
round2,20C,d02,09.04.2026,E11,Sample59,16,23,141965,83209,95909,165271,225174,16_vs_23,135927.21829578927,89246.78170421539,s15,round2_20C_d02_09.04.2026_E11_Sample59.csv
round2,20C,d02,09.04.2026,D9,Sample45,12,23,3670,176437,60050,165271,180107,12_vs_23,6869.233464602789,173237.76653539814,s10,round2_20C_d02_09.04.2026_D9_Sample45.csv
round2,20C,d02,09.04.2026,F2,Sample62,16,32,145987,30446,95909,216746,176433,16_vs_32,146144.54671877535,30288.453281224658,s16,round2_20C_d02_09.04.2026_F2_Sample62.csv
round2,20C,d02,09.04.2026,G10,Sample82,23,32,166145,43912,165271,216746,210057,23_vs_32,136981.13596007775,73075.86403992245,s23,round2_20C_d02_09.04.2026_G10_Sample82.csv
round2,20C,d02,09.04.2026,H5,Sample89,23,56,207110,1887,165271,1710,208997,23_vs_56,201233.194091179,7763.805908820992,s25,round2_20C_d02_09.04.2026_H5_Sample89.csv
round2,20C,d02,09.04.2026,F3,Sample63,16,32,162026,31620,95909,216746,193646,16_vs_32,162254.61175463715,31391.388245362858,s16,round2_20C_d02_09.04.2026_F3_Sample63.csv
round2,20C,d02,09.04.2026,C3,Sample27,06,23,33041,15936,51836,165271,48977,06_vs_23,33569.48654862544,15407.513451374462,s04,round2_20C_d02_09.04.2026_C3_Sample27.csv
round2,20C,d02,09.04.2026,G4,Sample76,20,43,20997,11784,14268,16379,32781,20_vs_43,20250.656705699184,12530.343294300817,s21,round2_20C_d02_09.04.2026_G4_Sample76.csv
round2,20C,d02,09.04.2026,E7,Sample55,16,20,117578,18152,95909,14268,135730,16_vs_20,114669.37774067164,21060.622259328356,s14,round2_20C_d02_09.04.2026_E7_Sample55.csv
round2,20C,d02,09.04.2026,G9,Sample81,20,56,16485,540,14268,1710,17025,20_vs_56,16295.299605760953,729.7003942390843,s22,round2_20C_d02_09.04.2026_G9_Sample81.csv
round2,20C,d02,09.04.2026,E1,Sample49,12,43,12033,91475,60050,16379,103508,12_vs_43,21494.879328146337,82013.12067185367,s12,round2_20C_d02_09.04.2026_E1_Sample49.csv
round2,20C,d02,09.04.2026,H4,Sample88,23,56,186892,1942,165271,1710,188834,23_vs_56,181029.24633755896,7804.753662441055,s25,round2_20C_d02_09.04.2026_H4_Sample88.csv
round2,20C,d02,09.04.2026,F1,Sample61,16,32,170702,34967,95909,216746,205669,16_vs_32,170787.4752231617,34881.52477683831,s16,round2_20C_d02_09.04.2026_F1_Sample61.csv
round2,20C,d02,09.04.2026,G7,Sample79,20,56,14496,886,14268,1710,15382,20_vs_56,14338.59582089202,1043.404179108011,s22,round2_20C_d02_09.04.2026_G7_Sample79.csv
round2,20C,d02,09.04.2026,C8,Sample32,06,43,35537,8989,51836,16379,44526,06_vs_43,34708.51797915713,9817.482020843332,s06,round2_20C_d02_09.04.2026_C8_Sample32.csv
round2,20C,d02,09.04.2026,B11,Sample23,06,20,58164,5400,51836,14268,63564,06_vs_20,55238.686873090795,8325.313126909185,s03,round2_20C_d02_09.04.2026_B11_Sample23.csv
round2,20C,d02,09.04.2026,H3,Sample87,23,43,149773,12099,165271,16379,161872,23_vs_43,125450.14144270134,36421.858557298976,s24,round2_20C_d02_09.04.2026_H3_Sample87.csv
round2,20C,d02,09.04.2026,H12,Sample96,32,56,262089,20974,216746,1710,283063,32_vs_56,251082.81440177097,31980.18559823131,s27,round2_20C_d02_09.04.2026_H12_Sample96.csv
round2,20C,d02,09.04.2026,G1,Sample73,20,32,38813,298120,14268,216746,336933,20_vs_32,39940.54199131722,296992.45800868276,s20,round2_20C_d02_09.04.2026_G1_Sample73.csv
round2,20C,d02,09.04.2026,H6,Sample90,23,56,183297,1819,165271,1710,185116,23_vs_56,177299.6920227753,7816.307977224709,s25,round2_20C_d02_09.04.2026_H6_Sample90.csv
round2,20C,d02,09.04.2026,C1,Sample25,06,23,54117,42104,51836,165271,96221,06_vs_23,55503.65373560648,40717.34626439369,s04,round2_20C_d02_09.04.2026_C1_Sample25.csv
round2,20C,d02,09.04.2026,B3,Sample15,43,56,15436,634,16379,1710,16070,43_vs_56,14765.025276685188,1304.9747233148128,s28,round2_20C_d02_09.04.2026_B3_Sample15.csv
round2,20C,d02,09.04.2026,G8,Sample80,20,56,17966,783,14268,1710,18749,20_vs_56,17773.138250913336,975.8617490866687,s22,round2_20C_d02_09.04.2026_G8_Sample80.csv
round2,20C,d02,09.04.2026,F7,Sample67,16,56,113090,2095,95909,1710,115185,16_vs_56,110684.45206760961,4500.547932395238,s18,round2_20C_d02_09.04.2026_F7_Sample67.csv
round2,20C,d02,09.04.2026,E12,Sample60,16,23,166407,77985,95909,165271,244392,16_vs_23,160685.13059443524,83706.8694055702,s15,round2_20C_d02_09.04.2026_E12_Sample60.csv
round2,20C,d02,09.04.2026,D8,Sample44,12,23,3045,160914,60050,165271,163959,12_vs_23,6187.999722053644,157771.00027794443,s10,round2_20C_d02_09.04.2026_D8_Sample44.csv
round2,20C,d02,09.04.2026,C12,Sample36,06,56,42265,2501,51836,1710,44766,06_vs_56,41662.24638757059,3103.7536124294074,s07,round2_20C_d02_09.04.2026_C12_Sample36.csv
round2,20C,d02,09.04.2026,C5,Sample29,06,32,51966,2522,51836,216746,54488,06_vs_32,52047.92662031708,2440.0733796831537,s05,round2_20C_d02_09.04.2026_C5_Sample29.csv
round2,20C,d02,09.04.2026,F5,Sample65,16,43,188996,10805,95909,16379,199801,16_vs_43,184444.32438964126,15356.675610364595,s17,round2_20C_d02_09.04.2026_F5_Sample65.csv
round2,20C,d02,09.04.2026,D7,Sample43,12,23,4750,169000,60050,165271,173750,12_vs_23,7839.80775565986,165910.19224433936,s10,round2_20C_d02_09.04.2026_D7_Sample43.csv
round2,20C,d02,09.04.2026,E3,Sample51,12,43,11352,81958,60050,16379,93310,12_vs_43,19069.324143163813,74240.67585683618,s12,round2_20C_d02_09.04.2026_E3_Sample51.csv
round2,20C,d02,09.04.2026,B9,Sample21,06,16,47871,3230,51836,95909,51101,06_vs_16,46997.757278332894,4103.242721667102,s02,round2_20C_d02_09.04.2026_B9_Sample21.csv
round2,20C,d02,09.04.2026,H2,Sample86,23,43,161580,13859,165271,16379,175439,23_vs_43,135285.00081884133,40153.9991811608,s24,round2_20C_d02_09.04.2026_H2_Sample86.csv
round2,20C,d02,09.04.2026,E6,Sample54,12,56,64953,6944,60050,1710,71897,12_vs_56,57703.06532979346,14193.934670206541,s13,round2_20C_d02_09.04.2026_E6_Sample54.csv
round2,20C,d02,09.04.2026,B2,Sample14,43,56,22575,807,16379,1710,23382,43_vs_56,21694.90744538646,1687.0925546135436,s28,round2_20C_d02_09.04.2026_B2_Sample14.csv
round2,20C,d02,09.04.2026,B6,Sample18,06,12,34021,3107,51836,60050,37128,06_vs_12,32509.775516970993,4618.22448302913,s01,round2_20C_d02_09.04.2026_B6_Sample18.csv
round2,20C,d02,09.04.2026,E9,Sample57,16,20,150360,20531,95909,14268,170891,16_vs_20,146358.1120648589,24532.887935141098,s14,round2_20C_d02_09.04.2026_E9_Sample57.csv
round2,20C,d02,09.04.2026,D4,Sample40,12,20,25513,53600,60050,14268,79113,12_vs_20,25547.221577266937,53565.77842273324,s09,round2_20C_d02_09.04.2026_D4_Sample40.csv
round2,20C,d02,09.04.2026,D3,Sample39,12,16,8246,221021,60050,95909,229267,12_vs_16,13825.77876584874,215441.22123415125,s08,round2_20C_d02_09.04.2026_D3_Sample39.csv
round2,20C,d02,09.04.2026,F11,Sample71,20,23,35110,243884,14268,165271,278994,20_vs_23,35136.862450899454,243857.13754910056,s19,round2_20C_d02_09.04.2026_F11_Sample71.csv
round2,20C,d02,09.04.2026,F10,Sample70,20,23,25536,197048,14268,165271,222584,20_vs_23,25455.56737181273,197128.43262818726,s19,round2_20C_d02_09.04.2026_F10_Sample70.csv
round2,20C,d02,09.04.2026,G11,Sample83,23,32,180788,50735,165271,216746,231523,23_vs_32,149127.82591977483,82395.17408022624,s23,round2_20C_d02_09.04.2026_G11_Sample83.csv
round2,20C,d02,09.04.2026,H1,Sample85,23,43,128956,62902,165271,16379,191858,23_vs_43,119660.80181732756,72197.19818267225,s24,round2_20C_d02_09.04.2026_H1_Sample85.csv
round2,20C,d02,09.04.2026,C11,Sample35,06,56,56367,3527,51836,1710,59894,06_vs_56,55572.99507810541,4321.004921894597,s07,round2_20C_d02_09.04.2026_C11_Sample35.csv
round2,20C,d02,09.04.2026,D1,Sample37,12,16,9663,183471,60050,95909,193134,12_vs_16,15734.359180592488,177399.64081940753,s08,round2_20C_d02_09.04.2026_D1_Sample37.csv
round2,20C,d02,09.04.2026,D5,Sample41,12,20,22437,48910,60050,14268,71347,12_vs_20,22472.842467793045,48874.157532206766,s09,round2_20C_d02_09.04.2026_D5_Sample41.csv
round2,20C,d02,09.04.2026,H10,Sample94,32,56,247911,10708,216746,1710,258619,32_vs_56,236726.43851659502,21892.56148340874,s27,round2_20C_d02_09.04.2026_H10_Sample94.csv
round2,20C,d02,09.04.2026,H8,Sample92,32,43,293911,19917,216746,16379,313828,32_vs_43,228528.41481455878,85299.58518543973,s26,round2_20C_d02_09.04.2026_H8_Sample92.csv
round2,20C,d02,09.04.2026,B8,Sample20,06,16,40805,2536,51836,95909,43341,06_vs_16,40072.58130925165,3268.4186907483536,s02,round2_20C_d02_09.04.2026_B8_Sample20.csv
round2,20C,d02,09.04.2026,C2,Sample26,06,23,47663,11433,51836,165271,59096,06_vs_23,47880.02882562728,11215.971174372693,s04,round2_20C_d02_09.04.2026_C2_Sample26.csv
round2,20C,d02,09.04.2026,H7,Sample91,32,43,317015,23708,216746,16379,340723,32_vs_43,239456.53869908955,101266.46130091623,s26,round2_20C_d02_09.04.2026_H7_Sample91.csv
round2,20C,d02,09.04.2026,F6,Sample66,16,43,92026,6941,95909,16379,98967,16_vs_43,89812.23124056704,9154.768759434419,s17,round2_20C_d02_09.04.2026_F6_Sample66.csv
round2,20C,d02,09.04.2026,C4,Sample28,06,32,59964,3119,51836,216746,63083,06_vs_32,60060.901470260935,3022.0985297386446,s05,round2_20C_d02_09.04.2026_C4_Sample28.csv
round2,20C,d02,09.04.2026,B10,Sample22,06,20,47644,3963,51836,14268,51607,06_vs_20,45269.29303020882,6337.706969791904,s03,round2_20C_d02_09.04.2026_B10_Sample22.csv
round2,20C,d02,09.04.2026,C6,Sample30,06,32,51833,2589,51836,216746,54422,06_vs_32,51924.536929812006,2497.4630701878623,s05,round2_20C_d02_09.04.2026_C6_Sample30.csv
round2,20C,d02,09.04.2026,B4,Sample16,06,12,47519,4685,51836,60050,52204,06_vs_12,45554.42164695624,6649.578353043471,s01,round2_20C_d02_09.04.2026_B4_Sample16.csv
round2,20C,d02,09.04.2026,G12,Sample84,23,32,194341,61762,165271,216746,256103,23_vs_32,164057.42961015028,92045.57038985178,s23,round2_20C_d02_09.04.2026_G12_Sample84.csv
round2,20C,d02,09.04.2026,E2,Sample50,12,43,10119,73402,60050,16379,83521,12_vs_43,16894.51851721558,66626.48148278442,s12,round2_20C_d02_09.04.2026_E2_Sample50.csv
round2,20C,d02,09.04.2026,F4,Sample64,16,43,192731,10153,95909,16379,202884,16_vs_43,188606.17795135264,14277.822048657554,s17,round2_20C_d02_09.04.2026_F4_Sample64.csv
round2,20C,d02,09.04.2026,D10,Sample46,12,32,14718,250877,60050,216746,265595,12_vs_32,27828.000388859007,237766.999611141,s11,round2_20C_d02_09.04.2026_D10_Sample46.csv
round2,20C,d02,09.04.2026,H11,Sample95,32,56,261823,17828,216746,1710,279651,32_vs_56,250219.87854028167,29431.121459716684,s27,round2_20C_d02_09.04.2026_H11_Sample95.csv
round2,20C,d02,09.04.2026,B7,Sample19,06,16,40157,2409,51836,95909,42566,06_vs_16,39493.6428131876,3072.3571868123936,s02,round2_20C_d02_09.04.2026_B7_Sample19.csv
round2,20C,d02,09.04.2026,G5,Sample77,20,43,13385,7797,14268,16379,21182,20_vs_43,12971.318627694196,8210.681372305804,s21,round2_20C_d02_09.04.2026_G5_Sample77.csv
round2,20C,d02,09.04.2026,E10,Sample58,16,23,114588,67122,95909,165271,181710,16_vs_23,109373.30790497529,72336.6920950258,s15,round2_20C_d02_09.04.2026_E10_Sample58.csv
round2,20C,d02,09.04.2026,F9,Sample69,16,56,141059,1806,95909,1710,142865,16_vs_56,138705.53735979073,4159.46264021934,s18,round2_20C_d02_09.04.2026_F9_Sample69.csv
round2,20C,d02,09.04.2026,G3,Sample75,20,32,43973,301137,14268,216746,345110,20_vs_32,44914.71745307245,300195.28254692757,s20,round2_20C_d02_09.04.2026_G3_Sample75.csv
round2,20C,d02,09.04.2026,E5,Sample53,12,56,59800,12094,60050,1710,71894,12_vs_56,53091.138889919974,18802.861110080026,s13,round2_20C_d02_09.04.2026_E5_Sample53.csv
round2,20C,d02,09.04.2026,B12,Sample24,06,20,45510,4516,51836,14268,50026,06_vs_20,43232.29356666178,6793.706433338373,s03,round2_20C_d02_09.04.2026_B12_Sample24.csv
round2,20C,d02,09.04.2026,D12,Sample48,12,32,15382,253181,60050,216746,268563,12_vs_32,31025.19545220749,237537.80454779253,s11,round2_20C_d02_09.04.2026_D12_Sample48.csv
round2,20C,d02,09.04.2026,G2,Sample74,20,32,33628,264881,14268,216746,298509,20_vs_32,34477.98055847228,264031.0194415277,s20,round2_20C_d02_09.04.2026_G2_Sample74.csv
round2,20C,d02,09.04.2026,G6,Sample78,20,43,9192,5191,14268,16379,14383,20_vs_43,9103.185525018656,5279.814474981344,s21,round2_20C_d02_09.04.2026_G6_Sample78.csv
round2,20C,d02,09.04.2026,C10,Sample34,06,56,45462,2915,51836,1710,48377,06_vs_56,44753.14898432417,3623.851015675826,s07,round2_20C_d02_09.04.2026_C10_Sample34.csv
round2,20C,d02,09.04.2026,C9,Sample33,06,43,40463,9934,51836,16379,50397,06_vs_43,39617.426630808135,10779.573369191447,s06,round2_20C_d02_09.04.2026_C9_Sample33.csv
round2,20C,d02,09.04.2026,D6,Sample42,12,20,19612,41912,60050,14268,61524,12_vs_20,19594.869838272756,41929.13016172672,s09,round2_20C_d02_09.04.2026_D6_Sample42.csv
round2,20C,d02,09.04.2026,E4,Sample52,12,56,70285,11092,60050,1710,81377,12_vs_56,62237.21364970869,19139.786350291302,s13,round2_20C_d02_09.04.2026_E4_Sample52.csv
round2,20C,d02,09.04.2026,D11,Sample47,12,32,27788,316899,60050,216746,344687,12_vs_32,46830.14851827041,297856.85148172954,s11,round2_20C_d02_09.04.2026_D11_Sample47.csv
round2,20C,d02,09.04.2026,H9,Sample93,32,43,255220,17243,216746,16379,272463,32_vs_43,188939.6199664828,83523.38003351192,s26,round2_20C_d02_09.04.2026_H9_Sample93.csv
round2,20C,d02,09.04.2026,F12,Sample72,20,23,30401,223053,14268,165271,253454,20_vs_23,30372.540678668604,223081.4593213314,s19,round2_20C_d02_09.04.2026_F12_Sample72.csv
round2,20C,d02,09.04.2026,C7,Sample31,06,43,34083,7933,51836,16379,42016,06_vs_43,33445.32892094182,8570.671079058524,s06,round2_20C_d02_09.04.2026_C7_Sample31.csv
round2,20C,d02,09.04.2026,D2,Sample38,12,16,9573,190645,60050,95909,200218,12_vs_16,14605.975232343812,185612.02476765617,s08,round2_20C_d02_09.04.2026_D2_Sample38.csv
round2,20C,d02,09.04.2026,E8,Sample56,16,20,130385,18182,95909,14268,148567,16_vs_20,127375.09778004143,21191.902219958578,s14,round2_20C_d02_09.04.2026_E8_Sample56.csv
round2,20C,d02,09.04.2026,B5,Sample17,06,12,45326,4239,51836,60050,49565,06_vs_12,43372.910678587454,6192.08932141249,s01,round2_20C_d02_09.04.2026_B5_Sample17.csv
round2,20C,d02,09.04.2026,B1,Sample13,43,56,21326,878,16379,1710,22204,43_vs_56,20426.20314784038,1777.7968521596179,s28,round2_20C_d02_09.04.2026_B1_Sample13.csv
round2,20C,d02,09.04.2026,F8,Sample68,16,56,120894,1951,95909,1710,122845,16_vs_56,118446.31619195228,4398.683808053386,s18,round2_20C_d02_09.04.2026_F8_Sample68.csv
round2,10C,d03,10.04.2026,C9,Sample33,06,43,20383,2646,9875,1245,23029,06_vs_43,19993.730873354063,3035.2691266458214,s06,round2_10C_d03_10.04.2026_C9_Sample33.csv
round2,10C,d03,10.04.2026,E9,Sample57,16,20,85176,6374,34991,5736,91550,16_vs_20,83791.09442101556,7758.905578984436,s14,round2_10C_d03_10.04.2026_E9_Sample57.csv
round2,10C,d03,10.04.2026,E4,Sample52,12,56,4298,103128,5869,116551,107426,12_vs_56,10255.713343233048,97170.28665676696,s13,round2_10C_d03_10.04.2026_E4_Sample52.csv
round2,10C,d03,10.04.2026,F1,Sample61,16,32,75426,7293,34991,8364,82719,16_vs_32,75336.0151218272,7382.984878172802,s16,round2_10C_d03_10.04.2026_F1_Sample61.csv
round2,10C,d03,10.04.2026,G2,Sample74,20,32,7840,214,5736,8364,8054,20_vs_32,7826.562825455121,227.43717454487887,s20,round2_10C_d03_10.04.2026_G2_Sample74.csv
round2,10C,d03,10.04.2026,C4,Sample28,06,32,7976,194,9875,8364,8170,06_vs_32,7955.709758585957,214.29024141408345,s05,round2_10C_d03_10.04.2026_C4_Sample28.csv
round2,10C,d03,10.04.2026,H2,Sample86,23,43,8191,2678,12819,1245,10869,23_vs_43,7884.703578155821,2984.296421844226,s24,round2_10C_d03_10.04.2026_H2_Sample86.csv
round2,10C,d03,10.04.2026,H1,Sample85,23,43,9115,1285,12819,1245,10400,23_vs_43,8663.85792975876,1736.1420702412402,s24,round2_10C_d03_10.04.2026_H1_Sample85.csv
round2,10C,d03,10.04.2026,C6,Sample30,06,32,10039,374,9875,8364,10413,06_vs_32,10015.960532253146,397.0394677469436,s05,round2_10C_d03_10.04.2026_C6_Sample30.csv
round2,10C,d03,10.04.2026,D8,Sample44,12,23,109,10480,5869,12819,10589,12_vs_23,191.37377971122427,10397.626220288766,s10,round2_10C_d03_10.04.2026_D8_Sample44.csv
round2,10C,d03,10.04.2026,D2,Sample38,12,16,2271,67167,5869,34991,69438,12_vs_16,3726.814670605184,65711.18532939482,s08,round2_10C_d03_10.04.2026_D2_Sample38.csv
round2,10C,d03,10.04.2026,G10,Sample82,23,32,14149,99,12819,8364,14248,23_vs_32,14065.09669319619,182.90330680391557,s23,round2_10C_d03_10.04.2026_G10_Sample82.csv
round2,10C,d03,10.04.2026,C10,Sample34,06,56,19994,86984,9875,116551,106978,06_vs_56,22482.083657792773,84495.91634220723,s07,round2_10C_d03_10.04.2026_C10_Sample34.csv
round2,10C,d03,10.04.2026,D6,Sample42,12,20,33,8614,5869,5736,8647,12_vs_20,39.071774541897796,8607.928225458134,s09,round2_10C_d03_10.04.2026_D6_Sample42.csv
round2,10C,d03,10.04.2026,G1,Sample73,20,32,11122,1007,5736,8364,12129,20_vs_32,11140.571704848144,988.4282951518558,s20,round2_10C_d03_10.04.2026_G1_Sample73.csv
round2,10C,d03,10.04.2026,G6,Sample78,20,43,4536,239,5736,1245,4775,20_vs_43,4538.022636444702,236.97736355529847,s21,round2_10C_d03_10.04.2026_G6_Sample78.csv
round2,10C,d03,10.04.2026,E1,Sample49,12,43,702,3916,5869,1245,4618,12_vs_43,1303.6890620907516,3314.3109379092484,s12,round2_10C_d03_10.04.2026_E1_Sample49.csv
round2,10C,d03,10.04.2026,E11,Sample59,16,23,67499,14316,34991,12819,81815,16_vs_23,66565.05816411324,15249.941835905436,s15,round2_10C_d03_10.04.2026_E11_Sample59.csv
round2,10C,d03,10.04.2026,C2,Sample26,06,23,21125,82556,9875,12819,103681,06_vs_23,23228.365908626794,80452.63409137224,s04,round2_10C_d03_10.04.2026_C2_Sample26.csv
round2,10C,d03,10.04.2026,B12,Sample24,06,20,931,8620,9875,5736,9551,06_vs_20,1537.7644240878788,8013.235575912127,s03,round2_10C_d03_10.04.2026_B12_Sample24.csv
round2,10C,d03,10.04.2026,F12,Sample72,20,23,6546,5257,5736,12819,11803,20_vs_23,6863.453854692501,4939.546145307499,s19,round2_10C_d03_10.04.2026_F12_Sample72.csv
round2,10C,d03,10.04.2026,H5,Sample89,23,56,66597,68122,12819,116551,134719,23_vs_56,68164.75870371351,66554.24129628649,s25,round2_10C_d03_10.04.2026_H5_Sample89.csv
round2,10C,d03,10.04.2026,D5,Sample41,12,20,21,5982,5869,5736,6003,12_vs_20,26.130419813458555,5976.869580186545,s09,round2_10C_d03_10.04.2026_D5_Sample41.csv
round2,10C,d03,10.04.2026,H9,Sample93,32,43,244,8453,8364,1245,8697,32_vs_43,411.1686327842079,8285.831367215738,s26,round2_10C_d03_10.04.2026_H9_Sample93.csv
round2,10C,d03,10.04.2026,F8,Sample68,16,56,44684,107113,34991,116551,151797,16_vs_56,51041.49959511508,100755.50040488521,s18,round2_10C_d03_10.04.2026_F8_Sample68.csv
round2,10C,d03,10.04.2026,D10,Sample46,12,32,8565,277,5869,8364,8842,12_vs_32,8453.854638145163,388.145361854836,s11,round2_10C_d03_10.04.2026_D10_Sample46.csv
round2,10C,d03,10.04.2026,C8,Sample32,06,43,15988,2033,9875,1245,18021,06_vs_43,15643.677012468883,2377.3229875311727,s06,round2_10C_d03_10.04.2026_C8_Sample32.csv
round2,10C,d03,10.04.2026,B7,Sample19,06,16,5346,64779,9875,34991,70125,06_vs_16,6330.532460517441,63794.46753948256,s02,round2_10C_d03_10.04.2026_B7_Sample19.csv
round2,10C,d03,10.04.2026,B5,Sample17,06,12,6752,92,9875,5869,6844,06_vs_12,6597.7656112320965,246.23438876787787,s01,round2_10C_d03_10.04.2026_B5_Sample17.csv
round2,10C,d03,10.04.2026,C3,Sample27,06,23,16226,78455,9875,12819,94681,06_vs_23,19237.15948363039,75443.84051637012,s04,round2_10C_d03_10.04.2026_C3_Sample27.csv
round2,10C,d03,10.04.2026,B11,Sample23,06,20,2057,9554,9875,5736,11611,06_vs_20,2534.2806158874437,9076.719384112519,s03,round2_10C_d03_10.04.2026_B11_Sample23.csv
round2,10C,d03,10.04.2026,F10,Sample70,20,23,9819,5652,5736,12819,15471,20_vs_23,10154.345896112758,5316.65410388724,s19,round2_10C_d03_10.04.2026_F10_Sample70.csv
round2,10C,d03,10.04.2026,B8,Sample20,06,16,6373,85257,9875,34991,91630,06_vs_16,7450.155136787593,84179.8448632124,s02,round2_10C_d03_10.04.2026_B8_Sample20.csv
round2,10C,d03,10.04.2026,D4,Sample40,12,20,52,8761,5869,5736,8813,12_vs_20,63.06936347842003,8749.930636521603,s09,round2_10C_d03_10.04.2026_D4_Sample40.csv
round2,10C,d03,10.04.2026,B4,Sample16,06,12,9220,265,9875,5869,9485,06_vs_12,9012.20489142637,472.79510857364176,s01,round2_10C_d03_10.04.2026_B4_Sample16.csv
round2,10C,d03,10.04.2026,E10,Sample58,16,23,71896,14678,34991,12819,86574,16_vs_23,71091.80161478491,15482.198385238333,s15,round2_10C_d03_10.04.2026_E10_Sample58.csv
round2,10C,d03,10.04.2026,E6,Sample54,12,56,3462,94633,5869,116551,98095,12_vs_56,7933.533837039409,90161.4661629606,s13,round2_10C_d03_10.04.2026_E6_Sample54.csv
round2,10C,d03,10.04.2026,H11,Sample95,32,56,77798,81873,8364,116551,159671,32_vs_56,75048.9778701305,84622.02212986929,s27,round2_10C_d03_10.04.2026_H11_Sample95.csv
round2,10C,d03,10.04.2026,E5,Sample53,12,56,3413,74008,5869,116551,77421,12_vs_56,7195.385414050491,70225.61458594952,s13,round2_10C_d03_10.04.2026_E5_Sample53.csv
round2,10C,d03,10.04.2026,G9,Sample81,20,56,42759,61484,5736,116551,104243,20_vs_56,45120.60103761613,59122.39896238303,s22,round2_10C_d03_10.04.2026_G9_Sample81.csv
round2,10C,d03,10.04.2026,C7,Sample31,06,43,10397,1511,9875,1245,11908,06_vs_43,10236.335284958415,1671.6647150415386,s06,round2_10C_d03_10.04.2026_C7_Sample31.csv
round2,10C,d03,10.04.2026,H12,Sample96,32,56,44945,40338,8364,116551,85283,32_vs_56,42409.30949427501,42873.69050572494,s27,round2_10C_d03_10.04.2026_H12_Sample96.csv
round2,10C,d03,10.04.2026,F6,Sample66,16,43,52425,3036,34991,1245,55461,16_vs_43,51772.43118023515,3688.568819765038,s17,round2_10C_d03_10.04.2026_F6_Sample66.csv
round2,10C,d03,10.04.2026,D11,Sample47,12,32,9059,290,5869,8364,9349,12_vs_32,8952.405100358974,396.5948996410264,s11,round2_10C_d03_10.04.2026_D11_Sample47.csv
round2,10C,d03,10.04.2026,H7,Sample91,32,43,443,9040,8364,1245,9483,32_vs_43,567.4769819705579,8915.523018029413,s26,round2_10C_d03_10.04.2026_H7_Sample91.csv
round2,10C,d03,10.04.2026,C11,Sample35,06,56,20807,88092,9875,116551,108899,06_vs_56,23254.769176648264,85644.23082335174,s07,round2_10C_d03_10.04.2026_C11_Sample35.csv
round2,10C,d03,10.04.2026,H6,Sample90,23,56,47677,48669,12819,116551,96346,23_vs_56,48944.877790779865,47401.122209220135,s25,round2_10C_d03_10.04.2026_H6_Sample90.csv
round2,10C,d03,10.04.2026,C12,Sample36,06,56,12718,57272,9875,116551,69990,06_vs_56,14113.469896071785,55876.53010392822,s07,round2_10C_d03_10.04.2026_C12_Sample36.csv
round2,10C,d03,10.04.2026,B9,Sample21,06,16,6829,96915,9875,34991,103744,06_vs_16,8100.237545656184,95643.76245434381,s02,round2_10C_d03_10.04.2026_B9_Sample21.csv
round2,10C,d03,10.04.2026,G11,Sample83,23,32,10795,42,12819,8364,10837,23_vs_32,10746.748470277586,90.25152972245941,s23,round2_10C_d03_10.04.2026_G11_Sample83.csv
round2,10C,d03,10.04.2026,H8,Sample92,32,43,245,7419,8364,1245,7664,32_vs_43,381.9697807449293,7282.030219255029,s26,round2_10C_d03_10.04.2026_H8_Sample92.csv
round2,10C,d03,10.04.2026,G3,Sample75,20,32,15870,221,5736,8364,16091,20_vs_32,15848.179719579828,242.82028042017305,s20,round2_10C_d03_10.04.2026_G3_Sample75.csv
round2,10C,d03,10.04.2026,E12,Sample60,16,23,37490,8786,34991,12819,46276,16_vs_23,37218.626462281696,9057.373537726038,s15,round2_10C_d03_10.04.2026_E12_Sample60.csv
round2,10C,d03,10.04.2026,C1,Sample25,06,23,25060,22298,9875,12819,47358,06_vs_23,24413.793430130238,22944.20656986961,s04,round2_10C_d03_10.04.2026_C1_Sample25.csv
round2,10C,d03,10.04.2026,H3,Sample87,23,43,7378,434,12819,1245,7812,23_vs_43,7034.559390293968,777.4406097060516,s24,round2_10C_d03_10.04.2026_H3_Sample87.csv
round2,10C,d03,10.04.2026,F4,Sample64,16,43,76611,3364,34991,1245,79975,16_vs_43,75725.06856999385,4249.931430006888,s17,round2_10C_d03_10.04.2026_F4_Sample64.csv
round2,10C,d03,10.04.2026,G4,Sample76,20,43,5147,306,5736,1245,5453,20_vs_43,5158.352073163721,294.6479268362789,s21,round2_10C_d03_10.04.2026_G4_Sample76.csv
round2,10C,d03,10.04.2026,H4,Sample88,23,56,101561,33352,12819,116551,134913,23_vs_56,97499.11872023114,37413.881279768866,s25,round2_10C_d03_10.04.2026_H4_Sample88.csv
round2,10C,d03,10.04.2026,F5,Sample65,16,43,57551,3115,34991,1245,60666,16_vs_43,56849.99080033599,3816.009199664474,s17,round2_10C_d03_10.04.2026_F5_Sample65.csv
round2,10C,d03,10.04.2026,G12,Sample84,23,32,8450,750,12819,8364,9200,23_vs_32,8254.760525384203,945.2394746158042,s23,round2_10C_d03_10.04.2026_G12_Sample84.csv
round2,10C,d03,10.04.2026,F3,Sample63,16,32,69999,6106,34991,8364,76105,16_vs_32,69856.50047855076,6248.499521449225,s16,round2_10C_d03_10.04.2026_F3_Sample63.csv
round2,10C,d03,10.04.2026,F9,Sample69,16,56,65436,116218,34991,116551,181654,16_vs_56,72082.49416488678,109571.50583511233,s18,round2_10C_d03_10.04.2026_F9_Sample69.csv
round2,10C,d03,10.04.2026,H10,Sample94,32,56,24905,26099,8364,116551,51004,32_vs_56,24121.927170138166,26882.072829861783,s27,round2_10C_d03_10.04.2026_H10_Sample94.csv
round2,10C,d03,10.04.2026,E2,Sample50,12,43,573,2948,5869,1245,3521,12_vs_43,1103.4126117720066,2417.587388227994,s12,round2_10C_d03_10.04.2026_E2_Sample50.csv
round2,10C,d03,10.04.2026,E8,Sample56,16,20,58098,5561,34991,5736,63659,16_vs_20,57075.0265514316,6583.973448568398,s14,round2_10C_d03_10.04.2026_E8_Sample56.csv
round2,10C,d03,10.04.2026,G8,Sample80,20,56,35966,50112,5736,116551,86078,20_vs_56,37846.190305937205,48231.80969406306,s22,round2_10C_d03_10.04.2026_G8_Sample80.csv
round2,10C,d03,10.04.2026,G5,Sample77,20,43,5599,285,5736,1245,5884,20_vs_43,5598.800146244421,285.1998537555796,s21,round2_10C_d03_10.04.2026_G5_Sample77.csv
round2,10C,d03,10.04.2026,D12,Sample48,12,32,7272,193,5869,8364,7465,12_vs_32,7185.6706494821365,279.32935051786376,s11,round2_10C_d03_10.04.2026_D12_Sample48.csv
round2,10C,d03,10.04.2026,B3,Sample15,43,56,11219,53101,1245,116551,64320,43_vs_56,16900.421555444096,47419.5784445559,s28,round2_10C_d03_10.04.2026_B3_Sample15.csv
round2,10C,d03,10.04.2026,D1,Sample37,12,16,2704,78705,5869,34991,81409,12_vs_16,4450.507089984986,76958.49291001502,s08,round2_10C_d03_10.04.2026_D1_Sample37.csv
round2,10C,d03,10.04.2026,B2,Sample14,43,56,12099,53952,1245,116551,66051,43_vs_56,18095.35562267819,47955.64437732181,s28,round2_10C_d03_10.04.2026_B2_Sample14.csv
round2,10C,d03,10.04.2026,G7,Sample79,20,56,32024,51082,5736,116551,83106,20_vs_56,34168.13819746196,48937.8618025371,s22,round2_10C_d03_10.04.2026_G7_Sample79.csv
round2,10C,d03,10.04.2026,F11,Sample71,20,23,13385,10179,5736,12819,23564,20_vs_23,14000.810846563707,9563.189153436293,s19,round2_10C_d03_10.04.2026_F11_Sample71.csv
round2,10C,d03,10.04.2026,D3,Sample39,12,16,2339,71360,5869,34991,73699,12_vs_16,3727.0342942048546,69971.96570579514,s08,round2_10C_d03_10.04.2026_D3_Sample39.csv
round2,10C,d03,10.04.2026,B6,Sample18,06,12,10023,126,9875,5869,10149,06_vs_12,9773.083387721594,375.9166122785242,s01,round2_10C_d03_10.04.2026_B6_Sample18.csv
round2,10C,d03,10.04.2026,C5,Sample29,06,32,8699,264,9875,8364,8963,06_vs_32,8668.772267270788,294.22773272922615,s05,round2_10C_d03_10.04.2026_C5_Sample29.csv
round2,10C,d03,10.04.2026,E7,Sample55,16,20,93544,7857,34991,5736,101401,16_vs_20,92285.7736404145,9115.226359585502,s14,round2_10C_d03_10.04.2026_E7_Sample55.csv
round2,10C,d03,10.04.2026,B10,Sample22,06,20,1664,9934,9875,5736,11598,06_vs_20,2249.4484288993617,9348.551571100603,s03,round2_10C_d03_10.04.2026_B10_Sample22.csv
round2,10C,d03,10.04.2026,D7,Sample43,12,23,197,10051,5869,12819,10248,12_vs_23,281.8216375014251,9966.17836249862,s10,round2_10C_d03_10.04.2026_D7_Sample43.csv
round2,10C,d03,10.04.2026,E3,Sample51,12,43,552,3016,5869,1245,3568,12_vs_43,1142.646772938564,2425.353227061436,s12,round2_10C_d03_10.04.2026_E3_Sample51.csv
round2,10C,d03,10.04.2026,D9,Sample45,12,23,128,19651,5869,12819,19779,12_vs_23,276.0611587353767,19502.938841264495,s10,round2_10C_d03_10.04.2026_D9_Sample45.csv
round2,10C,d03,10.04.2026,B1,Sample13,43,56,21879,81484,1245,116551,103363,43_vs_56,30662.53438748353,72700.46561251646,s28,round2_10C_d03_10.04.2026_B1_Sample13.csv
round2,10C,d03,10.04.2026,F7,Sample67,16,56,21755,71605,34991,116551,93360,16_vs_56,26646.187408650596,66713.8125913496,s18,round2_10C_d03_10.04.2026_F7_Sample67.csv
round2,10C,d03,10.04.2026,F2,Sample62,16,32,79401,7858,34991,8364,87259,16_vs_32,79256.64842804366,8002.351571956342,s16,round2_10C_d03_10.04.2026_F2_Sample62.csv
round2,10C,d01,08.04.2026,D8,Sample44,12,23,8,25,137,103,33,12_vs_23,8.613046992468883,24.386953007531122,s10,round2_10C_d01_08.04.2026_D8_Sample44.csv
round2,10C,d01,08.04.2026,E3,Sample51,12,43,24,113,137,68,137,12_vs_43,38.83223416578218,98.16776583421782,s12,round2_10C_d01_08.04.2026_E3_Sample51.csv
round2,10C,d01,08.04.2026,E7,Sample55,16,20,32,14,32,43,46,16_vs_20,30.870229367058126,15.129770632941872,s14,round2_10C_d01_08.04.2026_E7_Sample55.csv
round2,10C,d01,08.04.2026,B8,Sample20,06,16,136,113,319,32,249,06_vs_16,128.36994559917088,120.63005440082912,s02,round2_10C_d01_08.04.2026_B8_Sample20.csv
round2,10C,d01,08.04.2026,F6,Sample66,16,43,109,24,32,68,133,16_vs_43,110.05328824297933,22.946711757020665,s17,round2_10C_d01_08.04.2026_F6_Sample66.csv
round2,10C,d01,08.04.2026,G1,Sample73,20,32,85,11,43,92,96,20_vs_32,85.42541333301853,10.574586666981478,s20,round2_10C_d01_08.04.2026_G1_Sample73.csv
round2,10C,d01,08.04.2026,D6,Sample42,12,20,15,64,137,43,79,12_vs_20,14.205931059009886,64.79406894099012,s09,round2_10C_d01_08.04.2026_D6_Sample42.csv
round2,10C,d01,08.04.2026,C4,Sample28,06,32,164,9,319,92,173,06_vs_32,164.08189604850526,8.918103951494736,s05,round2_10C_d01_08.04.2026_C4_Sample28.csv
round2,10C,d01,08.04.2026,B10,Sample22,06,20,90,180,319,43,270,06_vs_20,90.5015904741519,179.4984095258483,s03,round2_10C_d01_08.04.2026_B10_Sample22.csv
round2,10C,d01,08.04.2026,H8,Sample92,32,43,5,51,92,68,56,32_vs_43,5.582273464824515,50.41772653517549,s26,round2_10C_d01_08.04.2026_H8_Sample92.csv
round2,10C,d01,08.04.2026,H3,Sample87,23,43,29,15,103,68,44,23_vs_43,27.29361168794808,16.706388312051924,s24,round2_10C_d01_08.04.2026_H3_Sample87.csv
round2,10C,d01,08.04.2026,G6,Sample78,20,43,89,20,43,68,109,20_vs_43,88.87162472299296,20.12837527700705,s21,round2_10C_d01_08.04.2026_G6_Sample78.csv
round2,10C,d01,08.04.2026,C9,Sample33,06,43,353,57,319,68,410,06_vs_43,349.1683720647295,60.83162793527051,s06,round2_10C_d01_08.04.2026_C9_Sample33.csv
round2,10C,d01,08.04.2026,D4,Sample40,12,20,12,50,137,43,62,12_vs_20,11.502206357530326,50.49779364246969,s09,round2_10C_d01_08.04.2026_D4_Sample40.csv
round2,10C,d01,08.04.2026,G3,Sample75,20,32,52,3,43,92,55,20_vs_32,51.77492219487399,3.225077805126015,s20,round2_10C_d01_08.04.2026_G3_Sample75.csv
round2,10C,d01,08.04.2026,B5,Sample17,06,12,440,12,319,137,452,06_vs_12,430.4890813663682,21.51091863363156,s01,round2_10C_d01_08.04.2026_B5_Sample17.csv
round2,10C,d01,08.04.2026,H1,Sample85,23,43,49,20,103,68,69,23_vs_43,48.91719049536455,20.082809504635442,s24,round2_10C_d01_08.04.2026_H1_Sample85.csv
round2,10C,d01,08.04.2026,C12,Sample36,06,56,225,39,319,196,264,06_vs_56,215.20211984634707,48.797880153652926,s07,round2_10C_d01_08.04.2026_C12_Sample36.csv
round2,10C,d01,08.04.2026,D3,Sample39,12,16,19,144,137,32,163,12_vs_16,18.897658615683675,144.10234138431633,s08,round2_10C_d01_08.04.2026_D3_Sample39.csv
round2,10C,d01,08.04.2026,C8,Sample32,06,43,231,40,319,68,271,06_vs_43,226.419401141818,44.58059885818205,s06,round2_10C_d01_08.04.2026_C8_Sample32.csv
round2,10C,d01,08.04.2026,H9,Sample93,32,43,12,96,92,68,108,32_vs_43,11.22007569872417,96.77992430127581,s26,round2_10C_d01_08.04.2026_H9_Sample93.csv
round2,10C,d01,08.04.2026,B12,Sample24,06,20,36,124,319,43,160,06_vs_20,44.389307156787105,115.61069284321296,s03,round2_10C_d01_08.04.2026_B12_Sample24.csv
round2,10C,d01,08.04.2026,G11,Sample83,23,32,14,0,103,92,14,23_vs_32,13.347905455967764,0.6520945440322357,s23,round2_10C_d01_08.04.2026_G11_Sample83.csv
round2,10C,d01,08.04.2026,E5,Sample53,12,56,21,138,137,196,159,12_vs_56,30.448828309034916,128.5511716909651,s13,round2_10C_d01_08.04.2026_E5_Sample53.csv
round2,10C,d01,08.04.2026,G12,Sample84,23,32,33,1,103,92,34,23_vs_32,30.7366304759944,3.263369524005607,s23,round2_10C_d01_08.04.2026_G12_Sample84.csv
round2,10C,d01,08.04.2026,H10,Sample94,32,56,20,319,92,196,339,32_vs_56,26.35282131777633,312.647178682224,s27,round2_10C_d01_08.04.2026_H10_Sample94.csv
round2,10C,d01,08.04.2026,D11,Sample47,12,32,57,17,137,92,74,12_vs_32,57.787646180566036,16.212353819433975,s11,round2_10C_d01_08.04.2026_D11_Sample47.csv
round2,10C,d01,08.04.2026,D12,Sample48,12,32,61,23,137,92,84,12_vs_32,60.25964178013257,23.740358219867424,s11,round2_10C_d01_08.04.2026_D12_Sample48.csv
round2,10C,d01,08.04.2026,F9,Sample69,16,56,140,18,32,196,158,16_vs_56,140.72707151280719,17.272928487192793,s18,round2_10C_d01_08.04.2026_F9_Sample69.csv
round2,10C,d01,08.04.2026,C11,Sample35,06,56,234,26,319,196,260,06_vs_56,215.73175761767342,44.26824238232658,s07,round2_10C_d01_08.04.2026_C11_Sample35.csv
round2,10C,d01,08.04.2026,E9,Sample57,16,20,33,17,32,43,50,16_vs_20,34.89609854261081,15.103901457389187,s14,round2_10C_d01_08.04.2026_E9_Sample57.csv
round2,10C,d01,08.04.2026,B4,Sample16,06,12,222,13,319,137,235,06_vs_12,219.46488417684594,15.535115823154248,s01,round2_10C_d01_08.04.2026_B4_Sample16.csv
round2,10C,d01,08.04.2026,H2,Sample86,23,43,24,10,103,68,34,23_vs_43,23.335678618172174,10.664321381827827,s24,round2_10C_d01_08.04.2026_H2_Sample86.csv
round2,10C,d01,08.04.2026,E12,Sample60,16,23,43,2,32,103,45,16_vs_23,42.124936603063816,2.8750633969362056,s15,round2_10C_d01_08.04.2026_E12_Sample60.csv
round2,10C,d01,08.04.2026,G8,Sample80,20,56,98,12,43,196,110,20_vs_56,96.27103473285187,13.728965267148155,s22,round2_10C_d01_08.04.2026_G8_Sample80.csv
round2,10C,d01,08.04.2026,E6,Sample54,12,56,25,89,137,196,114,12_vs_56,30.648131208419816,83.35186879158017,s13,round2_10C_d01_08.04.2026_E6_Sample54.csv
round2,10C,d01,08.04.2026,E1,Sample49,12,43,40,128,137,68,168,12_vs_43,49.15935308773949,118.84064691226051,s12,round2_10C_d01_08.04.2026_E1_Sample49.csv
round2,10C,d01,08.04.2026,F8,Sample68,16,56,221,28,32,196,249,16_vs_56,219.07536565714264,29.924634342857377,s18,round2_10C_d01_08.04.2026_F8_Sample68.csv
round2,10C,d01,08.04.2026,B6,Sample18,06,12,217,5,319,137,222,06_vs_12,210.94526289158352,11.05473710841647,s01,round2_10C_d01_08.04.2026_B6_Sample18.csv
round2,10C,d01,08.04.2026,F7,Sample67,16,56,83,9,32,196,92,16_vs_56,82.27557789116894,9.724422108831023,s18,round2_10C_d01_08.04.2026_F7_Sample67.csv
round2,10C,d01,08.04.2026,E8,Sample56,16,20,54,24,32,43,78,16_vs_20,56.405411177898806,21.59458882210119,s14,round2_10C_d01_08.04.2026_E8_Sample56.csv
round2,10C,d01,08.04.2026,H6,Sample90,23,56,220,76,103,196,296,23_vs_56,222.41239641193062,73.58760358806938,s25,round2_10C_d01_08.04.2026_H6_Sample90.csv
round2,10C,d01,08.04.2026,G5,Sample77,20,43,109,48,43,68,157,20_vs_43,110.80246870372376,46.19753129627625,s21,round2_10C_d01_08.04.2026_G5_Sample77.csv
round2,10C,d01,08.04.2026,C6,Sample30,06,32,169,5,319,92,174,06_vs_32,168.4445983987672,5.555401601232794,s05,round2_10C_d01_08.04.2026_C6_Sample30.csv
round2,10C,d01,08.04.2026,C1,Sample25,06,23,257,65,319,103,322,06_vs_23,246.9050308115192,75.09496918848082,s04,round2_10C_d01_08.04.2026_C1_Sample25.csv
round2,10C,d01,08.04.2026,E2,Sample50,12,43,13,77,137,68,90,12_vs_43,24.513710466306346,65.48628953369366,s12,round2_10C_d01_08.04.2026_E2_Sample50.csv
round2,10C,d01,08.04.2026,E10,Sample58,16,23,63,1,32,103,64,16_vs_23,61.59354089630354,2.406459103696473,s15,round2_10C_d01_08.04.2026_E10_Sample58.csv
round2,10C,d01,08.04.2026,H5,Sample89,23,56,308,120,103,196,428,23_vs_56,313.2426956710703,114.75730432892968,s25,round2_10C_d01_08.04.2026_H5_Sample89.csv
round2,10C,d01,08.04.2026,C2,Sample26,06,23,109,37,319,103,146,06_vs_23,107.38015633049801,38.61984366950208,s04,round2_10C_d01_08.04.2026_C2_Sample26.csv
round2,10C,d01,08.04.2026,F11,Sample71,20,23,27,10,43,103,37,20_vs_23,26.514351773271603,10.485648226728394,s19,round2_10C_d01_08.04.2026_F11_Sample71.csv
round2,10C,d01,08.04.2026,E11,Sample59,16,23,39,1,32,103,40,16_vs_23,38.42227951156198,1.5777204884380307,s15,round2_10C_d01_08.04.2026_E11_Sample59.csv
round2,10C,d01,08.04.2026,G4,Sample76,20,43,48,13,43,68,61,20_vs_43,46.81757710686339,14.182422893136625,s21,round2_10C_d01_08.04.2026_G4_Sample76.csv
round2,10C,d01,08.04.2026,F3,Sample63,16,32,134,8,32,92,142,16_vs_32,133.82098794666857,8.179012053331428,s16,round2_10C_d01_08.04.2026_F3_Sample63.csv
round2,10C,d01,08.04.2026,F2,Sample62,16,32,123,4,32,92,127,16_vs_32,122.69949282419405,4.300507175805956,s16,round2_10C_d01_08.04.2026_F2_Sample62.csv
round2,10C,d01,08.04.2026,C10,Sample34,06,56,347,53,319,196,400,06_vs_56,334.42423238863574,65.57576761136428,s07,round2_10C_d01_08.04.2026_C10_Sample34.csv
round2,10C,d01,08.04.2026,H12,Sample96,32,56,6,125,92,196,131,32_vs_56,8.42991617586432,122.57008382413566,s27,round2_10C_d01_08.04.2026_H12_Sample96.csv
round2,10C,d01,08.04.2026,H7,Sample91,32,43,8,49,92,68,57,32_vs_43,8.48606457728226,48.513935422717736,s26,round2_10C_d01_08.04.2026_H7_Sample91.csv
round2,10C,d01,08.04.2026,F10,Sample70,20,23,29,5,43,103,34,20_vs_23,28.82825476413111,5.1717452358688885,s19,round2_10C_d01_08.04.2026_F10_Sample70.csv
round2,10C,d01,08.04.2026,C3,Sample27,06,23,216,83,319,103,299,06_vs_23,210.4746719963134,88.52532800368655,s04,round2_10C_d01_08.04.2026_C3_Sample27.csv
round2,10C,d01,08.04.2026,F1,Sample61,16,32,184,9,32,92,193,16_vs_32,183.65305818687352,9.346941813126481,s16,round2_10C_d01_08.04.2026_F1_Sample61.csv
round2,10C,d01,08.04.2026,F4,Sample64,16,43,76,9,32,68,85,16_vs_43,76.40288054670908,8.597119453290905,s17,round2_10C_d01_08.04.2026_F4_Sample64.csv
round2,10C,d01,08.04.2026,G9,Sample81,20,56,75,19,43,196,94,20_vs_56,75.31934763228483,18.68065236771518,s22,round2_10C_d01_08.04.2026_G9_Sample81.csv
round2,10C,d01,08.04.2026,H4,Sample88,23,56,95,54,103,196,149,23_vs_56,97.85146570414193,51.148534295858084,s25,round2_10C_d01_08.04.2026_H4_Sample88.csv
round2,10C,d01,08.04.2026,G2,Sample74,20,32,57,9,43,92,66,20_vs_32,57.306808399659786,8.693191600340214,s20,round2_10C_d01_08.04.2026_G2_Sample74.csv
round2,10C,d01,08.04.2026,B11,Sample23,06,20,37,145,319,43,182,06_vs_20,46.12681175340641,135.8731882465936,s03,round2_10C_d01_08.04.2026_B11_Sample23.csv
round2,10C,d01,08.04.2026,D10,Sample46,12,32,56,20,137,92,76,12_vs_32,56.64945836944755,19.350541630552453,s11,round2_10C_d01_08.04.2026_D10_Sample46.csv
round2,10C,d01,08.04.2026,B3,Sample15,43,56,76,55,68,196,131,43_vs_56,76.88879121874587,54.111208781254135,s28,round2_10C_d01_08.04.2026_B3_Sample15.csv
round2,10C,d01,08.04.2026,D5,Sample41,12,20,37,106,137,43,143,12_vs_20,35.05177464969353,107.94822535030653,s09,round2_10C_d01_08.04.2026_D5_Sample41.csv
round2,10C,d01,08.04.2026,B7,Sample19,06,16,80,67,319,32,147,06_vs_16,73.5340188453848,73.4659811546152,s02,round2_10C_d01_08.04.2026_B7_Sample19.csv
round2,10C,d01,08.04.2026,E4,Sample52,12,56,23,65,137,196,88,12_vs_56,26.624309905805802,61.3756900941942,s13,round2_10C_d01_08.04.2026_E4_Sample52.csv
round2,10C,d01,08.04.2026,D7,Sample43,12,23,5,25,137,103,30,12_vs_23,4.7041050360893335,25.29589496391067,s10,round2_10C_d01_08.04.2026_D7_Sample43.csv
round2,10C,d01,08.04.2026,C5,Sample29,06,32,366,12,319,92,378,06_vs_32,365.13309515428654,12.866904845713385,s05,round2_10C_d01_08.04.2026_C5_Sample29.csv
round2,10C,d01,08.04.2026,F5,Sample65,16,43,164,28,32,68,192,16_vs_43,166.00106098903302,25.99893901096701,s17,round2_10C_d01_08.04.2026_F5_Sample65.csv
round2,10C,d01,08.04.2026,D2,Sample38,12,16,16,109,137,32,125,12_vs_16,14.573282471734657,110.42671752826533,s08,round2_10C_d01_08.04.2026_D2_Sample38.csv
round2,10C,d01,08.04.2026,F12,Sample72,20,23,26,5,43,103,31,20_vs_23,25.132831168654203,5.867168831345791,s19,round2_10C_d01_08.04.2026_F12_Sample72.csv
round2,10C,d01,08.04.2026,H11,Sample95,32,56,7,145,92,196,152,32_vs_56,12.113232536038108,139.8867674639619,s27,round2_10C_d01_08.04.2026_H11_Sample95.csv
round2,10C,d01,08.04.2026,B2,Sample14,43,56,66,35,68,196,101,43_vs_56,62.478984418382055,38.521015581617945,s28,round2_10C_d01_08.04.2026_B2_Sample14.csv
round2,10C,d01,08.04.2026,C7,Sample31,06,43,154,17,319,68,171,06_vs_43,149.1646514143361,21.835348585663837,s06,round2_10C_d01_08.04.2026_C7_Sample31.csv
round2,10C,d01,08.04.2026,D1,Sample37,12,16,16,200,137,32,216,12_vs_16,15.244095553987895,200.7559044460121,s08,round2_10C_d01_08.04.2026_D1_Sample37.csv
round2,10C,d01,08.04.2026,B9,Sample21,06,16,241,273,319,32,514,06_vs_16,226.29435768848148,287.70564231151855,s02,round2_10C_d01_08.04.2026_B9_Sample21.csv
round2,10C,d01,08.04.2026,D9,Sample45,12,23,8,44,137,103,52,12_vs_23,7.166809804995748,44.833190195004256,s10,round2_10C_d01_08.04.2026_D9_Sample45.csv
round2,10C,d01,08.04.2026,G10,Sample82,23,32,29,0,103,92,29,23_vs_32,27.89743176073043,1.10256823926957,s23,round2_10C_d01_08.04.2026_G10_Sample82.csv
round2,10C,d01,08.04.2026,B1,Sample13,43,56,80,62,68,196,142,43_vs_56,81.52010879732431,60.479891202675674,s28,round2_10C_d01_08.04.2026_B1_Sample13.csv
round2,10C,d01,08.04.2026,G7,Sample79,20,56,59,14,43,196,73,20_vs_56,57.76938025698332,15.230619743016671,s22,round2_10C_d01_08.04.2026_G7_Sample79.csv
round2,20C,d01,08.04.2026,B9,Sample21,06,16,113539,14491,123895,67297,128030,06_vs_16,108850.51498139033,19179.48501860968,s02,round2_20C_d01_08.04.2026_B9_Sample21.csv
round2,20C,d01,08.04.2026,B10,Sample22,06,20,35460,36229,123895,16385,71689,06_vs_20,34607.460351153684,37081.539648846214,s03,round2_20C_d01_08.04.2026_B10_Sample22.csv
round2,20C,d01,08.04.2026,G7,Sample79,20,56,21532,82,16385,189,21614,20_vs_56,21530.063272943826,83.93672705666071,s22,round2_20C_d01_08.04.2026_G7_Sample79.csv
round2,20C,d01,08.04.2026,D6,Sample42,12,20,76,14748,7113,16385,14824,12_vs_20,82.26297341569493,14741.737026584378,s09,round2_20C_d01_08.04.2026_D6_Sample42.csv
round2,20C,d01,08.04.2026,C11,Sample35,06,56,120210,1181,123895,189,121391,06_vs_56,118569.24891257861,2821.751087421391,s07,round2_20C_d01_08.04.2026_C11_Sample35.csv
round2,20C,d01,08.04.2026,F5,Sample65,16,43,22089,854,67297,446,22943,16_vs_43,22132.293759844943,810.7062401550768,s17,round2_20C_d01_08.04.2026_F5_Sample65.csv
round2,20C,d01,08.04.2026,H1,Sample85,23,43,11735,66,28451,446,11801,23_vs_43,11732.039056636277,68.96094336372289,s24,round2_20C_d01_08.04.2026_H1_Sample85.csv
round2,20C,d01,08.04.2026,G8,Sample80,20,56,20296,71,16385,189,20367,20_vs_56,20294.7695503334,72.23044966695417,s22,round2_20C_d01_08.04.2026_G8_Sample80.csv
round2,20C,d01,08.04.2026,B12,Sample24,06,20,29008,52961,123895,16385,81969,06_vs_20,31177.124581303622,50791.87541869602,s03,round2_20C_d01_08.04.2026_B12_Sample24.csv
round2,20C,d01,08.04.2026,G2,Sample74,20,32,46896,186,16385,15757,47082,20_vs_32,46894.1443852285,187.85561477149915,s20,round2_20C_d01_08.04.2026_G2_Sample74.csv
round2,20C,d01,08.04.2026,B8,Sample20,06,16,134037,15928,123895,67297,149965,06_vs_16,128663.36666266224,21301.63333733775,s02,round2_20C_d01_08.04.2026_B8_Sample20.csv
round2,20C,d01,08.04.2026,G12,Sample84,23,32,14367,13,28451,15757,14380,23_vs_32,14345.307031686507,34.69296831364414,s23,round2_20C_d01_08.04.2026_G12_Sample84.csv
round2,20C,d01,08.04.2026,D8,Sample44,12,23,160,11231,7113,28451,11391,12_vs_23,152.0924109414364,11238.907589058499,s10,round2_20C_d01_08.04.2026_D8_Sample44.csv
round2,20C,d01,08.04.2026,E1,Sample49,12,43,427,1809,7113,446,2236,12_vs_43,759.5481815745459,1476.4518184254543,s12,round2_20C_d01_08.04.2026_E1_Sample49.csv
round2,20C,d01,08.04.2026,F11,Sample71,20,23,46486,17407,16385,28451,63893,20_vs_23,47480.83435255779,16412.165647442216,s19,round2_20C_d01_08.04.2026_F11_Sample71.csv
round2,20C,d01,08.04.2026,F6,Sample66,16,43,26193,924,67297,446,27117,16_vs_43,26221.084802689744,895.9151973103033,s17,round2_20C_d01_08.04.2026_F6_Sample66.csv
round2,20C,d01,08.04.2026,H9,Sample93,32,43,20,5145,15757,446,5165,32_vs_43,58.76323671308133,5106.236763286864,s26,round2_20C_d01_08.04.2026_H9_Sample93.csv
round2,20C,d01,08.04.2026,B6,Sample18,06,12,123025,2028,123895,7113,125053,06_vs_12,117720.09657784464,7332.903422155183,s01,round2_20C_d01_08.04.2026_B6_Sample18.csv
round2,20C,d01,08.04.2026,D10,Sample46,12,32,20619,189,7113,15757,20808,12_vs_32,20512.452845085427,295.54715491457137,s11,round2_20C_d01_08.04.2026_D10_Sample46.csv
round2,20C,d01,08.04.2026,G9,Sample81,20,56,22309,72,16385,189,22381,20_vs_56,22304.940589612812,76.0594103877021,s22,round2_20C_d01_08.04.2026_G9_Sample81.csv
round2,20C,d01,08.04.2026,C9,Sample33,06,43,123239,16494,123895,446,139733,06_vs_43,115781.67810555923,23951.32189444091,s06,round2_20C_d01_08.04.2026_C9_Sample33.csv
round2,20C,d01,08.04.2026,F1,Sample61,16,32,86876,1888,67297,15757,88764,16_vs_32,86765.56067478188,1998.4393252181123,s16,round2_20C_d01_08.04.2026_F1_Sample61.csv
round2,20C,d01,08.04.2026,E4,Sample52,12,56,594,902,7113,189,1496,12_vs_56,707.5419947729749,788.4580052270251,s13,round2_20C_d01_08.04.2026_E4_Sample52.csv
round2,20C,d01,08.04.2026,C1,Sample25,06,23,121968,28474,123895,28451,150442,06_vs_23,119453.57474786963,30988.425252130342,s04,round2_20C_d01_08.04.2026_C1_Sample25.csv
round2,20C,d01,08.04.2026,G4,Sample76,20,43,22847,635,16385,446,23482,20_vs_43,22872.584885004264,609.4151149957378,s21,round2_20C_d01_08.04.2026_G4_Sample76.csv
round2,20C,d01,08.04.2026,F7,Sample67,16,56,32276,66,67297,189,32342,16_vs_56,32277.792249681657,64.20775031857977,s18,round2_20C_d01_08.04.2026_F7_Sample67.csv
round2,20C,d01,08.04.2026,H3,Sample87,23,43,24132,216,28451,446,24348,23_vs_43,24062.895290332337,285.1047096677286,s24,round2_20C_d01_08.04.2026_H3_Sample87.csv
round2,20C,d01,08.04.2026,F4,Sample64,16,43,60271,906,67297,446,61177,16_vs_43,60239.22271958742,937.7772804129797,s17,round2_20C_d01_08.04.2026_F4_Sample64.csv
round2,20C,d01,08.04.2026,G11,Sample83,23,32,31710,31,28451,15757,31741,23_vs_32,31669.608134457267,71.39186554314455,s23,round2_20C_d01_08.04.2026_G11_Sample83.csv
round2,20C,d01,08.04.2026,H7,Sample91,32,43,93,18241,15757,446,18334,32_vs_43,195.69531605445587,18138.30468394585,s26,round2_20C_d01_08.04.2026_H7_Sample91.csv
round2,20C,d01,08.04.2026,E8,Sample56,16,20,66751,18146,67297,16385,84897,16_vs_20,66450.85025202397,18446.149747976022,s14,round2_20C_d01_08.04.2026_E8_Sample56.csv
round2,20C,d01,08.04.2026,B1,Sample13,43,56,579,57,446,189,636,43_vs_56,536.5772901472017,99.42270985279833,s28,round2_20C_d01_08.04.2026_B1_Sample13.csv
round2,20C,d01,08.04.2026,E6,Sample54,12,56,349,600,7113,189,949,12_vs_56,437.226104905193,511.7738950948071,s13,round2_20C_d01_08.04.2026_E6_Sample54.csv
round2,20C,d01,08.04.2026,E3,Sample51,12,43,352,1898,7113,446,2250,12_vs_43,818.3316748619559,1431.668325138044,s12,round2_20C_d01_08.04.2026_E3_Sample51.csv
round2,20C,d01,08.04.2026,H8,Sample92,32,43,91,19601,15757,446,19692,32_vs_43,205.23781882646418,19486.762181173668,s26,round2_20C_d01_08.04.2026_H8_Sample92.csv
round2,20C,d01,08.04.2026,C3,Sample27,06,23,122628,6676,123895,28451,129304,06_vs_23,119820.95711238442,9483.042887615864,s04,round2_20C_d01_08.04.2026_C3_Sample27.csv
round2,20C,d01,08.04.2026,H10,Sample94,32,56,141,10088,15757,189,10229,32_vs_56,241.37205033535176,9987.627949664646,s27,round2_20C_d01_08.04.2026_H10_Sample94.csv
round2,20C,d01,08.04.2026,H4,Sample88,23,56,13129,53,28451,189,13182,23_vs_56,13127.100203928003,54.89979607199784,s25,round2_20C_d01_08.04.2026_H4_Sample88.csv
round2,20C,d01,08.04.2026,G6,Sample78,20,43,17807,455,16385,446,18262,20_vs_43,17813.63113698624,448.3688630137556,s21,round2_20C_d01_08.04.2026_G6_Sample78.csv
round2,20C,d01,08.04.2026,F8,Sample68,16,56,64820,68,67297,189,64888,16_vs_56,64810.45938973773,77.5406102631959,s18,round2_20C_d01_08.04.2026_F8_Sample68.csv
round2,20C,d01,08.04.2026,D11,Sample47,12,32,16971,135,7113,15757,17106,12_vs_32,16918.82620206958,187.1737979304175,s11,round2_20C_d01_08.04.2026_D11_Sample47.csv
round2,20C,d01,08.04.2026,B3,Sample15,43,56,518,63,446,189,581,43_vs_56,475.3130414566894,105.68695854331062,s28,round2_20C_d01_08.04.2026_B3_Sample15.csv
round2,20C,d01,08.04.2026,D2,Sample38,12,16,316,122348,7113,67297,122664,12_vs_16,646.8372643742985,122017.16273562571,s08,round2_20C_d01_08.04.2026_D2_Sample38.csv
round2,20C,d01,08.04.2026,B4,Sample16,06,12,134655,1994,123895,7113,136649,06_vs_12,129020.0258403911,7628.974159610206,s01,round2_20C_d01_08.04.2026_B4_Sample16.csv
round2,20C,d01,08.04.2026,E7,Sample55,16,20,56425,15350,67297,16385,71775,16_vs_20,56194.08511577104,15580.914884228961,s14,round2_20C_d01_08.04.2026_E7_Sample55.csv
round2,20C,d01,08.04.2026,E2,Sample50,12,43,348,1634,7113,446,1982,12_vs_43,726.2972829604139,1255.702717039586,s12,round2_20C_d01_08.04.2026_E2_Sample50.csv
round2,20C,d01,08.04.2026,F9,Sample69,16,56,63177,55,67297,189,63232,16_vs_56,63167.09437001919,64.90562998152177,s18,round2_20C_d01_08.04.2026_F9_Sample69.csv
round2,20C,d01,08.04.2026,H12,Sample96,32,56,164,11267,15757,189,11431,32_vs_56,313.4044323920376,11117.595567607963,s27,round2_20C_d01_08.04.2026_H12_Sample96.csv
round2,20C,d01,08.04.2026,D7,Sample43,12,23,338,16694,7113,28451,17032,12_vs_23,324.6718860878678,16707.328113912146,s10,round2_20C_d01_08.04.2026_D7_Sample43.csv
round2,20C,d01,08.04.2026,D9,Sample45,12,23,245,15218,7113,28451,15463,12_vs_23,231.00097917093942,15231.999020829084,s10,round2_20C_d01_08.04.2026_D9_Sample45.csv
round2,20C,d01,08.04.2026,C8,Sample32,06,43,105776,15386,123895,446,121162,06_vs_43,99518.67284010704,21643.327159893503,s06,round2_20C_d01_08.04.2026_C8_Sample32.csv
round2,20C,d01,08.04.2026,D3,Sample39,12,16,308,120570,7113,67297,120878,12_vs_16,699.4021032420688,120178.59789675793,s08,round2_20C_d01_08.04.2026_D3_Sample39.csv
round2,20C,d01,08.04.2026,F2,Sample62,16,32,91948,1206,67297,15757,93154,16_vs_32,91830.3864681815,1323.6135318184952,s16,round2_20C_d01_08.04.2026_F2_Sample62.csv
round2,20C,d01,08.04.2026,H2,Sample86,23,43,17657,139,28451,446,17796,23_vs_43,17640.42899476704,155.5710052329875,s24,round2_20C_d01_08.04.2026_H2_Sample86.csv
round2,20C,d01,08.04.2026,D5,Sample41,12,20,114,22530,7113,16385,22644,12_vs_20,120.8143534728558,22523.185646527367,s09,round2_20C_d01_08.04.2026_D5_Sample41.csv
round2,20C,d01,08.04.2026,G5,Sample77,20,43,21634,447,16385,446,22081,20_vs_43,21646.727787247,434.27221275300116,s21,round2_20C_d01_08.04.2026_G5_Sample77.csv
round2,20C,d01,08.04.2026,C7,Sample31,06,43,115377,15653,123895,446,131030,06_vs_43,108368.04509592992,22661.954904070513,s06,round2_20C_d01_08.04.2026_C7_Sample31.csv
round2,20C,d01,08.04.2026,B7,Sample19,06,16,126165,11890,123895,67297,138055,06_vs_16,121461.61304402197,16593.38695597802,s02,round2_20C_d01_08.04.2026_B7_Sample19.csv
round2,20C,d01,08.04.2026,F3,Sample63,16,32,82316,948,67297,15757,83264,16_vs_32,82233.26075001375,1030.7392499862506,s16,round2_20C_d01_08.04.2026_F3_Sample63.csv
round2,20C,d01,08.04.2026,D4,Sample40,12,20,173,29671,7113,16385,29844,12_vs_20,183.81770029417768,29660.182299706295,s09,round2_20C_d01_08.04.2026_D4_Sample40.csv
round2,20C,d01,08.04.2026,E12,Sample60,16,23,38053,5353,67297,28451,43406,16_vs_23,37661.30762970461,5744.692370310771,s15,round2_20C_d01_08.04.2026_E12_Sample60.csv
round2,20C,d01,08.04.2026,G3,Sample75,20,32,48769,181,16385,15757,48950,20_vs_32,48764.207904295705,185.79209570429714,s20,round2_20C_d01_08.04.2026_G3_Sample75.csv
round2,20C,d01,08.04.2026,E11,Sample59,16,23,79565,8202,67297,28451,87767,16_vs_23,79487.7146990801,8279.285300983125,s15,round2_20C_d01_08.04.2026_E11_Sample59.csv
round2,20C,d01,08.04.2026,H5,Sample89,23,56,13492,49,28451,189,13541,23_vs_56,13487.160667332859,53.83933266714122,s25,round2_20C_d01_08.04.2026_H5_Sample89.csv
round2,20C,d01,08.04.2026,F12,Sample72,20,23,43675,22867,16385,28451,66542,20_vs_23,45032.145721749795,21509.854278250208,s19,round2_20C_d01_08.04.2026_F12_Sample72.csv
round2,20C,d01,08.04.2026,E9,Sample57,16,20,94203,16601,67297,16385,110804,16_vs_20,93786.98647192123,17017.013528078773,s14,round2_20C_d01_08.04.2026_E9_Sample57.csv
round2,20C,d01,08.04.2026,E5,Sample53,12,56,456,697,7113,189,1153,12_vs_56,547.8112273331055,605.1887726668945,s13,round2_20C_d01_08.04.2026_E5_Sample53.csv
round2,20C,d01,08.04.2026,B2,Sample14,43,56,585,81,446,189,666,43_vs_56,539.702401308698,126.29759869130194,s28,round2_20C_d01_08.04.2026_B2_Sample14.csv
round2,20C,d01,08.04.2026,C4,Sample28,06,32,159902,750,123895,15757,160652,06_vs_32,159707.85550422917,944.1444957881264,s05,round2_20C_d01_08.04.2026_C4_Sample28.csv
round2,20C,d01,08.04.2026,F10,Sample70,20,23,42643,13738,16385,28451,56381,20_vs_23,43442.22867576492,12938.771324235084,s19,round2_20C_d01_08.04.2026_F10_Sample70.csv
round2,20C,d01,08.04.2026,C5,Sample29,06,32,124599,589,123895,15757,125188,06_vs_32,124407.09622690153,780.9037731076346,s05,round2_20C_d01_08.04.2026_C5_Sample29.csv
round2,20C,d01,08.04.2026,B5,Sample17,06,12,117795,1711,123895,7113,119506,06_vs_12,112816.05840700238,6689.9415929962015,s01,round2_20C_d01_08.04.2026_B5_Sample17.csv
round2,20C,d01,08.04.2026,C10,Sample34,06,56,105091,1044,123895,189,106135,06_vs_56,103680.25362058295,2454.746379417055,s07,round2_20C_d01_08.04.2026_C10_Sample34.csv
round2,20C,d01,08.04.2026,E10,Sample58,16,23,78863,17188,67297,28451,96051,16_vs_23,79487.36078407467,16563.63921598329,s15,round2_20C_d01_08.04.2026_E10_Sample58.csv
round2,20C,d01,08.04.2026,C12,Sample36,06,56,110432,1161,123895,189,111593,06_vs_56,108908.4132646718,2684.586735328191,s07,round2_20C_d01_08.04.2026_C12_Sample36.csv
round2,20C,d01,08.04.2026,G10,Sample82,23,32,24053,13,28451,15757,24066,23_vs_32,24043.45117406398,22.548825936327866,s23,round2_20C_d01_08.04.2026_G10_Sample82.csv
round2,20C,d01,08.04.2026,D1,Sample37,12,16,495,102414,7113,67297,102909,12_vs_16,870.5915593568084,102038.4084406432,s08,round2_20C_d01_08.04.2026_D1_Sample37.csv
round2,20C,d01,08.04.2026,D12,Sample48,12,32,14982,115,7113,15757,15097,12_vs_32,14937.072775177148,159.92722482285097,s11,round2_20C_d01_08.04.2026_D12_Sample48.csv
round2,20C,d01,08.04.2026,C2,Sample26,06,23,117403,18014,123895,28451,135417,06_vs_23,114794.52811835804,20622.47188164271,s04,round2_20C_d01_08.04.2026_C2_Sample26.csv
round2,20C,d01,08.04.2026,H11,Sample95,32,56,117,11364,15757,189,11481,32_vs_56,198.10069098475307,11282.899309015198,s27,round2_20C_d01_08.04.2026_H11_Sample95.csv
round2,20C,d01,08.04.2026,G1,Sample73,20,32,38958,187,16385,15757,39145,20_vs_32,38942.96174051376,202.03825948623847,s20,round2_20C_d01_08.04.2026_G1_Sample73.csv
round2,20C,d01,08.04.2026,B11,Sample23,06,20,29973,65682,123895,16385,95655,06_vs_20,33704.59645122613,61950.40354877455,s03,round2_20C_d01_08.04.2026_B11_Sample23.csv
round2,20C,d01,08.04.2026,C6,Sample30,06,32,107979,491,123895,15757,108470,06_vs_32,107861.26624786566,608.7337521415704,s05,round2_20C_d01_08.04.2026_C6_Sample30.csv
round2,20C,d01,08.04.2026,H6,Sample90,23,56,14406,47,28451,189,14453,23_vs_56,14403.342025576232,49.65797442376677,s25,round2_20C_d01_08.04.2026_H6_Sample90.csv
round2,20C,d07,14.04.2026,C10,Sample34,06,56,67183,942,13836,484,68125,06_vs_56,67166.18777826018,958.8122217398166,s07,round2_20C_d07_14.04.2026_C10_Sample34.csv
round2,20C,d07,14.04.2026,H7,Sample91,32,43,45247,25544,105615,5319,70791,32_vs_43,38789.54155595603,32001.458444044107,s26,round2_20C_d07_14.04.2026_H7_Sample91.csv
round2,20C,d07,14.04.2026,B6,Sample18,06,12,23946,292,13836,1302,24238,06_vs_12,23748.19155270101,489.8084472990647,s01,round2_20C_d07_14.04.2026_B6_Sample18.csv
round2,20C,d07,14.04.2026,B4,Sample16,06,12,22850,260,13836,1302,23110,06_vs_12,22631.341737612922,478.6582623871482,s01,round2_20C_d07_14.04.2026_B4_Sample16.csv
round2,20C,d07,14.04.2026,D8,Sample44,12,23,36827,343784,1302,264689,380611,12_vs_23,53108.00227033138,327502.997729663,s10,round2_20C_d07_14.04.2026_D8_Sample44.csv
round2,20C,d07,14.04.2026,F9,Sample69,16,56,833017,220548,69696,484,1053565,16_vs_56,800170.0692231283,253394.93077691807,s18,round2_20C_d07_14.04.2026_F9_Sample69.csv
round2,20C,d07,14.04.2026,E11,Sample59,16,23,281705,31718,69696,264689,313423,16_vs_23,268624.7823946449,44798.21760535509,s15,round2_20C_d07_14.04.2026_E11_Sample59.csv
round2,20C,d07,14.04.2026,B10,Sample22,06,20,63080,310,13836,582,63390,06_vs_20,61970.37269990895,1419.627300090983,s03,round2_20C_d07_14.04.2026_B10_Sample22.csv
round2,20C,d07,14.04.2026,E12,Sample60,16,23,994211,114989,69696,264689,1109200,16_vs_23,920752.6537234589,188447.34627653926,s15,round2_20C_d07_14.04.2026_E12_Sample60.csv
round2,20C,d07,14.04.2026,D11,Sample47,12,32,84852,335340,1302,105615,420192,12_vs_32,96749.71323321933,323442.28676678066,s11,round2_20C_d07_14.04.2026_D11_Sample47.csv
round2,20C,d07,14.04.2026,G9,Sample81,20,56,158521,26152,582,484,184673,20_vs_56,154083.73093266078,30589.26906734113,s22,round2_20C_d07_14.04.2026_G9_Sample81.csv
round2,20C,d07,14.04.2026,H5,Sample89,23,56,94615,4058,264689,484,98673,23_vs_56,89120.67905311802,9552.320946881973,s25,round2_20C_d07_14.04.2026_H5_Sample89.csv
round2,20C,d07,14.04.2026,F4,Sample64,16,43,455168,110705,69696,5319,565873,16_vs_43,430200.5193579403,135672.4806420582,s17,round2_20C_d07_14.04.2026_F4_Sample64.csv
round2,20C,d07,14.04.2026,G4,Sample76,20,43,13564,28823,582,5319,42387,20_vs_43,14929.946188046399,27457.0538119536,s21,round2_20C_d07_14.04.2026_G4_Sample76.csv
round2,20C,d07,14.04.2026,C8,Sample32,06,43,17093,300,13836,5319,17393,06_vs_43,16989.586269208077,403.41373079193704,s06,round2_20C_d07_14.04.2026_C8_Sample32.csv
round2,20C,d07,14.04.2026,F8,Sample68,16,56,246128,64530,69696,484,310658,16_vs_56,236913.92766304585,73744.07233695548,s18,round2_20C_d07_14.04.2026_F8_Sample68.csv
round2,20C,d07,14.04.2026,E2,Sample50,12,43,4621,13889,1302,5319,18510,12_vs_43,5501.330966361105,13008.669033638895,s12,round2_20C_d07_14.04.2026_E2_Sample50.csv
round2,20C,d07,14.04.2026,C9,Sample33,06,43,98031,2603,13836,5319,100634,06_vs_43,97594.4206770582,3039.579322942478,s06,round2_20C_d07_14.04.2026_C9_Sample33.csv
round2,20C,d07,14.04.2026,B5,Sample17,06,12,43791,481,13836,1302,44272,06_vs_12,43448.769900741856,823.2300992581812,s01,round2_20C_d07_14.04.2026_B5_Sample17.csv
round2,20C,d07,14.04.2026,H11,Sample95,32,56,784616,163164,105615,484,947780,32_vs_56,736401.2369647565,211378.76303524376,s27,round2_20C_d07_14.04.2026_H11_Sample95.csv
round2,20C,d07,14.04.2026,E9,Sample57,16,20,270764,89168,69696,582,359932,16_vs_20,262475.6739723338,97456.32602766622,s14,round2_20C_d07_14.04.2026_E9_Sample57.csv
round2,20C,d07,14.04.2026,D9,Sample45,12,23,55997,374026,1302,264689,430023,12_vs_23,74861.40079804533,355161.5992019474,s10,round2_20C_d07_14.04.2026_D9_Sample45.csv
round2,20C,d07,14.04.2026,H10,Sample94,32,56,133894,21127,105615,484,155021,32_vs_56,123895.58840087225,31125.411599126608,s27,round2_20C_d07_14.04.2026_H10_Sample94.csv
round2,20C,d07,14.04.2026,C1,Sample25,06,23,10460,2491,13836,264689,12951,06_vs_23,10727.632153811486,2223.3678461885056,s04,round2_20C_d07_14.04.2026_C1_Sample25.csv
round2,20C,d07,14.04.2026,F10,Sample70,20,23,16332,586001,582,264689,602333,20_vs_23,28839.332445116408,573493.6675548836,s19,round2_20C_d07_14.04.2026_F10_Sample70.csv
round2,20C,d07,14.04.2026,D2,Sample38,12,16,162495,354244,1302,69696,516739,12_vs_16,169671.51236412453,347067.48763587547,s08,round2_20C_d07_14.04.2026_D2_Sample38.csv
round2,20C,d07,14.04.2026,H1,Sample85,23,43,28519,20775,264689,5319,49294,23_vs_43,29780.628218135073,19513.371781864935,s24,round2_20C_d07_14.04.2026_H1_Sample85.csv
round2,20C,d07,14.04.2026,D5,Sample41,12,20,263671,62690,1302,582,326361,12_vs_20,248692.0414489559,77668.95855105144,s09,round2_20C_d07_14.04.2026_D5_Sample41.csv
round2,20C,d07,14.04.2026,D6,Sample42,12,20,364749,72918,1302,582,437667,12_vs_20,344323.6870450636,93343.31295494582,s09,round2_20C_d07_14.04.2026_D6_Sample42.csv
round2,20C,d07,14.04.2026,D3,Sample39,12,16,283024,639855,1302,69696,922879,12_vs_16,293282.96083667903,629596.0391633209,s08,round2_20C_d07_14.04.2026_D3_Sample39.csv
round2,20C,d07,14.04.2026,E8,Sample56,16,20,330425,89847,69696,582,420272,16_vs_20,320163.9981967359,100108.00180326411,s14,round2_20C_d07_14.04.2026_E8_Sample56.csv
round2,20C,d07,14.04.2026,F6,Sample66,16,43,547300,252523,69696,5319,799823,16_vs_43,513438.61875877477,286384.38124120096,s17,round2_20C_d07_14.04.2026_F6_Sample66.csv
round2,20C,d07,14.04.2026,G1,Sample73,20,32,807,14877,582,105615,15684,20_vs_32,1386.4618212200965,14297.538178779903,s20,round2_20C_d07_14.04.2026_G1_Sample73.csv
round2,20C,d07,14.04.2026,F12,Sample72,20,23,25705,767912,582,264689,793617,20_vs_23,46015.65227336629,747601.3477266337,s19,round2_20C_d07_14.04.2026_F12_Sample72.csv
round2,20C,d07,14.04.2026,H4,Sample88,23,56,63882,5746,264689,484,69628,23_vs_56,60124.21672936146,9503.783270638538,s25,round2_20C_d07_14.04.2026_H4_Sample88.csv
round2,20C,d07,14.04.2026,H12,Sample96,32,56,44036,20978,105615,484,65014,32_vs_56,40446.42734786674,24567.572652133353,s27,round2_20C_d07_14.04.2026_H12_Sample96.csv
round2,20C,d07,14.04.2026,F2,Sample62,16,32,496613,45314,69696,105615,541927,16_vs_32,489258.55603945674,52668.44396054327,s16,round2_20C_d07_14.04.2026_F2_Sample62.csv
round2,20C,d07,14.04.2026,G3,Sample75,20,32,266199,979887,582,105615,1246086,20_vs_32,297142.4946594885,948943.5053405114,s20,round2_20C_d07_14.04.2026_G3_Sample75.csv
round2,20C,d07,14.04.2026,B3,Sample15,43,56,45214,5229,5319,484,50443,43_vs_56,43078.64439110158,7364.355608898422,s28,round2_20C_d07_14.04.2026_B3_Sample15.csv
round2,20C,d07,14.04.2026,B11,Sample23,06,20,11539,31,13836,582,11570,06_vs_20,11324.722767904383,245.27723209562114,s03,round2_20C_d07_14.04.2026_B11_Sample23.csv
round2,20C,d07,14.04.2026,H6,Sample90,23,56,697393,144290,264689,484,841683,23_vs_56,672703.0248142955,168979.97518570453,s25,round2_20C_d07_14.04.2026_H6_Sample90.csv
round2,20C,d07,14.04.2026,E10,Sample58,16,23,9951,1929,69696,264689,11880,16_vs_23,9526.767939536448,2353.232060463595,s15,round2_20C_d07_14.04.2026_E10_Sample58.csv
round2,20C,d07,14.04.2026,D10,Sample46,12,32,38058,359038,1302,105615,397096,12_vs_32,52838.89477382857,344257.10522617144,s11,round2_20C_d07_14.04.2026_D10_Sample46.csv
round2,20C,d07,14.04.2026,E1,Sample49,12,43,11953,31393,1302,5319,43346,12_vs_43,14294.451507838432,29051.548492161568,s12,round2_20C_d07_14.04.2026_E1_Sample49.csv
round2,20C,d07,14.04.2026,E6,Sample54,12,56,306575,306194,1302,484,612769,12_vs_56,312626.93721413834,300142.06278586166,s13,round2_20C_d07_14.04.2026_E6_Sample54.csv
round2,20C,d07,14.04.2026,G2,Sample74,20,32,6331,85062,582,105615,91393,20_vs_32,8979.31315339182,82413.68684660818,s20,round2_20C_d07_14.04.2026_G2_Sample74.csv
round2,20C,d07,14.04.2026,C12,Sample36,06,56,173347,2854,13836,484,176201,06_vs_56,173321.87018982845,2879.129810171561,s07,round2_20C_d07_14.04.2026_C12_Sample36.csv
round2,20C,d07,14.04.2026,G10,Sample82,23,32,603589,260790,264689,105615,864379,23_vs_32,539352.3415640469,325026.65843595244,s23,round2_20C_d07_14.04.2026_G10_Sample82.csv
round2,20C,d07,14.04.2026,B8,Sample20,06,16,2760,25,13836,69696,2785,06_vs_16,2752.356545602857,32.64345439714336,s02,round2_20C_d07_14.04.2026_B8_Sample20.csv
round2,20C,d07,14.04.2026,C2,Sample26,06,23,30801,5901,13836,264689,36702,06_vs_23,31144.930808664736,5557.069191334918,s04,round2_20C_d07_14.04.2026_C2_Sample26.csv
round2,20C,d07,14.04.2026,E3,Sample51,12,43,89569,150222,1302,5319,239791,12_vs_43,98364.3314495284,141426.6685504716,s12,round2_20C_d07_14.04.2026_E3_Sample51.csv
round2,20C,d07,14.04.2026,F7,Sample67,16,56,560879,240279,69696,484,801158,16_vs_56,540589.9095849348,260568.0904150777,s18,round2_20C_d07_14.04.2026_F7_Sample67.csv
round2,20C,d07,14.04.2026,F11,Sample71,20,23,8495,274976,582,264689,283471,20_vs_23,13210.109582688428,270260.8904173116,s19,round2_20C_d07_14.04.2026_F11_Sample71.csv
round2,20C,d07,14.04.2026,H8,Sample92,32,43,6985,1856,105615,5319,8841,32_vs_43,5874.2392949344985,2966.760705065553,s26,round2_20C_d07_14.04.2026_H8_Sample92.csv
round2,20C,d07,14.04.2026,D12,Sample48,12,32,107214,571747,1302,105615,678961,12_vs_32,131745.67442053033,547215.3255794697,s11,round2_20C_d07_14.04.2026_D12_Sample48.csv
round2,20C,d07,14.04.2026,G5,Sample77,20,43,71772,78470,582,5319,150242,20_vs_43,69887.47732051276,80354.52267948724,s21,round2_20C_d07_14.04.2026_G5_Sample77.csv
round2,20C,d07,14.04.2026,E5,Sample53,12,56,123268,131354,1302,484,254622,12_vs_56,125757.29594669375,128864.70405330625,s13,round2_20C_d07_14.04.2026_E5_Sample53.csv
round2,20C,d07,14.04.2026,H2,Sample86,23,43,79662,34029,264689,5319,113691,23_vs_43,79069.19576449355,34621.80423550822,s24,round2_20C_d07_14.04.2026_H2_Sample86.csv
round2,20C,d07,14.04.2026,C4,Sample28,06,32,27903,1481,13836,105615,29384,06_vs_32,27871.74863793432,1512.2513620665334,s05,round2_20C_d07_14.04.2026_C4_Sample28.csv
round2,20C,d07,14.04.2026,B2,Sample14,43,56,38622,5263,5319,484,43885,43_vs_56,36880.99891475209,7004.001085247905,s28,round2_20C_d07_14.04.2026_B2_Sample14.csv
round2,20C,d07,14.04.2026,C7,Sample31,06,43,58639,1717,13836,5319,60356,06_vs_43,58312.156323694755,2043.8436763054576,s06,round2_20C_d07_14.04.2026_C7_Sample31.csv
round2,20C,d07,14.04.2026,C6,Sample30,06,32,68993,4192,13836,105615,73185,06_vs_32,68922.07737906683,4262.922620939041,s05,round2_20C_d07_14.04.2026_C6_Sample30.csv
round2,20C,d07,14.04.2026,B12,Sample24,06,20,239048,2664,13836,582,241712,06_vs_20,235016.82207779086,6695.1779222114565,s03,round2_20C_d07_14.04.2026_B12_Sample24.csv
round2,20C,d07,14.04.2026,D7,Sample43,12,23,80614,409062,1302,264689,489676,12_vs_23,100665.81012087605,389010.1898791277,s10,round2_20C_d07_14.04.2026_D7_Sample43.csv
round2,20C,d07,14.04.2026,E7,Sample55,16,20,658381,142761,69696,582,801142,16_vs_20,617559.5138628763,183582.48613712366,s14,round2_20C_d07_14.04.2026_E7_Sample55.csv
round2,20C,d07,14.04.2026,H9,Sample93,32,43,196726,125990,105615,5319,322716,32_vs_43,168911.9004465476,153804.09955343857,s26,round2_20C_d07_14.04.2026_H9_Sample93.csv
round2,20C,d07,14.04.2026,C5,Sample29,06,32,53787,3176,13836,105615,56963,06_vs_32,53729.96726812323,3233.0327318804575,s05,round2_20C_d07_14.04.2026_C5_Sample29.csv
round2,20C,d07,14.04.2026,D1,Sample37,12,16,79795,117845,1302,69696,197640,12_vs_16,80907.88270383183,116732.11729616817,s08,round2_20C_d07_14.04.2026_D1_Sample37.csv
round2,20C,d07,14.04.2026,B9,Sample21,06,16,161290,1863,13836,69696,163153,06_vs_16,161176.91410176683,1976.0858982331865,s02,round2_20C_d07_14.04.2026_B9_Sample21.csv
round2,20C,d07,14.04.2026,G6,Sample78,20,43,126463,138145,582,5319,264608,20_vs_43,126181.69179636051,138426.30820363946,s21,round2_20C_d07_14.04.2026_G6_Sample78.csv
round2,20C,d07,14.04.2026,E4,Sample52,12,56,96077,95343,1302,484,191420,12_vs_56,97104.83189508005,94315.16810491995,s13,round2_20C_d07_14.04.2026_E4_Sample52.csv
round2,20C,d07,14.04.2026,F1,Sample61,16,32,167504,18862,69696,105615,186366,16_vs_32,163429.56871570984,22936.431284290175,s16,round2_20C_d07_14.04.2026_F1_Sample61.csv
round2,20C,d07,14.04.2026,G7,Sample79,20,56,82684,12384,582,484,95068,20_vs_56,79684.60327328579,15383.39672671468,s22,round2_20C_d07_14.04.2026_G7_Sample79.csv
round2,20C,d07,14.04.2026,C3,Sample27,06,23,44565,10340,13836,264689,54905,06_vs_23,44998.16874155701,9906.83125844355,s04,round2_20C_d07_14.04.2026_C3_Sample27.csv
round2,20C,d07,14.04.2026,F3,Sample63,16,32,1196314,55226,69696,105615,1251540,16_vs_32,1182226.6370292986,69313.36297070145,s16,round2_20C_d07_14.04.2026_F3_Sample63.csv
round2,20C,d07,14.04.2026,G12,Sample84,23,32,217741,418035,264689,105615,635776,23_vs_32,245794.25324315668,389981.74675684737,s23,round2_20C_d07_14.04.2026_G12_Sample84.csv
round2,20C,d07,14.04.2026,G8,Sample80,20,56,1414,1690,582,484,3104,20_vs_56,1476.4810401055117,1627.5189598944903,s22,round2_20C_d07_14.04.2026_G8_Sample80.csv
round2,20C,d07,14.04.2026,B7,Sample19,06,16,27528,459,13836,69696,27987,06_vs_16,27481.478557927832,505.52144207216907,s02,round2_20C_d07_14.04.2026_B7_Sample19.csv
round2,20C,d07,14.04.2026,H3,Sample87,23,43,268680,104079,264689,5319,372759,23_vs_43,261545.80234724042,111213.19765275315,s24,round2_20C_d07_14.04.2026_H3_Sample87.csv
round2,20C,d07,14.04.2026,C11,Sample35,06,56,54837,796,13836,484,55633,06_vs_56,54829.89268265594,803.1073173440594,s07,round2_20C_d07_14.04.2026_C11_Sample35.csv
round2,20C,d07,14.04.2026,F5,Sample65,16,43,829449,147340,69696,5319,976789,16_vs_43,782459.2943102468,194329.70568976906,s17,round2_20C_d07_14.04.2026_F5_Sample65.csv
round2,20C,d07,14.04.2026,D4,Sample40,12,20,116590,99097,1302,582,215687,12_vs_20,112895.38950723386,102791.6104927668,s09,round2_20C_d07_14.04.2026_D4_Sample40.csv
round2,20C,d07,14.04.2026,B1,Sample13,43,56,7530,532,5319,484,8062,43_vs_56,7258.796508708592,803.2034912914073,s28,round2_20C_d07_14.04.2026_B1_Sample13.csv
round2,20C,d07,14.04.2026,G11,Sample83,23,32,419917,435181,264689,105615,855098,23_vs_32,415630.4328561374,439467.56714385794,s23,round2_20C_d07_14.04.2026_G11_Sample83.csv
round2,10C,d07,14.04.2026,B7,Sample19,06,16,42957,1123401,37297,1091195,1166358,06_vs_16,67354.57882727846,1099003.4211727215,s02,round2_10C_d07_14.04.2026_B7_Sample19.csv
round2,10C,d07,14.04.2026,C2,Sample26,06,23,255748,424393,37297,660831,680141,06_vs_23,265905.45573699364,414235.54426299356,s04,round2_10C_d07_14.04.2026_C2_Sample26.csv
round2,10C,d07,14.04.2026,E8,Sample56,16,20,779045,201582,1091195,252858,980627,16_vs_20,753204.5473916102,227422.45260838987,s14,round2_10C_d07_14.04.2026_E8_Sample56.csv
round2,10C,d07,14.04.2026,C10,Sample34,06,56,138567,1340510,37297,1330308,1479077,06_vs_56,155362.5463177787,1323714.4536822215,s07,round2_10C_d07_14.04.2026_C10_Sample34.csv
round2,10C,d07,14.04.2026,C12,Sample36,06,56,157994,1349727,37297,1330308,1507721,06_vs_56,179962.67823923947,1327758.3217607606,s07,round2_10C_d07_14.04.2026_C12_Sample36.csv
round2,10C,d07,14.04.2026,G3,Sample75,20,32,185453,1224964,252858,1073233,1410417,20_vs_32,206005.33391181083,1204411.666088189,s20,round2_10C_d07_14.04.2026_G3_Sample75.csv
round2,10C,d07,14.04.2026,B12,Sample24,06,20,166420,140331,37297,252858,306751,06_vs_20,157228.19144379086,149522.80855620877,s03,round2_10C_d07_14.04.2026_B12_Sample24.csv
round2,10C,d07,14.04.2026,B11,Sample23,06,20,195823,131572,37297,252858,327395,06_vs_20,183100.05278067602,144294.94721932273,s03,round2_10C_d07_14.04.2026_B11_Sample23.csv
round2,10C,d07,14.04.2026,H9,Sample93,32,43,436468,7785,1073233,18999,444253,32_vs_43,377140.59104654385,67112.40895345696,s26,round2_10C_d07_14.04.2026_H9_Sample93.csv
round2,10C,d07,14.04.2026,F1,Sample61,16,32,11517,24148,1091195,1073233,35665,16_vs_32,11474.879412714829,24190.12058728517,s16,round2_10C_d07_14.04.2026_F1_Sample61.csv
round2,10C,d07,14.04.2026,G12,Sample84,23,32,940160,397633,660831,1073233,1337793,23_vs_32,919090.4909264769,418702.50907359616,s23,round2_10C_d07_14.04.2026_G12_Sample84.csv
round2,10C,d07,14.04.2026,H1,Sample85,23,43,39544,31585,660831,18999,71129,23_vs_43,42078.819225395324,29050.180774604705,s24,round2_10C_d07_14.04.2026_H1_Sample85.csv
round2,10C,d07,14.04.2026,H7,Sample91,32,43,190953,4208,1073233,18999,195161,32_vs_43,162734.7229780864,32426.27702191332,s26,round2_10C_d07_14.04.2026_H7_Sample91.csv
round2,10C,d07,14.04.2026,B2,Sample14,43,56,65775,1494082,18999,1330308,1559857,43_vs_56,97677.63583035691,1462179.3641696433,s28,round2_10C_d07_14.04.2026_B2_Sample14.csv
round2,10C,d07,14.04.2026,D1,Sample37,12,16,61452,172479,1008522,1091195,233931,12_vs_16,70071.64840049822,163859.3515995018,s08,round2_10C_d07_14.04.2026_D1_Sample37.csv
round2,10C,d07,14.04.2026,F2,Sample62,16,32,1227555,76608,1091195,1073233,1304163,16_vs_32,1226180.4134410643,77982.58655893554,s16,round2_10C_d07_14.04.2026_F2_Sample62.csv
round2,10C,d07,14.04.2026,E10,Sample58,16,23,1219616,58799,1091195,660831,1278415,16_vs_23,1175473.4703670412,102941.52963299143,s15,round2_10C_d07_14.04.2026_E10_Sample58.csv
round2,10C,d07,14.04.2026,E4,Sample52,12,56,119443,883434,1008522,1330308,1002877,12_vs_56,197286.2748982116,805590.7251017884,s13,round2_10C_d07_14.04.2026_E4_Sample52.csv
round2,10C,d07,14.04.2026,D6,Sample42,12,20,1107990,29512,1008522,252858,1137502,12_vs_20,1087591.741905928,49910.258094031,s09,round2_10C_d07_14.04.2026_D6_Sample42.csv
round2,10C,d07,14.04.2026,C11,Sample35,06,56,135632,1347570,37297,1330308,1483202,06_vs_56,151808.32109938454,1331393.6789006155,s07,round2_10C_d07_14.04.2026_C11_Sample35.csv
round2,10C,d07,14.04.2026,B3,Sample15,43,56,72899,1534072,18999,1330308,1606971,43_vs_56,111245.78939638211,1495725.210603618,s28,round2_10C_d07_14.04.2026_B3_Sample15.csv
round2,10C,d07,14.04.2026,C9,Sample33,06,43,496720,14338,37297,18999,511058,06_vs_43,489399.2455497562,21658.754450242715,s06,round2_10C_d07_14.04.2026_C9_Sample33.csv
round2,10C,d07,14.04.2026,E2,Sample50,12,43,1127954,206594,1008522,18999,1334548,12_vs_43,1076386.036875773,258161.963124227,s12,round2_10C_d07_14.04.2026_E2_Sample50.csv
round2,10C,d07,14.04.2026,H12,Sample96,32,56,32019,1584029,1073233,1330308,1616048,32_vs_56,91199.69906050817,1524848.3009395613,s27,round2_10C_d07_14.04.2026_H12_Sample96.csv
round2,10C,d07,14.04.2026,D7,Sample43,12,23,605592,427013,1008522,660831,1032605,12_vs_23,588860.3045057624,443744.6954942475,s10,round2_10C_d07_14.04.2026_D7_Sample43.csv
round2,10C,d07,14.04.2026,F10,Sample70,20,23,309537,1557631,252858,660831,1867168,20_vs_23,354425.7205916439,1512742.2794083562,s19,round2_10C_d07_14.04.2026_F10_Sample70.csv
round2,10C,d07,14.04.2026,E6,Sample54,12,56,127366,1416874,1008522,1330308,1544240,12_vs_56,230386.18925902183,1313853.8107409782,s13,round2_10C_d07_14.04.2026_E6_Sample54.csv
round2,10C,d07,14.04.2026,D9,Sample45,12,23,748506,677174,1008522,660831,1425680,12_vs_23,734597.5842240964,691082.4157759132,s10,round2_10C_d07_14.04.2026_D9_Sample45.csv
round2,10C,d07,14.04.2026,C7,Sample31,06,43,433564,12479,37297,18999,446043,06_vs_43,427560.68230097403,18482.31769904114,s06,round2_10C_d07_14.04.2026_C7_Sample31.csv
round2,10C,d07,14.04.2026,F7,Sample67,16,56,389029,878220,1091195,1330308,1267249,16_vs_56,432637.2837825052,834611.7162174461,s18,round2_10C_d07_14.04.2026_F7_Sample67.csv
round2,10C,d07,14.04.2026,C1,Sample25,06,23,195941,448497,37297,660831,644438,06_vs_23,218910.64251494818,425527.35748504713,s04,round2_10C_d07_14.04.2026_C1_Sample25.csv
round2,10C,d07,14.04.2026,C8,Sample32,06,43,450683,10995,37297,18999,461678,06_vs_43,443434.1098708339,18243.89012916664,s06,round2_10C_d07_14.04.2026_C8_Sample32.csv
round2,10C,d07,14.04.2026,B5,Sample17,06,12,624842,101871,37297,1008522,726713,06_vs_12,614132.5557709299,112580.44422904581,s01,round2_10C_d07_14.04.2026_B5_Sample17.csv
round2,10C,d07,14.04.2026,E5,Sample53,12,56,118861,1430172,1008522,1330308,1549033,12_vs_56,218134.17192029592,1330898.828079704,s13,round2_10C_d07_14.04.2026_E5_Sample53.csv
round2,10C,d07,14.04.2026,F12,Sample72,20,23,265346,1148834,252858,660831,1414180,20_vs_23,302342.1388038847,1111837.8611961154,s19,round2_10C_d07_14.04.2026_F12_Sample72.csv
round2,10C,d07,14.04.2026,E3,Sample51,12,43,1090184,209563,1008522,18999,1299747,12_vs_43,1047356.525868062,252390.474131938,s12,round2_10C_d07_14.04.2026_E3_Sample51.csv
round2,10C,d07,14.04.2026,D8,Sample44,12,23,574450,507769,1008522,660831,1082219,12_vs_23,565370.6385229267,516848.36147707194,s10,round2_10C_d07_14.04.2026_D8_Sample44.csv
round2,10C,d07,14.04.2026,G4,Sample76,20,43,19753,25443,252858,18999,45196,20_vs_43,19598.791487928967,25597.208512071033,s21,round2_10C_d07_14.04.2026_G4_Sample76.csv
round2,10C,d07,14.04.2026,C4,Sample28,06,32,429166,345409,37297,1073233,774575,06_vs_32,437495.08713114256,337079.91286888195,s05,round2_10C_d07_14.04.2026_C4_Sample28.csv
round2,10C,d07,14.04.2026,G7,Sample79,20,56,84141,691077,252858,1330308,775218,20_vs_56,93252.64768663021,681965.3523133456,s22,round2_10C_d07_14.04.2026_G7_Sample79.csv
round2,10C,d07,14.04.2026,H8,Sample92,32,43,149369,2547,1073233,18999,151916,32_vs_43,128929.78123187029,22986.21876812917,s26,round2_10C_d07_14.04.2026_H8_Sample92.csv
round2,10C,d07,14.04.2026,H10,Sample94,32,56,38346,1519655,1073233,1330308,1558001,32_vs_56,81395.85270345147,1476605.147296512,s27,round2_10C_d07_14.04.2026_H10_Sample94.csv
round2,10C,d07,14.04.2026,F8,Sample68,16,56,703745,559015,1091195,1330308,1262760,16_vs_56,735799.063711473,526960.9362885841,s18,round2_10C_d07_14.04.2026_F8_Sample68.csv
round2,10C,d07,14.04.2026,F5,Sample65,16,43,1324325,126767,1091195,18999,1451092,16_vs_43,1248357.7302539703,202734.2697461345,s17,round2_10C_d07_14.04.2026_F5_Sample65.csv
round2,10C,d07,14.04.2026,H2,Sample86,23,43,749154,290247,660831,18999,1039401,23_vs_43,704566.4116818315,334834.58831815684,s24,round2_10C_d07_14.04.2026_H2_Sample86.csv
round2,10C,d07,14.04.2026,E11,Sample59,16,23,1359299,60608,1091195,660831,1419907,16_vs_23,1304513.8721296971,115393.12787031467,s15,round2_10C_d07_14.04.2026_E11_Sample59.csv
round2,10C,d07,14.04.2026,G10,Sample82,23,32,986776,284353,660831,1073233,1271129,23_vs_32,933197.0678705681,337931.9321294878,s23,round2_10C_d07_14.04.2026_G10_Sample82.csv
round2,10C,d07,14.04.2026,G8,Sample80,20,56,154630,1054570,252858,1330308,1209200,20_vs_56,164157.29325761108,1045042.7067423111,s22,round2_10C_d07_14.04.2026_G8_Sample80.csv
round2,10C,d07,14.04.2026,H4,Sample88,23,56,53403,249080,660831,1330308,302483,23_vs_56,55255.22640782628,247227.7735921737,s25,round2_10C_d07_14.04.2026_H4_Sample88.csv
round2,10C,d07,14.04.2026,H6,Sample90,23,56,136776,1096138,660831,1330308,1232914,23_vs_56,150365.81616621802,1082548.183833782,s25,round2_10C_d07_14.04.2026_H6_Sample90.csv
round2,10C,d07,14.04.2026,F4,Sample64,16,43,59200,44798,1091195,18999,103998,16_vs_43,58025.6902005845,45972.3097994157,s17,round2_10C_d07_14.04.2026_F4_Sample64.csv
round2,10C,d07,14.04.2026,H3,Sample87,23,43,432966,142159,660831,18999,575125,23_vs_43,402834.6501683287,172290.34983167343,s24,round2_10C_d07_14.04.2026_H3_Sample87.csv
round2,10C,d07,14.04.2026,E1,Sample49,12,43,122410,103484,1008522,18999,225894,12_vs_43,122010.30949122175,103883.69050877825,s12,round2_10C_d07_14.04.2026_E1_Sample49.csv
round2,10C,d07,14.04.2026,G5,Sample77,20,43,532921,41645,252858,18999,574566,20_vs_43,517851.87121046346,56714.12878953657,s21,round2_10C_d07_14.04.2026_G5_Sample77.csv
round2,10C,d07,14.04.2026,H11,Sample95,32,56,12093,70939,1073233,1330308,83032,32_vs_56,14526.411789784637,68505.58821021632,s27,round2_10C_d07_14.04.2026_H11_Sample95.csv
round2,10C,d07,14.04.2026,F9,Sample69,16,56,871465,515770,1091195,1330308,1387235,16_vs_56,887341.116431792,499893.8835683018,s18,round2_10C_d07_14.04.2026_F9_Sample69.csv
round2,10C,d07,14.04.2026,G1,Sample73,20,32,173820,1173144,252858,1073233,1346964,20_vs_32,204280.7115147967,1142683.2884852034,s20,round2_10C_d07_14.04.2026_G1_Sample73.csv
round2,10C,d07,14.04.2026,D10,Sample46,12,32,638159,841289,1008522,1073233,1479448,12_vs_32,673261.556038399,806186.443961601,s11,round2_10C_d07_14.04.2026_D10_Sample46.csv
round2,10C,d07,14.04.2026,B8,Sample20,06,16,75110,1252943,37297,1091195,1328053,06_vs_16,104387.57499202553,1223665.4250079745,s02,round2_10C_d07_14.04.2026_B8_Sample20.csv
round2,10C,d07,14.04.2026,B6,Sample18,06,12,377523,71944,37297,1008522,449467,06_vs_12,373762.5018449064,75704.49815509477,s01,round2_10C_d07_14.04.2026_B6_Sample18.csv
round2,10C,d07,14.04.2026,D12,Sample48,12,32,636333,882209,1008522,1073233,1518542,12_vs_32,672166.541561919,846375.458438081,s11,round2_10C_d07_14.04.2026_D12_Sample48.csv
round2,10C,d07,14.04.2026,H5,Sample89,23,56,119851,1376460,660831,1330308,1496311,23_vs_56,142823.50274666748,1353487.4972533325,s25,round2_10C_d07_14.04.2026_H5_Sample89.csv
round2,10C,d07,14.04.2026,C5,Sample29,06,32,535650,625351,37297,1073233,1161001,06_vs_32,544381.8228111066,616619.1771888676,s05,round2_10C_d07_14.04.2026_C5_Sample29.csv
round2,10C,d07,14.04.2026,D4,Sample40,12,20,573507,19457,1008522,252858,592964,12_vs_20,560782.8950087706,32181.10499122506,s09,round2_10C_d07_14.04.2026_D4_Sample40.csv
round2,10C,d07,14.04.2026,D3,Sample39,12,16,133907,1264307,1008522,1091195,1398214,12_vs_16,170152.33748247268,1228061.6625175274,s08,round2_10C_d07_14.04.2026_D3_Sample39.csv
round2,10C,d07,14.04.2026,G9,Sample81,20,56,140800,1022776,252858,1330308,1163576,20_vs_56,151004.0190906259,1012571.9809093473,s22,round2_10C_d07_14.04.2026_G9_Sample81.csv
round2,10C,d07,14.04.2026,B10,Sample22,06,20,213187,210758,37297,252858,423945,06_vs_20,205501.49297631666,218443.50702368302,s03,round2_10C_d07_14.04.2026_B10_Sample22.csv
round2,10C,d07,14.04.2026,G6,Sample78,20,43,260032,25948,252858,18999,285980,20_vs_43,251900.85977303918,34079.14022696085,s21,round2_10C_d07_14.04.2026_G6_Sample78.csv
round2,10C,d07,14.04.2026,C6,Sample30,06,32,301875,374106,37297,1073233,675981,06_vs_32,307231.36425761477,368749.63574236736,s05,round2_10C_d07_14.04.2026_C6_Sample30.csv
round2,10C,d07,14.04.2026,B4,Sample16,06,12,492461,94238,37297,1008522,586699,06_vs_12,487777.3991165644,98921.60088341367,s01,round2_10C_d07_14.04.2026_B4_Sample16.csv
round2,10C,d07,14.04.2026,B9,Sample21,06,16,132867,1304491,37297,1091195,1437358,06_vs_16,167648.13598101307,1269709.864018987,s02,round2_10C_d07_14.04.2026_B9_Sample21.csv
round2,10C,d07,14.04.2026,B1,Sample13,43,56,37975,205362,18999,1330308,243337,43_vs_56,48877.06540595906,194459.93459404094,s28,round2_10C_d07_14.04.2026_B1_Sample13.csv
round2,10C,d07,14.04.2026,G11,Sample83,23,32,693564,235481,660831,1073233,929045,23_vs_32,652607.5865691811,276437.41343077924,s23,round2_10C_d07_14.04.2026_G11_Sample83.csv
round2,10C,d07,14.04.2026,C3,Sample27,06,23,364044,905973,37297,660831,1270017,06_vs_23,386997.2513523962,883019.7486475635,s04,round2_10C_d07_14.04.2026_C3_Sample27.csv
round2,10C,d07,14.04.2026,F6,Sample66,16,43,1160787,141615,1091195,18999,1302402,16_vs_43,1089680.0018873273,212721.99811274308,s17,round2_10C_d07_14.04.2026_F6_Sample66.csv
round2,10C,d07,14.04.2026,E12,Sample60,16,23,1274709,72116,1091195,660831,1346825,16_vs_23,1221807.362836579,125017.63716340189,s15,round2_10C_d07_14.04.2026_E12_Sample60.csv
round2,10C,d07,14.04.2026,D2,Sample38,12,16,127551,1141420,1008522,1091195,1268971,12_vs_16,159848.57453608233,1109122.4254639177,s08,round2_10C_d07_14.04.2026_D2_Sample38.csv
round2,10C,d07,14.04.2026,E7,Sample55,16,20,899624,209628,1091195,252858,1109252,16_vs_20,868296.750538591,240955.24946140905,s14,round2_10C_d07_14.04.2026_E7_Sample55.csv
round2,10C,d07,14.04.2026,F3,Sample63,16,32,1393515,70103,1091195,1073233,1463618,16_vs_32,1390243.3218840507,73374.67811594937,s16,round2_10C_d07_14.04.2026_F3_Sample63.csv
round2,10C,d07,14.04.2026,E9,Sample57,16,20,1256544,229706,1091195,252858,1486250,16_vs_20,1219237.7582720502,267012.2417279497,s14,round2_10C_d07_14.04.2026_E9_Sample57.csv
round2,10C,d07,14.04.2026,D5,Sample41,12,20,1321561,50021,1008522,252858,1371582,12_vs_20,1292989.809738154,78592.19026184066,s09,round2_10C_d07_14.04.2026_D5_Sample41.csv
round2,10C,d07,14.04.2026,D11,Sample47,12,32,684443,812225,1008522,1073233,1496668,12_vs_32,716531.044745202,780136.955254798,s11,round2_10C_d07_14.04.2026_D11_Sample47.csv
round2,10C,d07,14.04.2026,G2,Sample74,20,32,190875,1235929,252858,1073233,1426804,20_vs_32,220142.57537704555,1206661.4246229546,s20,round2_10C_d07_14.04.2026_G2_Sample74.csv
round2,10C,d07,14.04.2026,F11,Sample71,20,23,270990,1107129,252858,660831,1378119,20_vs_23,297730.58048373123,1080388.4195162687,s19,round2_10C_d07_14.04.2026_F11_Sample71.csv
round2,10C,d02,09.04.2026,B10,Sample22,06,20,84,1111,1867,438,1195,06_vs_20,150.74983938089875,1044.2501606191017,s03,round2_10C_d02_09.04.2026_B10_Sample22.csv
round2,10C,d02,09.04.2026,F10,Sample70,20,23,253,28,438,329,281,20_vs_23,247.55258358887914,33.44741641112084,s19,round2_10C_d02_09.04.2026_F10_Sample70.csv
round2,10C,d02,09.04.2026,C12,Sample36,06,56,8011,4096,1867,6468,12107,06_vs_56,6833.402921515295,5273.597078484705,s07,round2_10C_d02_09.04.2026_C12_Sample36.csv
round2,10C,d02,09.04.2026,H3,Sample87,23,43,363,42,329,150,405,23_vs_43,359.44871358296314,45.55128641703657,s24,round2_10C_d02_09.04.2026_H3_Sample87.csv
round2,10C,d02,09.04.2026,E5,Sample53,12,56,127,1215,664,6468,1342,12_vs_56,167.92965536768978,1174.0703446323103,s13,round2_10C_d02_09.04.2026_E5_Sample53.csv
round2,10C,d02,09.04.2026,G2,Sample74,20,32,527,19,438,692,546,20_vs_32,528.438967381381,17.56103261861906,s20,round2_10C_d02_09.04.2026_G2_Sample74.csv
round2,10C,d02,09.04.2026,B1,Sample13,43,56,750,1833,150,6468,2583,43_vs_56,973.3072811968551,1609.6927188031448,s28,round2_10C_d02_09.04.2026_B1_Sample13.csv
round2,10C,d02,09.04.2026,C2,Sample26,06,23,2039,914,1867,329,2953,06_vs_23,1960.9921990142898,992.0078009857119,s04,round2_10C_d02_09.04.2026_C2_Sample26.csv
round2,10C,d02,09.04.2026,E2,Sample50,12,43,118,391,664,150,509,12_vs_43,168.84523879731398,340.154761202686,s12,round2_10C_d02_09.04.2026_E2_Sample50.csv
round2,10C,d02,09.04.2026,F1,Sample61,16,32,2072,13,461,692,2085,16_vs_32,2069.1169339103894,15.883066089610452,s16,round2_10C_d02_09.04.2026_F1_Sample61.csv
round2,10C,d02,09.04.2026,D8,Sample44,12,23,3,180,664,329,183,12_vs_23,3.471340250368756,179.5286597496313,s10,round2_10C_d02_09.04.2026_D8_Sample44.csv
round2,10C,d02,09.04.2026,B12,Sample24,06,20,65,3059,1867,438,3124,06_vs_20,70.3852344964864,3053.614765503507,s03,round2_10C_d02_09.04.2026_B12_Sample24.csv
round2,10C,d02,09.04.2026,G9,Sample81,20,56,4764,631,438,6468,5395,20_vs_56,4720.446879326527,674.5531206734779,s22,round2_10C_d02_09.04.2026_G9_Sample81.csv
round2,10C,d02,09.04.2026,F4,Sample64,16,43,2839,43,461,150,2882,16_vs_43,2839.4785549826597,42.521445017341584,s17,round2_10C_d02_09.04.2026_F4_Sample64.csv
round2,10C,d02,09.04.2026,D6,Sample42,12,20,17,390,664,438,407,12_vs_20,16.39893862151209,390.60106137848794,s09,round2_10C_d02_09.04.2026_D6_Sample42.csv
round2,10C,d02,09.04.2026,B4,Sample16,06,12,3234,44,1867,664,3278,06_vs_12,3162.347643411841,115.65235658816333,s01,round2_10C_d02_09.04.2026_B4_Sample16.csv
round2,10C,d02,09.04.2026,F9,Sample69,16,56,11661,1182,461,6468,12843,16_vs_56,11557.314036896,1285.6859631040015,s18,round2_10C_d02_09.04.2026_F9_Sample69.csv
round2,10C,d02,09.04.2026,F11,Sample71,20,23,560,76,438,329,636,20_vs_23,552.8492580423364,83.15074195766361,s19,round2_10C_d02_09.04.2026_F11_Sample71.csv
round2,10C,d02,09.04.2026,E12,Sample60,16,23,2501,109,461,329,2610,16_vs_23,2470.3600998053475,139.63990019465692,s15,round2_10C_d02_09.04.2026_E12_Sample60.csv
round2,10C,d02,09.04.2026,C1,Sample25,06,23,977,425,1867,329,1402,06_vs_23,948.2191278105172,453.7808721894824,s04,round2_10C_d02_09.04.2026_C1_Sample25.csv
round2,10C,d02,09.04.2026,G4,Sample76,20,43,579,48,438,150,627,20_vs_43,580.9693288509168,46.030671149083226,s21,round2_10C_d02_09.04.2026_G4_Sample76.csv
round2,10C,d02,09.04.2026,F3,Sample63,16,32,2890,16,461,692,2906,16_vs_32,2890.4009052762467,15.599094723753655,s16,round2_10C_d02_09.04.2026_F3_Sample63.csv
round2,10C,d02,09.04.2026,G6,Sample78,20,43,272,40,438,150,312,20_vs_43,274.01303433719556,37.98696566280443,s21,round2_10C_d02_09.04.2026_G6_Sample78.csv
round2,10C,d02,09.04.2026,F5,Sample65,16,43,891,25,461,150,916,16_vs_43,893.0066120172673,22.993387982732926,s17,round2_10C_d02_09.04.2026_F5_Sample65.csv
round2,10C,d02,09.04.2026,F12,Sample72,20,23,511,67,438,329,578,20_vs_23,498.55914774211766,79.44085225788234,s19,round2_10C_d02_09.04.2026_F12_Sample72.csv
round2,10C,d02,09.04.2026,C3,Sample27,06,23,2423,1148,1867,329,3571,06_vs_23,2342.8402226890057,1228.1597773109959,s04,round2_10C_d02_09.04.2026_C3_Sample27.csv
round2,10C,d02,09.04.2026,B9,Sample21,06,16,955,4822,1867,461,5777,06_vs_16,892.9761153913964,4884.023884608603,s02,round2_10C_d02_09.04.2026_B9_Sample21.csv
round2,10C,d02,09.04.2026,C6,Sample30,06,32,1995,12,1867,692,2007,06_vs_32,1985.9522954382817,21.04770456172019,s05,round2_10C_d02_09.04.2026_C6_Sample30.csv
round2,10C,d02,09.04.2026,H4,Sample88,23,56,7525,6257,329,6468,13782,23_vs_56,7718.587845221058,6063.412154778942,s25,round2_10C_d02_09.04.2026_H4_Sample88.csv
round2,10C,d02,09.04.2026,D12,Sample48,12,32,631,17,664,692,648,12_vs_32,629.6504298017561,18.34957019824393,s11,round2_10C_d02_09.04.2026_D12_Sample48.csv
round2,10C,d02,09.04.2026,H11,Sample95,32,56,98,12213,692,6468,12311,32_vs_56,254.98437146897706,12056.015628530988,s27,round2_10C_d02_09.04.2026_H11_Sample95.csv
round2,10C,d02,09.04.2026,H9,Sample93,32,43,11,525,692,150,536,32_vs_43,17.013799780568093,518.9862002194329,s26,round2_10C_d02_09.04.2026_H9_Sample93.csv
round2,10C,d02,09.04.2026,B5,Sample17,06,12,1116,19,1867,664,1135,06_vs_12,1091.0093210321488,43.990678967851196,s01,round2_10C_d02_09.04.2026_B5_Sample17.csv
round2,10C,d02,09.04.2026,H7,Sample91,32,43,8,688,692,150,696,32_vs_43,19.220002877180047,676.7799971228216,s26,round2_10C_d02_09.04.2026_H7_Sample91.csv
round2,10C,d02,09.04.2026,F2,Sample62,16,32,3632,8,461,692,3640,16_vs_32,3630.208621335769,9.791378664231157,s16,round2_10C_d02_09.04.2026_F2_Sample62.csv
round2,10C,d02,09.04.2026,E8,Sample56,16,20,446,37,461,438,483,16_vs_20,442.50972626712485,40.4902737328752,s14,round2_10C_d02_09.04.2026_E8_Sample56.csv
round2,10C,d02,09.04.2026,C11,Sample35,06,56,7290,3216,1867,6468,10506,06_vs_56,6284.851664834291,4221.148335165709,s07,round2_10C_d02_09.04.2026_C11_Sample35.csv
round2,10C,d02,09.04.2026,F6,Sample66,16,43,1214,71,461,150,1285,16_vs_43,1220.6358254493312,64.36417455066992,s17,round2_10C_d02_09.04.2026_F6_Sample66.csv
round2,10C,d02,09.04.2026,G10,Sample82,23,32,236,0,329,692,236,23_vs_32,235.13179660262412,0.868203397375928,s23,round2_10C_d02_09.04.2026_G10_Sample82.csv
round2,10C,d02,09.04.2026,G8,Sample80,20,56,1930,609,438,6468,2539,20_vs_56,1947.057804278544,591.9421957214582,s22,round2_10C_d02_09.04.2026_G8_Sample80.csv
round2,10C,d02,09.04.2026,H12,Sample96,32,56,43,7456,692,6468,7499,32_vs_56,80.65166712613421,7418.348332873782,s27,round2_10C_d02_09.04.2026_H12_Sample96.csv
round2,10C,d02,09.04.2026,E3,Sample51,12,43,95,375,664,150,470,12_vs_43,172.63828301950576,297.36171698049424,s12,round2_10C_d02_09.04.2026_E3_Sample51.csv
round2,10C,d02,09.04.2026,F7,Sample67,16,56,4343,1285,461,6468,5628,16_vs_56,4328.694422718563,1299.3055772814107,s18,round2_10C_d02_09.04.2026_F7_Sample67.csv
round2,10C,d02,09.04.2026,D5,Sample41,12,20,8,204,664,438,212,12_vs_20,10.109375834995422,201.89062416500457,s09,round2_10C_d02_09.04.2026_D5_Sample41.csv
round2,10C,d02,09.04.2026,E9,Sample57,16,20,2194,89,461,438,2283,16_vs_20,2176.534380400234,106.46561959976634,s14,round2_10C_d02_09.04.2026_E9_Sample57.csv
round2,10C,d02,09.04.2026,C5,Sample29,06,32,1220,9,1867,692,1229,06_vs_32,1216.1397194713857,12.860280528615608,s05,round2_10C_d02_09.04.2026_C5_Sample29.csv
round2,10C,d02,09.04.2026,E4,Sample52,12,56,190,3725,664,6468,3915,12_vs_56,260.73460440458047,3654.2653955954192,s13,round2_10C_d02_09.04.2026_E4_Sample52.csv
round2,10C,d02,09.04.2026,B2,Sample14,43,56,1470,3327,150,6468,4797,43_vs_56,1815.663759894855,2981.336240105145,s28,round2_10C_d02_09.04.2026_B2_Sample14.csv
round2,10C,d02,09.04.2026,H10,Sample94,32,56,71,8981,692,6468,9052,32_vs_56,153.5301720942869,8898.469827905696,s27,round2_10C_d02_09.04.2026_H10_Sample94.csv
round2,10C,d02,09.04.2026,G1,Sample73,20,32,393,34,438,692,427,20_vs_32,391.2688708775405,35.7311291224595,s20,round2_10C_d02_09.04.2026_G1_Sample73.csv
round2,10C,d02,09.04.2026,H5,Sample89,23,56,3477,3004,329,6468,6481,23_vs_56,3607.225427768033,2873.774572231967,s25,round2_10C_d02_09.04.2026_H5_Sample89.csv
round2,10C,d02,09.04.2026,C9,Sample33,06,43,3291,154,1867,150,3445,06_vs_43,3233.254338574869,211.74566142512464,s06,round2_10C_d02_09.04.2026_C9_Sample33.csv
round2,10C,d02,09.04.2026,G7,Sample79,20,56,1049,2689,438,6468,3738,20_vs_56,1154.943292788601,2583.0567072114013,s22,round2_10C_d02_09.04.2026_G7_Sample79.csv
round2,10C,d02,09.04.2026,E1,Sample49,12,43,55,182,664,150,237,12_vs_43,81.81422360558503,155.18577639441497,s12,round2_10C_d02_09.04.2026_E1_Sample49.csv
round2,10C,d02,09.04.2026,G3,Sample75,20,32,903,14,438,692,917,20_vs_32,899.9057448829572,17.09425511704281,s20,round2_10C_d02_09.04.2026_G3_Sample75.csv
round2,10C,d02,09.04.2026,C7,Sample31,06,43,1452,178,1867,150,1630,06_vs_43,1425.67286030183,204.32713969816808,s06,round2_10C_d02_09.04.2026_C7_Sample31.csv
round2,10C,d02,09.04.2026,B3,Sample15,43,56,1220,2537,150,6468,3757,43_vs_56,1494.42923164922,2262.57076835078,s28,round2_10C_d02_09.04.2026_B3_Sample15.csv
round2,10C,d02,09.04.2026,D9,Sample45,12,23,2,416,664,329,418,12_vs_23,5.212857380557172,412.78714261944253,s10,round2_10C_d02_09.04.2026_D9_Sample45.csv
round2,10C,d02,09.04.2026,E7,Sample55,16,20,474,58,461,438,532,16_vs_20,469.9747598751028,62.025240124897195,s14,round2_10C_d02_09.04.2026_E7_Sample55.csv
round2,10C,d02,09.04.2026,E10,Sample58,16,23,4333,77,461,329,4410,16_vs_23,4293.0968451471435,116.90315485299237,s15,round2_10C_d02_09.04.2026_E10_Sample58.csv
round2,10C,d02,09.04.2026,H1,Sample85,23,43,189,32,329,150,221,23_vs_43,184.40435568968482,36.59564431031513,s24,round2_10C_d02_09.04.2026_H1_Sample85.csv
round2,10C,d02,09.04.2026,G12,Sample84,23,32,418,0,329,692,418,23_vs_32,416.8641177917524,1.1358822082480364,s23,round2_10C_d02_09.04.2026_G12_Sample84.csv
round2,10C,d02,09.04.2026,D3,Sample39,12,16,22,4360,664,461,4382,12_vs_16,23.464093244707705,4358.535906755293,s08,round2_10C_d02_09.04.2026_D3_Sample39.csv
round2,10C,d02,09.04.2026,E11,Sample59,16,23,3298,72,461,329,3370,16_vs_23,3262.578381322994,107.42161867708045,s15,round2_10C_d02_09.04.2026_E11_Sample59.csv
round2,10C,d02,09.04.2026,E6,Sample54,12,56,161,2902,664,6468,3063,12_vs_56,206.1884577150708,2856.811542284929,s13,round2_10C_d02_09.04.2026_E6_Sample54.csv
round2,10C,d02,09.04.2026,B7,Sample19,06,16,1170,3016,1867,461,4186,06_vs_16,1084.007322409621,3101.9926775903787,s02,round2_10C_d02_09.04.2026_B7_Sample19.csv
round2,10C,d02,09.04.2026,C8,Sample32,06,43,1323,175,1867,150,1498,06_vs_43,1305.590089121954,192.4099108780459,s06,round2_10C_d02_09.04.2026_C8_Sample32.csv
round2,10C,d02,09.04.2026,C10,Sample34,06,56,5044,2434,1867,6468,7478,06_vs_56,4314.453480886867,3163.5465191131343,s07,round2_10C_d02_09.04.2026_C10_Sample34.csv
round2,10C,d02,09.04.2026,D10,Sample46,12,32,373,14,664,692,387,12_vs_32,373.14025850422104,13.859741495778955,s11,round2_10C_d02_09.04.2026_D10_Sample46.csv
round2,10C,d02,09.04.2026,D2,Sample38,12,16,17,2798,664,461,2815,12_vs_16,17.653828057263024,2797.346171942737,s08,round2_10C_d02_09.04.2026_D2_Sample38.csv
round2,10C,d02,09.04.2026,B8,Sample20,06,16,1609,3304,1867,461,4913,06_vs_16,1489.4909713403067,3423.5090286596937,s02,round2_10C_d02_09.04.2026_B8_Sample20.csv
round2,10C,d02,09.04.2026,B11,Sample23,06,20,196,2058,1867,438,2254,06_vs_20,295.51641685178606,1958.483583148211,s03,round2_10C_d02_09.04.2026_B11_Sample23.csv
round2,10C,d02,09.04.2026,G11,Sample83,23,32,797,5,329,692,802,23_vs_32,797.9032810312724,4.096718968728595,s23,round2_10C_d02_09.04.2026_G11_Sample83.csv
round2,10C,d02,09.04.2026,D1,Sample37,12,16,18,3170,664,461,3188,12_vs_16,19.595402803335894,3168.404597196664,s08,round2_10C_d02_09.04.2026_D1_Sample37.csv
round2,10C,d02,09.04.2026,D4,Sample40,12,20,13,618,664,438,631,12_vs_20,13.305075748305454,617.6949242516947,s09,round2_10C_d02_09.04.2026_D4_Sample40.csv
round2,10C,d02,09.04.2026,C4,Sample28,06,32,2691,21,1867,692,2712,06_vs_32,2683.364732137249,28.635267862763136,s05,round2_10C_d02_09.04.2026_C4_Sample28.csv
round2,10C,d02,09.04.2026,D11,Sample47,12,32,507,9,664,692,516,12_vs_32,505.03885921896426,10.96114078103573,s11,round2_10C_d02_09.04.2026_D11_Sample47.csv
round2,10C,d02,09.04.2026,H6,Sample90,23,56,5569,4324,329,6468,9893,23_vs_56,5743.031350893018,4149.968649106982,s25,round2_10C_d02_09.04.2026_H6_Sample90.csv
round2,10C,d02,09.04.2026,G5,Sample77,20,43,146,27,438,150,173,20_vs_43,148.31509249101504,24.684907508984992,s21,round2_10C_d02_09.04.2026_G5_Sample77.csv
round2,10C,d02,09.04.2026,H8,Sample92,32,43,13,507,692,150,520,32_vs_43,18.8070733740965,501.19292662590436,s26,round2_10C_d02_09.04.2026_H8_Sample92.csv
round2,10C,d02,09.04.2026,F8,Sample68,16,56,4757,887,461,6468,5644,16_vs_56,4712.057949363864,931.9420506361411,s18,round2_10C_d02_09.04.2026_F8_Sample68.csv
round2,10C,d02,09.04.2026,H2,Sample86,23,43,363,91,329,150,454,23_vs_43,358.7330326334445,95.26696736655566,s24,round2_10C_d02_09.04.2026_H2_Sample86.csv
round2,10C,d02,09.04.2026,D7,Sample43,12,23,7,289,664,329,296,12_vs_23,8.995084520885673,287.0049154791143,s10,round2_10C_d02_09.04.2026_D7_Sample43.csv
round2,10C,d02,09.04.2026,B6,Sample18,06,12,1283,22,1867,664,1305,06_vs_12,1262.8438362823965,42.156163717604,s01,round2_10C_d02_09.04.2026_B6_Sample18.csv
round2,20C,d03,10.04.2026,C8,Sample32,06,43,2828,3298,6496,805,6126,06_vs_43,2915.451945163527,3210.5480548364685,s06,round2_20C_d03_10.04.2026_C8_Sample32.csv
round2,20C,d03,10.04.2026,C5,Sample29,06,32,11481,3109,6496,69296,14590,06_vs_32,11421.213468187312,3168.78653181269,s05,round2_20C_d03_10.04.2026_C5_Sample29.csv
round2,20C,d03,10.04.2026,H10,Sample94,32,56,119253,19867,69296,371,139120,32_vs_56,112141.27365014564,26978.726349854864,s27,round2_20C_d03_10.04.2026_H10_Sample94.csv
round2,20C,d03,10.04.2026,E7,Sample55,16,20,119807,17547,43186,11255,137354,16_vs_20,114268.1827270184,23085.817272981592,s14,round2_20C_d03_10.04.2026_E7_Sample55.csv
round2,20C,d03,10.04.2026,D8,Sample44,12,23,1466,100681,25588,79418,102147,12_vs_23,2836.083121984611,99310.91687801661,s10,round2_20C_d03_10.04.2026_D8_Sample44.csv
round2,20C,d03,10.04.2026,B12,Sample24,06,20,6916,1828,6496,11255,8744,06_vs_20,6325.982928255744,2418.0170717442825,s03,round2_20C_d03_10.04.2026_B12_Sample24.csv
round2,20C,d03,10.04.2026,B3,Sample15,43,56,10573,466,805,371,11039,43_vs_56,10129.561899947777,909.4381000522217,s28,round2_20C_d03_10.04.2026_B3_Sample15.csv
round2,20C,d03,10.04.2026,D10,Sample46,12,32,4996,137498,25588,69296,142494,12_vs_32,12410.148024251988,130083.85197574801,s11,round2_20C_d03_10.04.2026_D10_Sample46.csv
round2,20C,d03,10.04.2026,D11,Sample47,12,32,8726,157428,25588,69296,166154,12_vs_32,17693.603261313205,148460.39673868677,s11,round2_20C_d03_10.04.2026_D11_Sample47.csv
round2,20C,d03,10.04.2026,B4,Sample16,06,12,5574,1534,6496,25588,7108,06_vs_12,5241.870688893992,1866.129311106006,s01,round2_20C_d03_10.04.2026_B4_Sample16.csv
round2,20C,d03,10.04.2026,F6,Sample66,16,43,74563,8257,43186,805,82820,16_vs_43,73188.01235426341,9631.987645737776,s17,round2_20C_d03_10.04.2026_F6_Sample66.csv
round2,20C,d03,10.04.2026,D6,Sample42,12,20,21799,20716,25588,11255,42515,12_vs_20,20939.51268482984,21575.487315170158,s09,round2_20C_d03_10.04.2026_D6_Sample42.csv
round2,20C,d03,10.04.2026,F1,Sample61,16,32,54864,15572,43186,69296,70436,16_vs_32,55019.43652725736,15416.563472742633,s16,round2_20C_d03_10.04.2026_F1_Sample61.csv
round2,20C,d03,10.04.2026,D3,Sample39,12,16,14972,203503,25588,43186,218475,12_vs_16,20433.471689223778,198041.52831077622,s08,round2_20C_d03_10.04.2026_D3_Sample39.csv
round2,20C,d03,10.04.2026,E6,Sample54,12,56,23529,7094,25588,371,30623,12_vs_56,21338.097956851987,9284.902043148013,s13,round2_20C_d03_10.04.2026_E6_Sample54.csv
round2,20C,d03,10.04.2026,C3,Sample27,06,23,7358,34495,6496,79418,41853,06_vs_23,9202.015540298638,32650.984459701423,s04,round2_20C_d03_10.04.2026_C3_Sample27.csv
round2,20C,d03,10.04.2026,F12,Sample72,20,23,4499,147617,11255,79418,152116,20_vs_23,5119.607914546354,146996.39208545367,s19,round2_20C_d03_10.04.2026_F12_Sample72.csv
round2,20C,d03,10.04.2026,H3,Sample87,23,43,77807,6844,79418,805,84651,23_vs_43,66745.84607347014,17905.153926530613,s24,round2_20C_d03_10.04.2026_H3_Sample87.csv
round2,20C,d03,10.04.2026,B1,Sample13,43,56,11788,579,805,371,12367,43_vs_56,11299.950465761256,1067.0495342387428,s28,round2_20C_d03_10.04.2026_B1_Sample13.csv
round2,20C,d03,10.04.2026,H11,Sample95,32,56,134241,2518,69296,371,136759,32_vs_56,129916.19463587985,6842.805364119919,s27,round2_20C_d03_10.04.2026_H11_Sample95.csv
round2,20C,d03,10.04.2026,B11,Sample23,06,20,6395,1811,6496,11255,8206,06_vs_20,5840.112041554847,2365.887958445163,s03,round2_20C_d03_10.04.2026_B11_Sample23.csv
round2,20C,d03,10.04.2026,C12,Sample36,06,56,6628,1127,6496,371,7755,06_vs_56,6380.76398811384,1374.2360118861593,s07,round2_20C_d03_10.04.2026_C12_Sample36.csv
round2,20C,d03,10.04.2026,C2,Sample26,06,23,3469,8938,6496,79418,12407,06_vs_23,3990.7272243074503,8416.272775692601,s04,round2_20C_d03_10.04.2026_C2_Sample26.csv
round2,20C,d03,10.04.2026,F3,Sample63,16,32,127507,21107,43186,69296,148614,16_vs_32,127773.25956803621,20840.74043196378,s16,round2_20C_d03_10.04.2026_F3_Sample63.csv
round2,20C,d03,10.04.2026,F11,Sample71,20,23,3889,126028,11255,79418,129917,20_vs_23,4440.827122838971,125476.17287716102,s19,round2_20C_d03_10.04.2026_F11_Sample71.csv
round2,20C,d03,10.04.2026,G3,Sample75,20,32,27561,168426,11255,69296,195987,20_vs_32,28999.723730761918,166987.2762692381,s20,round2_20C_d03_10.04.2026_G3_Sample75.csv
round2,20C,d03,10.04.2026,D4,Sample40,12,20,4405,4353,25588,11255,8758,12_vs_20,4253.416089145883,4504.583910854142,s09,round2_20C_d03_10.04.2026_D4_Sample40.csv
round2,20C,d03,10.04.2026,C4,Sample28,06,32,10525,2487,6496,69296,13012,06_vs_32,10421.731456570355,2590.2685434296122,s05,round2_20C_d03_10.04.2026_C4_Sample28.csv
round2,20C,d03,10.04.2026,G7,Sample79,20,56,12525,1620,11255,371,14145,20_vs_56,12412.304204611535,1732.695795388497,s22,round2_20C_d03_10.04.2026_G7_Sample79.csv
round2,20C,d03,10.04.2026,G5,Sample77,20,43,12874,6363,11255,805,19237,20_vs_43,12931.411691974994,6305.588308025006,s21,round2_20C_d03_10.04.2026_G5_Sample77.csv
round2,20C,d03,10.04.2026,F7,Sample67,16,56,100438,5439,43186,371,105877,16_vs_56,98257.12869712495,7619.8713028784805,s18,round2_20C_d03_10.04.2026_F7_Sample67.csv
round2,20C,d03,10.04.2026,H7,Sample91,32,43,125675,10885,69296,805,136560,32_vs_43,95532.61054172638,41027.38945827311,s26,round2_20C_d03_10.04.2026_H7_Sample91.csv
round2,20C,d03,10.04.2026,C6,Sample30,06,32,10730,2609,6496,69296,13339,06_vs_32,10659.26104522722,2679.738954772754,s05,round2_20C_d03_10.04.2026_C6_Sample30.csv
round2,20C,d03,10.04.2026,E5,Sample53,12,56,29972,9217,25588,371,39189,12_vs_56,27311.43990511299,11877.56009488701,s13,round2_20C_d03_10.04.2026_E5_Sample53.csv
round2,20C,d03,10.04.2026,H4,Sample88,23,56,92252,1012,79418,371,93264,23_vs_56,90151.1623529997,3112.8376470002972,s25,round2_20C_d03_10.04.2026_H4_Sample88.csv
round2,20C,d03,10.04.2026,D7,Sample43,12,23,1483,76630,25588,79418,78113,12_vs_23,2614.3387690607406,75498.6612309394,s10,round2_20C_d03_10.04.2026_D7_Sample43.csv
round2,20C,d03,10.04.2026,B9,Sample21,06,16,4225,568,6496,43186,4793,06_vs_16,4054.3093691969257,738.6906308030743,s02,round2_20C_d03_10.04.2026_B9_Sample21.csv
round2,20C,d03,10.04.2026,D12,Sample48,12,32,10363,165715,25588,69296,176078,12_vs_32,19716.398952447715,156361.60104755228,s11,round2_20C_d03_10.04.2026_D12_Sample48.csv
round2,20C,d03,10.04.2026,B7,Sample19,06,16,6968,907,6496,43186,7875,06_vs_16,6673.400908096285,1201.599091903715,s02,round2_20C_d03_10.04.2026_B7_Sample19.csv
round2,20C,d03,10.04.2026,D1,Sample37,12,16,10752,101711,25588,43186,112463,12_vs_16,13369.686152412934,99093.31384758707,s08,round2_20C_d03_10.04.2026_D1_Sample37.csv
round2,20C,d03,10.04.2026,E1,Sample49,12,43,5699,22769,25588,805,28468,12_vs_43,8084.020206152289,20383.979793847713,s12,round2_20C_d03_10.04.2026_E1_Sample49.csv
round2,20C,d03,10.04.2026,E8,Sample56,16,20,91122,13733,43186,11255,104855,16_vs_20,87311.43105800741,17543.5689419926,s14,round2_20C_d03_10.04.2026_E8_Sample56.csv
round2,20C,d03,10.04.2026,G12,Sample84,23,32,104131,28831,79418,69296,132962,23_vs_32,88260.11684205393,44701.88315794564,s23,round2_20C_d03_10.04.2026_G12_Sample84.csv
round2,20C,d03,10.04.2026,E3,Sample51,12,43,6309,39929,25588,805,46238,12_vs_43,11040.665372850508,35197.334627149496,s12,round2_20C_d03_10.04.2026_E3_Sample51.csv
round2,20C,d03,10.04.2026,G8,Sample80,20,56,17235,1898,11255,371,19133,20_vs_56,17045.821809243425,2087.178190756572,s22,round2_20C_d03_10.04.2026_G8_Sample80.csv
round2,20C,d03,10.04.2026,H6,Sample90,23,56,100113,1434,79418,371,101547,23_vs_56,97374.86201232804,4172.1379876719575,s25,round2_20C_d03_10.04.2026_H6_Sample90.csv
round2,20C,d03,10.04.2026,G9,Sample81,20,56,13068,1534,11255,371,14602,20_vs_56,12936.761614949606,1665.2383850503763,s22,round2_20C_d03_10.04.2026_G9_Sample81.csv
round2,20C,d03,10.04.2026,H8,Sample92,32,43,168103,14449,69296,805,182552,32_vs_43,128137.5721889328,54414.427811066904,s26,round2_20C_d03_10.04.2026_H8_Sample92.csv
round2,20C,d03,10.04.2026,F8,Sample68,16,56,86383,3742,43186,371,90125,16_vs_56,84585.54077720441,5539.459222798034,s18,round2_20C_d03_10.04.2026_F8_Sample68.csv
round2,20C,d03,10.04.2026,H12,Sample96,32,56,177567,6485,69296,371,184052,32_vs_56,171889.79182000097,12162.208180001802,s27,round2_20C_d03_10.04.2026_H12_Sample96.csv
round2,20C,d03,10.04.2026,F10,Sample70,20,23,3484,115613,11255,79418,119097,20_vs_23,4119.3387772679125,114977.66122273209,s19,round2_20C_d03_10.04.2026_F10_Sample70.csv
round2,20C,d03,10.04.2026,B5,Sample17,06,12,3867,1143,6496,25588,5010,06_vs_12,3658.552200202746,1351.4477997972504,s01,round2_20C_d03_10.04.2026_B5_Sample17.csv
round2,20C,d03,10.04.2026,H5,Sample89,23,56,90525,1122,79418,371,91647,23_vs_56,88055.09005086757,3591.90994913243,s25,round2_20C_d03_10.04.2026_H5_Sample89.csv
round2,20C,d03,10.04.2026,G1,Sample73,20,32,13839,138914,11255,69296,152753,20_vs_32,14502.155571476807,138250.8444285232,s20,round2_20C_d03_10.04.2026_G1_Sample73.csv
round2,20C,d03,10.04.2026,H9,Sample93,32,43,126431,11326,69296,805,137757,32_vs_43,95037.74994676547,42719.250053234326,s26,round2_20C_d03_10.04.2026_H9_Sample93.csv
round2,20C,d03,10.04.2026,B6,Sample18,06,12,4361,1042,6496,25588,5403,06_vs_12,4058.9927764051936,1344.007223594811,s01,round2_20C_d03_10.04.2026_B6_Sample18.csv
round2,20C,d03,10.04.2026,E10,Sample58,16,23,58705,35663,43186,79418,94368,16_vs_23,55330.74651016923,39037.25348983079,s15,round2_20C_d03_10.04.2026_E10_Sample58.csv
round2,20C,d03,10.04.2026,E4,Sample52,12,56,18265,6391,25588,371,24656,12_vs_56,16602.386516710707,8053.613483289295,s13,round2_20C_d03_10.04.2026_E4_Sample52.csv
round2,20C,d03,10.04.2026,G2,Sample74,20,32,21453,170556,11255,69296,192009,20_vs_32,22394.251472011238,169614.7485279888,s20,round2_20C_d03_10.04.2026_G2_Sample74.csv
round2,20C,d03,10.04.2026,C7,Sample31,06,43,2668,3001,6496,805,5669,06_vs_43,2753.241248900703,2915.7587510993,s06,round2_20C_d03_10.04.2026_C7_Sample31.csv
round2,20C,d03,10.04.2026,G4,Sample76,20,43,10390,6022,11255,805,16412,20_vs_43,10494.46673742462,5917.53326257538,s21,round2_20C_d03_10.04.2026_G4_Sample76.csv
round2,20C,d03,10.04.2026,G10,Sample82,23,32,93043,19478,79418,69296,112521,23_vs_32,78459.6648569743,34061.335143027594,s23,round2_20C_d03_10.04.2026_G10_Sample82.csv
round2,20C,d03,10.04.2026,C9,Sample33,06,43,2304,2752,6496,805,5056,06_vs_43,2375.2896295319583,2680.7103704680335,s06,round2_20C_d03_10.04.2026_C9_Sample33.csv
round2,20C,d03,10.04.2026,F4,Sample64,16,43,86833,7652,43186,805,94485,16_vs_43,85280.22333677446,9204.776663228187,s17,round2_20C_d03_10.04.2026_F4_Sample64.csv
round2,20C,d03,10.04.2026,E2,Sample50,12,43,6203,34823,25588,805,41026,12_vs_43,10204.023252622233,30821.97674737777,s12,round2_20C_d03_10.04.2026_E2_Sample50.csv
round2,20C,d03,10.04.2026,G11,Sample83,23,32,88351,20189,79418,69296,108540,23_vs_32,74663.19829404465,33876.80170595543,s23,round2_20C_d03_10.04.2026_G11_Sample83.csv
round2,20C,d03,10.04.2026,B2,Sample14,43,56,10504,402,805,371,10906,43_vs_56,10091.298772876518,814.7012271234804,s28,round2_20C_d03_10.04.2026_B2_Sample14.csv
round2,20C,d03,10.04.2026,D9,Sample45,12,23,1053,85809,25588,79418,86862,12_vs_23,2217.4752949329936,84644.52470506732,s10,round2_20C_d03_10.04.2026_D9_Sample45.csv
round2,20C,d03,10.04.2026,F2,Sample62,16,32,98828,19945,43186,69296,118773,16_vs_32,98999.64497819012,19773.355021809883,s16,round2_20C_d03_10.04.2026_F2_Sample62.csv
round2,20C,d03,10.04.2026,B8,Sample20,06,16,5639,681,6496,43186,6320,06_vs_16,5396.324005069824,923.6759949301764,s02,round2_20C_d03_10.04.2026_B8_Sample20.csv
round2,20C,d03,10.04.2026,D2,Sample38,12,16,5503,97717,25588,43186,103220,12_vs_16,7783.861665004972,95436.13833499503,s08,round2_20C_d03_10.04.2026_D2_Sample38.csv
round2,20C,d03,10.04.2026,C10,Sample34,06,56,4719,924,6496,371,5643,06_vs_56,4573.8970783296545,1069.1029216703457,s07,round2_20C_d03_10.04.2026_C10_Sample34.csv
round2,20C,d03,10.04.2026,H2,Sample86,23,43,92823,8080,79418,805,100903,23_vs_43,80396.66524114872,20506.334758851004,s24,round2_20C_d03_10.04.2026_H2_Sample86.csv
round2,20C,d03,10.04.2026,D5,Sample41,12,20,28662,27307,25588,11255,55969,12_vs_20,27538.002921919586,28430.99707808041,s09,round2_20C_d03_10.04.2026_D5_Sample41.csv
round2,20C,d03,10.04.2026,G6,Sample78,20,43,16235,7114,11255,805,23349,20_vs_43,16302.124872197825,7046.875127802175,s21,round2_20C_d03_10.04.2026_G6_Sample78.csv
round2,20C,d03,10.04.2026,E11,Sample59,16,23,91021,37585,43186,79418,128606,16_vs_23,85337.6608976961,43268.3391023046,s15,round2_20C_d03_10.04.2026_E11_Sample59.csv
round2,20C,d03,10.04.2026,E9,Sample57,16,20,85192,14090,43186,11255,99282,16_vs_20,81336.80463233145,17945.19536766855,s14,round2_20C_d03_10.04.2026_E9_Sample57.csv
round2,20C,d03,10.04.2026,F9,Sample69,16,56,70635,3565,43186,371,74200,16_vs_56,69353.05799651341,4846.942003488901,s18,round2_20C_d03_10.04.2026_F9_Sample69.csv
round2,20C,d03,10.04.2026,C1,Sample25,06,23,3580,9715,6496,79418,13295,06_vs_23,4048.852914495862,9246.147085504139,s04,round2_20C_d03_10.04.2026_C1_Sample25.csv
round2,20C,d03,10.04.2026,E12,Sample60,16,23,72665,39308,43186,79418,111973,16_vs_23,68517.58244450123,43455.41755549858,s15,round2_20C_d03_10.04.2026_E12_Sample60.csv
round2,20C,d03,10.04.2026,B10,Sample22,06,20,4399,1321,6496,11255,5720,06_vs_20,4058.13082299993,1661.8691770000949,s03,round2_20C_d03_10.04.2026_B10_Sample22.csv
round2,20C,d03,10.04.2026,F5,Sample65,16,43,95907,11159,43186,805,107066,16_vs_43,94143.90218186444,12922.097818138358,s17,round2_20C_d03_10.04.2026_F5_Sample65.csv
round2,20C,d03,10.04.2026,H1,Sample85,23,43,70903,12695,79418,805,83598,23_vs_43,61871.70573313512,21726.294266864472,s24,round2_20C_d03_10.04.2026_H1_Sample85.csv
round2,20C,d03,10.04.2026,C11,Sample35,06,56,6160,1258,6496,371,7418,06_vs_56,5944.049499538629,1473.9505004613707,s07,round2_20C_d03_10.04.2026_C11_Sample35.csv
