isolate_A,isolate_B,count_A,count_B,N,p_A,se_p_A,se_count_A,se_count_B,model_dir,Round,Temp,Day,Date,Well,Sample,Community,filename,filepath
06,12,42845,14107,56952,0.7523001826099172,0.0018088557587723044,103.01795317360028,103.01795317360028,06_vs_12,round1,20C,d02,11.03.2026,A2,Sample2,s01,round1_20C_d02_11.03.2026_A2_Sample2.csv,../data/round01/round1_20C_d02_11.03.2026/round1_20C_d02_11.03.2026_A2_Sample2.csv
20,56,15836,1711,17547,0.9024904542086967,0.002239460657278363,39.29581615326343,39.29581615326343,20_vs_56,round1,20C,d02,11.03.2026,F4,Sample64,s22,round1_20C_d02_11.03.2026_F4_Sample64.csv,../data/round01/round1_20C_d02_11.03.2026/round1_20C_d02_11.03.2026_F4_Sample64.csv
06,23,113030,177117,290147,0.38956115348426834,0.0009053153015203296,262.67451879021905,262.67451879021905,06_vs_23,round1,20C,d02,11.03.2026,A10,Sample10,s04,round1_20C_d02_11.03.2026_A10_Sample10.csv,../data/round01/round1_20C_d02_11.03.2026/round1_20C_d02_11.03.2026_A10_Sample10.csv
16,32,86619,27640,114259,0.7580934543449531,0.0012668931092263247,144.75393976709063,144.75393976709063,16_vs_32,round1,20C,d02,11.03.2026,D12,Sample48,s16,round1_20C_d02_11.03.2026_D12_Sample48.csv,../data/round01/round1_20C_d02_11.03.2026/round1_20C_d02_11.03.2026_D12_Sample48.csv
06,43,34020,9191,43211,0.7872995302122144,0.001968598102761346,85.06509261842052,85.06509261842052,06_vs_43,round1,20C,d02,11.03.2026,B5,Sample17,s06,round1_20C_d02_11.03.2026_B5_Sample17.csv,../data/round01/round1_20C_d02_11.03.2026/round1_20C_d02_11.03.2026_B5_Sample17.csv
43,56,71323,7408,78731,0.9059074570372534,0.001040510905749762,81.92046412058451,81.92046412058451,43_vs_56,round1,20C,d02,11.03.2026,G12,Sample84,s28,round1_20C_d02_11.03.2026_G12_Sample84.csv,../data/round01/round1_20C_d02_11.03.2026/round1_20C_d02_11.03.2026_G12_Sample84.csv
23,43,309253,91464,400717,0.7717491396671466,0.0006630181311225776,265.6826364490459,265.6826364490459,23_vs_43,round1,20C,d02,11.03.2026,F12,Sample72,s24,round1_20C_d02_11.03.2026_F12_Sample72.csv,../data/round01/round1_20C_d02_11.03.2026/round1_20C_d02_11.03.2026_F12_Sample72.csv
06,56,28024,33259,61283,0.4572883181306398,0.0020123783197584792,123.32458056975888,123.32458056975888,06_vs_56,round1,20C,d02,11.03.2026,B7,Sample19,s07,round1_20C_d02_11.03.2026_B7_Sample19.csv,../data/round01/round1_20C_d02_11.03.2026/round1_20C_d02_11.03.2026_B7_Sample19.csv
12,56,93514,5810,99324,0.9415045708992791,0.0007446378048844724,73.96040533234533,73.96040533234533,12_vs_56,round1,20C,d02,11.03.2026,D2,Sample38,s13,round1_20C_d02_11.03.2026_D2_Sample38.csv,../data/round01/round1_20C_d02_11.03.2026/round1_20C_d02_11.03.2026_D2_Sample38.csv
16,56,90478,2711,93189,0.9709085836311152,0.0005505405060260933,51.30431921606561,51.30431921606561,16_vs_56,round1,20C,d02,11.03.2026,E6,Sample54,s18,round1_20C_d02_11.03.2026_E6_Sample54.csv,../data/round01/round1_20C_d02_11.03.2026/round1_20C_d02_11.03.2026_E6_Sample54.csv
06,20,24631,8704,33335,0.7388930553472326,0.002405746009559778,80.1955432286752,80.1955432286752,06_vs_20,round1,20C,d02,11.03.2026,A6,Sample6,s03,round1_20C_d02_11.03.2026_A6_Sample6.csv,../data/round01/round1_20C_d02_11.03.2026/round1_20C_d02_11.03.2026_A6_Sample6.csv
16,32,106238,33497,139735,0.7602819622857552,0.0011420499545141474,159.5843503940344,159.5843503940344,16_vs_32,round1,20C,d02,11.03.2026,D11,Sample47,s16,round1_20C_d02_11.03.2026_D11_Sample47.csv,../data/round01/round1_20C_d02_11.03.2026/round1_20C_d02_11.03.2026_D11_Sample47.csv
16,23,68522,55491,124013,0.5525388467338102,0.0014119700033741055,175.10263602843295,175.10263602843295,16_vs_23,round1,20C,d02,11.03.2026,D8,Sample44,s15,round1_20C_d02_11.03.2026_D8_Sample44.csv,../data/round01/round1_20C_d02_11.03.2026/round1_20C_d02_11.03.2026_D8_Sample44.csv
23,56,92770,4396,97166,0.9547578371035136,0.0006667470966175808,64.78514838994386,64.78514838994386,23_vs_56,round1,20C,d02,11.03.2026,G3,Sample75,s25,round1_20C_d02_11.03.2026_G3_Sample75.csv,../data/round01/round1_20C_d02_11.03.2026/round1_20C_d02_11.03.2026_G3_Sample75.csv
20,23,28159,203096,231255,0.12176601586992714,0.0006800214340130303,157.25835672268332,157.25835672268332,20_vs_23,round1,20C,d02,11.03.2026,E8,Sample56,s19,round1_20C_d02_11.03.2026_E8_Sample56.csv,../data/round01/round1_20C_d02_11.03.2026/round1_20C_d02_11.03.2026_E8_Sample56.csv
06,12,23545,8092,31637,0.7442235357334767,0.002452925413108193,77.6032012945039,77.6032012945039,06_vs_12,round1,20C,d02,11.03.2026,A3,Sample3,s01,round1_20C_d02_11.03.2026_A3_Sample3.csv,../data/round01/round1_20C_d02_11.03.2026/round1_20C_d02_11.03.2026_A3_Sample3.csv
12,16,14508,98044,112552,0.12890041936171726,0.0009988136276364301,112.41847141773547,112.41847141773547,12_vs_16,round1,20C,d02,11.03.2026,B11,Sample23,s08,round1_20C_d02_11.03.2026_B11_Sample23.csv,../data/round01/round1_20C_d02_11.03.2026/round1_20C_d02_11.03.2026_B11_Sample23.csv
23,32,107648,74637,182285,0.590547768604109,0.0011517379343248633,209.9445493584077,209.9445493584077,23_vs_32,round1,20C,d02,11.03.2026,F9,Sample69,s23,round1_20C_d02_11.03.2026_F9_Sample69.csv,../data/round01/round1_20C_d02_11.03.2026/round1_20C_d02_11.03.2026_F9_Sample69.csv
16,20,132275,18107,150382,0.8795933023899137,0.0008392055575800719,126.20141016000638,126.20141016000638,16_vs_20,round1,20C,d02,11.03.2026,D4,Sample40,s14,round1_20C_d02_11.03.2026_D4_Sample40.csv,../data/round01/round1_20C_d02_11.03.2026/round1_20C_d02_11.03.2026_D4_Sample40.csv
23,43,318407,80783,399190,0.797632706230116,0.0006358897316758753,253.84082198769266,253.84082198769266,23_vs_43,round1,20C,d02,11.03.2026,F10,Sample70,s24,round1_20C_d02_11.03.2026_F10_Sample70.csv,../data/round01/round1_20C_d02_11.03.2026/round1_20C_d02_11.03.2026_F10_Sample70.csv
20,43,15522,26951,42473,0.36545570126904153,0.00233664036680367,99.24412629925227,99.24412629925227,20_vs_43,round1,20C,d02,11.03.2026,F3,Sample63,s21,round1_20C_d02_11.03.2026_F3_Sample63.csv,../data/round01/round1_20C_d02_11.03.2026/round1_20C_d02_11.03.2026_F3_Sample63.csv
12,43,32264,77905,110169,0.29285915275622,0.0013710479993948757,151.04698704533405,151.04698704533405,12_vs_43,round1,20C,d02,11.03.2026,C11,Sample35,s12,round1_20C_d02_11.03.2026_C11_Sample35.csv,../data/round01/round1_20C_d02_11.03.2026/round1_20C_d02_11.03.2026_C11_Sample35.csv
12,23,15297,95606,110903,0.13793134540995283,0.0010354538951021887,114.83494332851804,114.83494332851804,12_vs_23,round1,20C,d02,11.03.2026,C6,Sample30,s10,round1_20C_d02_11.03.2026_C6_Sample30.csv,../data/round01/round1_20C_d02_11.03.2026/round1_20C_d02_11.03.2026_C6_Sample30.csv
06,20,25711,11776,37487,0.6858644330034412,0.002397382624497733,89.87068244454652,89.87068244454652,06_vs_20,round1,20C,d02,11.03.2026,A8,Sample8,s03,round1_20C_d02_11.03.2026_A8_Sample8.csv,../data/round01/round1_20C_d02_11.03.2026/round1_20C_d02_11.03.2026_A8_Sample8.csv
20,32,36688,271652,308340,0.1189855354478822,0.0005830739917819444,179.78503462604473,179.78503462604473,20_vs_32,round1,20C,d02,11.03.2026,E10,Sample58,s20,round1_20C_d02_11.03.2026_E10_Sample58.csv,../data/round01/round1_20C_d02_11.03.2026/round1_20C_d02_11.03.2026_E10_Sample58.csv
23,56,112799,7231,120030,0.9397567274847954,0.0006867791412588991,82.43410032530566,82.43410032530566,23_vs_56,round1,20C,d02,11.03.2026,G2,Sample74,s25,round1_20C_d02_11.03.2026_G2_Sample74.csv,../data/round01/round1_20C_d02_11.03.2026/round1_20C_d02_11.03.2026_G2_Sample74.csv
06,43,34460,10151,44611,0.7724552240478806,0.0019849479028138384,88.55051089242815,88.55051089242815,06_vs_43,round1,20C,d02,11.03.2026,B6,Sample18,s06,round1_20C_d02_11.03.2026_B6_Sample18.csv,../data/round01/round1_20C_d02_11.03.2026/round1_20C_d02_11.03.2026_B6_Sample18.csv
16,20,117386,17276,134662,0.8717084255394989,0.0009113016554764479,122.71770352976942,122.71770352976942,16_vs_20,round1,20C,d02,11.03.2026,D6,Sample42,s14,round1_20C_d02_11.03.2026_D6_Sample42.csv,../data/round01/round1_20C_d02_11.03.2026/round1_20C_d02_11.03.2026_D6_Sample42.csv
12,20,118367,28818,147185,0.8042055916024051,0.0010343128267903024,152.23533341113065,152.23533341113065,12_vs_20,round1,20C,d02,11.03.2026,C2,Sample26,s09,round1_20C_d02_11.03.2026_C2_Sample26.csv,../data/round01/round1_20C_d02_11.03.2026/round1_20C_d02_11.03.2026_C2_Sample26.csv
23,56,123146,6512,129658,0.9497755634052661,0.0006065524670034952,78.64437976673918,78.64437976673918,23_vs_56,round1,20C,d02,11.03.2026,G1,Sample73,s25,round1_20C_d02_11.03.2026_G1_Sample73.csv,../data/round01/round1_20C_d02_11.03.2026/round1_20C_d02_11.03.2026_G1_Sample73.csv
06,56,19790,20574,40364,0.49028837578039836,0.0024882325589346776,100.43501900883932,100.43501900883932,06_vs_56,round1,20C,d02,11.03.2026,B9,Sample21,s07,round1_20C_d02_11.03.2026_B9_Sample21.csv,../data/round01/round1_20C_d02_11.03.2026/round1_20C_d02_11.03.2026_B9_Sample21.csv
12,20,84890,19740,104630,0.8113351811144032,0.0012095323904945143,126.55337401744103,126.55337401744103,12_vs_20,round1,20C,d02,11.03.2026,C3,Sample27,s09,round1_20C_d02_11.03.2026_C3_Sample27.csv,../data/round01/round1_20C_d02_11.03.2026/round1_20C_d02_11.03.2026_C3_Sample27.csv
20,23,22460,131200,153660,0.1461668619029025,0.0009012194378914464,138.48137882639966,138.48137882639966,20_vs_23,round1,20C,d02,11.03.2026,E9,Sample57,s19,round1_20C_d02_11.03.2026_E9_Sample57.csv,../data/round01/round1_20C_d02_11.03.2026/round1_20C_d02_11.03.2026_E9_Sample57.csv
12,16,14376,109235,123611,0.11630032925872293,0.0009118308021112579,112.71231727977471,112.71231727977471,12_vs_16,round1,20C,d02,11.03.2026,B10,Sample22,s08,round1_20C_d02_11.03.2026_B10_Sample22.csv,../data/round01/round1_20C_d02_11.03.2026/round1_20C_d02_11.03.2026_B10_Sample22.csv
12,43,44121,71600,115721,0.3812704694912764,0.0014277787627074295,165.22398619926645,165.22398619926645,12_vs_43,round1,20C,d02,11.03.2026,C10,Sample34,s12,round1_20C_d02_11.03.2026_C10_Sample34.csv,../data/round01/round1_20C_d02_11.03.2026/round1_20C_d02_11.03.2026_C10_Sample34.csv
16,32,108420,29241,137661,0.787586898250049,0.0011023878850370545,151.75581864208596,151.75581864208596,16_vs_32,round1,20C,d02,11.03.2026,D10,Sample46,s16,round1_20C_d02_11.03.2026_D10_Sample46.csv,../data/round01/round1_20C_d02_11.03.2026/round1_20C_d02_11.03.2026_D10_Sample46.csv
06,20,28452,10137,38589,0.7373085594340356,0.002240349820365638,86.4528592180896,86.4528592180896,06_vs_20,round1,20C,d02,11.03.2026,A7,Sample7,s03,round1_20C_d02_11.03.2026_A7_Sample7.csv,../data/round01/round1_20C_d02_11.03.2026/round1_20C_d02_11.03.2026_A7_Sample7.csv
06,32,29951,13641,43592,0.6870756102037071,0.0022208466716858596,96.81114811212998,96.81114811212998,06_vs_32,round1,20C,d02,11.03.2026,B3,Sample15,s05,round1_20C_d02_11.03.2026_B3_Sample15.csv,../data/round01/round1_20C_d02_11.03.2026/round1_20C_d02_11.03.2026_B3_Sample15.csv
16,56,83934,3764,87698,0.9570799790189057,0.0006843987913687462,60.0204052054563,60.0204052054563,16_vs_56,round1,20C,d02,11.03.2026,E5,Sample53,s18,round1_20C_d02_11.03.2026_E5_Sample53.csv,../data/round01/round1_20C_d02_11.03.2026/round1_20C_d02_11.03.2026_E5_Sample53.csv
16,56,96866,2467,99333,0.9751643461890812,0.0004937759462107848,49.04824606495588,49.04824606495588,16_vs_56,round1,20C,d02,11.03.2026,E4,Sample52,s18,round1_20C_d02_11.03.2026_E4_Sample52.csv,../data/round01/round1_20C_d02_11.03.2026/round1_20C_d02_11.03.2026_E4_Sample52.csv
32,43,179088,65715,244803,0.7315596622590409,0.0008956542598603332,219.25884977658916,219.25884977658916,32_vs_43,round1,20C,d02,11.03.2026,G5,Sample77,s26,round1_20C_d02_11.03.2026_G5_Sample77.csv,../data/round01/round1_20C_d02_11.03.2026/round1_20C_d02_11.03.2026_G5_Sample77.csv
12,32,7960,202744,210704,0.03777811527071152,0.0004153568418659551,87.51734800852421,87.51734800852421,12_vs_32,round1,20C,d02,11.03.2026,C9,Sample33,s11,round1_20C_d02_11.03.2026_C9_Sample33.csv,../data/round01/round1_20C_d02_11.03.2026/round1_20C_d02_11.03.2026_C9_Sample33.csv
32,43,170201,59227,229428,0.7418492947678574,0.0009136319789982836,209.61275767761822,209.61275767761822,32_vs_43,round1,20C,d02,11.03.2026,G6,Sample78,s26,round1_20C_d02_11.03.2026_G6_Sample78.csv,../data/round01/round1_20C_d02_11.03.2026/round1_20C_d02_11.03.2026_G6_Sample78.csv
16,23,60771,48470,109241,0.5563021209985262,0.0015031634275484607,164.2070759888214,164.2070759888214,16_vs_23,round1,20C,d02,11.03.2026,D7,Sample43,s15,round1_20C_d02_11.03.2026_D7_Sample43.csv,../data/round01/round1_20C_d02_11.03.2026/round1_20C_d02_11.03.2026_D7_Sample43.csv
06,23,28523,20176,48699,0.585699911702499,0.0022322101086412506,108.70640008072026,108.70640008072026,06_vs_23,round1,20C,d02,11.03.2026,A12,Sample12,s04,round1_20C_d02_11.03.2026_A12_Sample12.csv,../data/round01/round1_20C_d02_11.03.2026/round1_20C_d02_11.03.2026_A12_Sample12.csv
12,56,69781,6418,76199,0.9157731728762845,0.0010061078625548702,76.66441301881855,76.66441301881855,12_vs_56,round1,20C,d02,11.03.2026,D1,Sample37,s13,round1_20C_d02_11.03.2026_D1_Sample37.csv,../data/round01/round1_20C_d02_11.03.2026/round1_20C_d02_11.03.2026_D1_Sample37.csv
06,56,27695,32381,60076,0.46099940075903856,0.00203373470663259,122.17864623565947,122.17864623565947,06_vs_56,round1,20C,d02,11.03.2026,B8,Sample20,s07,round1_20C_d02_11.03.2026_B8_Sample20.csv,../data/round01/round1_20C_d02_11.03.2026/round1_20C_d02_11.03.2026_B8_Sample20.csv
43,56,68093,8519,76612,0.8888033206286221,0.0011357960222404242,87.01560485588338,87.01560485588338,43_vs_56,round1,20C,d02,11.03.2026,G10,Sample82,s28,round1_20C_d02_11.03.2026_G10_Sample82.csv,../data/round01/round1_20C_d02_11.03.2026/round1_20C_d02_11.03.2026_G10_Sample82.csv
12,56,68187,4952,73139,0.932293304529731,0.0009290039969795836,67.94642333508976,67.94642333508976,12_vs_56,round1,20C,d02,11.03.2026,D3,Sample39,s13,round1_20C_d02_11.03.2026_D3_Sample39.csv,../data/round01/round1_20C_d02_11.03.2026/round1_20C_d02_11.03.2026_D3_Sample39.csv
06,43,37196,10161,47357,0.7854382667821019,0.0018864272931754416,89.33553732290939,89.33553732290939,06_vs_43,round1,20C,d02,11.03.2026,B4,Sample16,s06,round1_20C_d02_11.03.2026_B4_Sample16.csv,../data/round01/round1_20C_d02_11.03.2026/round1_20C_d02_11.03.2026_B4_Sample16.csv
20,32,39810,298820,338630,0.1175619407613029,0.0005534938167219148,187.429611156542,187.429611156542,20_vs_32,round1,20C,d02,11.03.2026,E12,Sample60,s20,round1_20C_d02_11.03.2026_E12_Sample60.csv,../data/round01/round1_20C_d02_11.03.2026/round1_20C_d02_11.03.2026_E12_Sample60.csv
32,56,225818,11373,237191,0.9520513004287684,0.0004387018731845935,104.05613600252691,104.05613600252691,32_vs_56,round1,20C,d02,11.03.2026,G7,Sample79,s27,round1_20C_d02_11.03.2026_G7_Sample79.csv,../data/round01/round1_20C_d02_11.03.2026/round1_20C_d02_11.03.2026_G7_Sample79.csv
20,43,23206,45348,68554,0.3385068704962511,0.001807299018384723,123.8975769063463,123.8975769063463,20_vs_43,round1,20C,d02,11.03.2026,F2,Sample62,s21,round1_20C_d02_11.03.2026_F2_Sample62.csv,../data/round01/round1_20C_d02_11.03.2026/round1_20C_d02_11.03.2026_F2_Sample62.csv
32,56,212214,12347,224561,0.9450171668277216,0.00048102343951573535,108.01910460109305,108.01910460109305,32_vs_56,round1,20C,d02,11.03.2026,G9,Sample81,s27,round1_20C_d02_11.03.2026_G9_Sample81.csv,../data/round01/round1_20C_d02_11.03.2026/round1_20C_d02_11.03.2026_G9_Sample81.csv
32,43,149500,53722,203222,0.735648699451831,0.0009782291517381164,198.79768467452348,198.79768467452348,32_vs_43,round1,20C,d02,11.03.2026,G4,Sample76,s26,round1_20C_d02_11.03.2026_G4_Sample76.csv,../data/round01/round1_20C_d02_11.03.2026/round1_20C_d02_11.03.2026_G4_Sample76.csv
12,32,8934,202052,210986,0.04234404178476297,0.00043840358107025265,92.49701795568832,92.49701795568832,12_vs_32,round1,20C,d02,11.03.2026,C7,Sample31,s11,round1_20C_d02_11.03.2026_C7_Sample31.csv,../data/round01/round1_20C_d02_11.03.2026/round1_20C_d02_11.03.2026_C7_Sample31.csv
43,56,55850,7660,63510,0.8793890725869942,0.0012922983934828922,82.07387097009848,82.07387097009848,43_vs_56,round1,20C,d02,11.03.2026,G11,Sample83,s28,round1_20C_d02_11.03.2026_G11_Sample83.csv,../data/round01/round1_20C_d02_11.03.2026/round1_20C_d02_11.03.2026_G11_Sample83.csv
06,20,16295,8508,24803,0.6569769785912994,0.0030142870179127876,74.76336090529087,74.76336090529087,06_vs_20,round1,20C,d02,11.03.2026,A9,Sample9,s03,round1_20C_d02_11.03.2026_A9_Sample9.csv,../data/round01/round1_20C_d02_11.03.2026/round1_20C_d02_11.03.2026_A9_Sample9.csv
16,20,94650,15607,110257,0.8584488966686923,0.001049810149201058,115.74891762046104,115.74891762046104,16_vs_20,round1,20C,d02,11.03.2026,D5,Sample41,s14,round1_20C_d02_11.03.2026_D5_Sample41.csv,../data/round01/round1_20C_d02_11.03.2026/round1_20C_d02_11.03.2026_D5_Sample41.csv
20,56,13080,1290,14370,0.9102296450939458,0.002384589212490059,34.266546983482144,34.266546983482144,20_vs_56,round1,20C,d02,11.03.2026,F6,Sample66,s22,round1_20C_d02_11.03.2026_F6_Sample66.csv,../data/round01/round1_20C_d02_11.03.2026/round1_20C_d02_11.03.2026_F6_Sample66.csv
16,43,78732,24698,103430,0.7612104805182249,0.0013256740284750097,137.11446476517025,137.11446476517025,16_vs_43,round1,20C,d02,11.03.2026,E1,Sample49,s17,round1_20C_d02_11.03.2026_E1_Sample49.csv,../data/round01/round1_20C_d02_11.03.2026/round1_20C_d02_11.03.2026_E1_Sample49.csv
16,23,68221,52737,120958,0.5640056879247342,0.0014258205015097508,172.46439622161643,172.46439622161643,16_vs_23,round1,20C,d02,11.03.2026,D9,Sample45,s15,round1_20C_d02_11.03.2026_D9_Sample45.csv,../data/round01/round1_20C_d02_11.03.2026/round1_20C_d02_11.03.2026_D9_Sample45.csv
12,43,30846,59758,90604,0.3404485453180875,0.0015742597690531265,142.63423211528948,142.63423211528948,12_vs_43,round1,20C,d02,11.03.2026,C12,Sample36,s12,round1_20C_d02_11.03.2026_C12_Sample36.csv,../data/round01/round1_20C_d02_11.03.2026/round1_20C_d02_11.03.2026_C12_Sample36.csv
32,56,231463,12269,243732,0.9496619237523182,0.0004428702871554561,107.94166082897362,107.94166082897362,32_vs_56,round1,20C,d02,11.03.2026,G8,Sample80,s27,round1_20C_d02_11.03.2026_G8_Sample80.csv,../data/round01/round1_20C_d02_11.03.2026/round1_20C_d02_11.03.2026_G8_Sample80.csv
06,16,24442,3768,28210,0.8664303438496986,0.002025439091446138,57.137636769695554,57.137636769695554,06_vs_16,round1,20C,d02,11.03.2026,A5,Sample5,s02,round1_20C_d02_11.03.2026_A5_Sample5.csv,../data/round01/round1_20C_d02_11.03.2026/round1_20C_d02_11.03.2026_A5_Sample5.csv
20,56,12682,1225,13907,0.9119148630186237,0.002403320753730472,33.42298172212968,33.42298172212968,20_vs_56,round1,20C,d02,11.03.2026,F5,Sample65,s22,round1_20C_d02_11.03.2026_F5_Sample65.csv,../data/round01/round1_20C_d02_11.03.2026/round1_20C_d02_11.03.2026_F5_Sample65.csv
20,32,37140,291514,328654,0.11300638361316157,0.000552258328942048,181.50190884011985,181.50190884011985,20_vs_32,round1,20C,d02,11.03.2026,E11,Sample59,s20,round1_20C_d02_11.03.2026_E11_Sample59.csv,../data/round01/round1_20C_d02_11.03.2026/round1_20C_d02_11.03.2026_E11_Sample59.csv
23,43,211118,78876,289994,0.7280081656861866,0.0008263262553280571,239.62965608760462,239.62965608760462,23_vs_43,round1,20C,d02,11.03.2026,F11,Sample71,s24,round1_20C_d02_11.03.2026_F11_Sample71.csv,../data/round01/round1_20C_d02_11.03.2026/round1_20C_d02_11.03.2026_F11_Sample71.csv
12,23,19191,103924,123115,0.15587865004264306,0.0010338089215091856,127.27738537160339,127.27738537160339,12_vs_23,round1,20C,d02,11.03.2026,C4,Sample28,s10,round1_20C_d02_11.03.2026_C4_Sample28.csv,../data/round01/round1_20C_d02_11.03.2026/round1_20C_d02_11.03.2026_C4_Sample28.csv
20,23,221496,1026487,1247983,0.17748318687033396,0.0003420161914007261,426.8303925928524,426.8303925928524,20_vs_23,round1,20C,d02,11.03.2026,E7,Sample55,s19,round1_20C_d02_11.03.2026_E7_Sample55.csv,../data/round01/round1_20C_d02_11.03.2026/round1_20C_d02_11.03.2026_E7_Sample55.csv
16,43,64816,20685,85501,0.7580730049940937,0.001464576577369629,125.22276194168066,125.22276194168066,16_vs_43,round1,20C,d02,11.03.2026,E3,Sample51,s17,round1_20C_d02_11.03.2026_E3_Sample51.csv,../data/round01/round1_20C_d02_11.03.2026/round1_20C_d02_11.03.2026_E3_Sample51.csv
12,16,11688,92761,104449,0.11190150216852243,0.0009754306161831476,101.88275242971358,101.88275242971358,12_vs_16,round1,20C,d02,11.03.2026,B12,Sample24,s08,round1_20C_d02_11.03.2026_B12_Sample24.csv,../data/round01/round1_20C_d02_11.03.2026/round1_20C_d02_11.03.2026_B12_Sample24.csv
06,12,36008,13567,49575,0.726333837619768,0.0020023838236644317,99.26817805816421,99.26817805816421,06_vs_12,round1,20C,d02,11.03.2026,A1,Sample1,s01,round1_20C_d02_11.03.2026_A1_Sample1.csv,../data/round01/round1_20C_d02_11.03.2026/round1_20C_d02_11.03.2026_A1_Sample1.csv
06,32,38306,16573,54879,0.6980083456331201,0.001959858350516363,107.55506641798749,107.55506641798749,06_vs_32,round1,20C,d02,11.03.2026,B2,Sample14,s05,round1_20C_d02_11.03.2026_B2_Sample14.csv,../data/round01/round1_20C_d02_11.03.2026/round1_20C_d02_11.03.2026_B2_Sample14.csv
20,43,16870,46755,63625,0.26514734774066795,0.0017499670801360907,111.34165547365878,111.34165547365878,20_vs_43,round1,20C,d02,11.03.2026,F1,Sample61,s21,round1_20C_d02_11.03.2026_F1_Sample61.csv,../data/round01/round1_20C_d02_11.03.2026/round1_20C_d02_11.03.2026_F1_Sample61.csv
12,23,16488,104643,121131,0.13611709636674343,0.0009852719672033355,119.34697865930723,119.34697865930723,12_vs_23,round1,20C,d02,11.03.2026,C5,Sample29,s10,round1_20C_d02_11.03.2026_C5_Sample29.csv,../data/round01/round1_20C_d02_11.03.2026/round1_20C_d02_11.03.2026_C5_Sample29.csv
16,43,97127,32207,129334,0.7509780877418157,0.001202475010486943,155.5209030063183,155.5209030063183,16_vs_43,round1,20C,d02,11.03.2026,E2,Sample50,s17,round1_20C_d02_11.03.2026_E2_Sample50.csv,../data/round01/round1_20C_d02_11.03.2026/round1_20C_d02_11.03.2026_E2_Sample50.csv
12,20,105173,24768,129941,0.8093904156501797,0.0010896280973795049,141.58736460159025,141.58736460159025,12_vs_20,round1,20C,d02,11.03.2026,C1,Sample25,s09,round1_20C_d02_11.03.2026_C1_Sample25.csv,../data/round01/round1_20C_d02_11.03.2026/round1_20C_d02_11.03.2026_C1_Sample25.csv
23,32,101056,103521,204577,0.49397537357571963,0.001105376106629564,226.13452776595634,226.13452776595634,23_vs_32,round1,20C,d02,11.03.2026,F8,Sample68,s23,round1_20C_d02_11.03.2026_F8_Sample68.csv,../data/round01/round1_20C_d02_11.03.2026/round1_20C_d02_11.03.2026_F8_Sample68.csv
23,32,128242,68286,196528,0.6525380607343483,0.0010740990348214986,211.09053511539946,211.09053511539946,23_vs_32,round1,20C,d02,11.03.2026,F7,Sample67,s23,round1_20C_d02_11.03.2026_F7_Sample67.csv,../data/round01/round1_20C_d02_11.03.2026/round1_20C_d02_11.03.2026_F7_Sample67.csv
06,32,35018,16134,51152,0.6845871129183609,0.002054578632218243,105.09580619522757,105.09580619522757,06_vs_32,round1,20C,d02,11.03.2026,B1,Sample13,s05,round1_20C_d02_11.03.2026_B1_Sample13.csv,../data/round01/round1_20C_d02_11.03.2026/round1_20C_d02_11.03.2026_B1_Sample13.csv
06,23,21025,14956,35981,0.5843361774269753,0.0025981599655971036,93.48439372214939,93.48439372214939,06_vs_23,round1,20C,d02,11.03.2026,A11,Sample11,s04,round1_20C_d02_11.03.2026_A11_Sample11.csv,../data/round01/round1_20C_d02_11.03.2026/round1_20C_d02_11.03.2026_A11_Sample11.csv
06,16,26017,4409,30426,0.855091040557418,0.0020180474173853843,61.4011107213677,61.4011107213677,06_vs_16,round1,20C,d02,11.03.2026,A4,Sample4,s02,round1_20C_d02_11.03.2026_A4_Sample4.csv,../data/round01/round1_20C_d02_11.03.2026/round1_20C_d02_11.03.2026_A4_Sample4.csv
12,32,8120,212854,220974,0.03674640455438196,0.00040022771258461487,88.43991856067268,88.43991856067268,12_vs_32,round1,20C,d02,11.03.2026,C8,Sample32,s11,round1_20C_d02_11.03.2026_C8_Sample32.csv,../data/round01/round1_20C_d02_11.03.2026/round1_20C_d02_11.03.2026_C8_Sample32.csv
20,32,10436,147293,157729,0.0661641169347425,0.0006258795537586477,98.71935613479775,98.71935613479775,20_vs_32,round1,20C,d07,16.03.2026,E10,Sample58,s20,round1_20C_d07_16.03.2026_E10_Sample58.csv,../data/round01/round1_20C_d07_16.03.2026/round1_20C_d07_16.03.2026_E10_Sample58.csv
06,32,11397,254,11651,0.9781992961977513,0.0013529050848330444,15.7626971433898,15.7626971433898,06_vs_32,round1,20C,d07,16.03.2026,B2,Sample14,s05,round1_20C_d07_16.03.2026_B2_Sample14.csv,../data/round01/round1_20C_d07_16.03.2026/round1_20C_d07_16.03.2026_B2_Sample14.csv
23,43,99477,26773,126250,0.7879366336633663,0.0011504368347929335,145.24265039260786,145.24265039260786,23_vs_43,round1,20C,d07,16.03.2026,F11,Sample71,s24,round1_20C_d07_16.03.2026_F11_Sample71.csv,../data/round01/round1_20C_d07_16.03.2026/round1_20C_d07_16.03.2026_F11_Sample71.csv
20,56,10696,1857,12553,0.8520672349239226,0.0031688038405768273,39.77799461076091,39.77799461076091,20_vs_56,round1,20C,d07,16.03.2026,F4,Sample64,s22,round1_20C_d07_16.03.2026_F4_Sample64.csv,../data/round01/round1_20C_d07_16.03.2026/round1_20C_d07_16.03.2026_F4_Sample64.csv
32,43,19928,9141,29069,0.6855412982902749,0.0027232253041695304,79.16143636690408,79.16143636690408,32_vs_43,round1,20C,d07,16.03.2026,G4,Sample76,s26,round1_20C_d07_16.03.2026_G4_Sample76.csv,../data/round01/round1_20C_d07_16.03.2026/round1_20C_d07_16.03.2026_G4_Sample76.csv
06,32,9893,164,10057,0.9836929501839515,0.00126294155542202,12.701403222879255,12.701403222879255,06_vs_32,round1,20C,d07,16.03.2026,B3,Sample15,s05,round1_20C_d07_16.03.2026_B3_Sample15.csv,../data/round01/round1_20C_d07_16.03.2026/round1_20C_d07_16.03.2026_B3_Sample15.csv
20,32,12718,202582,215300,0.0590710636321412,0.0005080936798682923,109.39256927564334,109.39256927564334,20_vs_32,round1,20C,d07,16.03.2026,E11,Sample59,s20,round1_20C_d07_16.03.2026_E11_Sample59.csv,../data/round01/round1_20C_d07_16.03.2026/round1_20C_d07_16.03.2026_E11_Sample59.csv
20,23,4241,42905,47146,0.08995460908666696,0.001317712942543445,62.124894389153255,62.124894389153255,20_vs_23,round1,20C,d07,16.03.2026,E8,Sample56,s19,round1_20C_d07_16.03.2026_E8_Sample56.csv,../data/round01/round1_20C_d07_16.03.2026/round1_20C_d07_16.03.2026_E8_Sample56.csv
23,56,26853,3597,30450,0.881871921182266,0.0018496334861948663,56.32133965463368,56.32133965463368,23_vs_56,round1,20C,d07,16.03.2026,G3,Sample75,s25,round1_20C_d07_16.03.2026_G3_Sample75.csv,../data/round01/round1_20C_d07_16.03.2026/round1_20C_d07_16.03.2026_G3_Sample75.csv
43,56,36326,32330,68656,0.5291016080167793,0.0019049952443085914,130.78935349325064,130.78935349325064,43_vs_56,round1,20C,d07,16.03.2026,G12,Sample84,s28,round1_20C_d07_16.03.2026_G12_Sample84.csv,../data/round01/round1_20C_d07_16.03.2026/round1_20C_d07_16.03.2026_G12_Sample84.csv
16,23,78634,29451,108085,0.7275200074015821,0.001354275639782037,146.37688252584147,146.37688252584147,16_vs_23,round1,20C,d07,16.03.2026,D9,Sample45,s15,round1_20C_d07_16.03.2026_D9_Sample45.csv,../data/round01/round1_20C_d07_16.03.2026/round1_20C_d07_16.03.2026_D9_Sample45.csv
12,56,54818,4954,59772,0.9171183831894533,0.0011276982662039602,67.40478076754312,67.40478076754312,12_vs_56,round1,20C,d07,16.03.2026,D2,Sample38,s13,round1_20C_d07_16.03.2026_D2_Sample38.csv,../data/round01/round1_20C_d07_16.03.2026/round1_20C_d07_16.03.2026_D2_Sample38.csv
06,43,8900,505,9405,0.9463051568314726,0.002324355180557351,21.860560473141884,21.860560473141884,06_vs_43,round1,20C,d07,16.03.2026,B6,Sample18,s06,round1_20C_d07_16.03.2026_B6_Sample18.csv,../data/round01/round1_20C_d07_16.03.2026/round1_20C_d07_16.03.2026_B6_Sample18.csv
20,23,2009,26219,28228,0.07117046903783478,0.0015303045411355683,43.19743658717482,43.19743658717482,20_vs_23,round1,20C,d07,16.03.2026,E9,Sample57,s19,round1_20C_d07_16.03.2026_E9_Sample57.csv,../data/round01/round1_20C_d07_16.03.2026/round1_20C_d07_16.03.2026_E9_Sample57.csv
23,56,3535,1081,4616,0.7658145580589255,0.00623316833602189,28.772305039077043,28.772305039077043,23_vs_56,round1,20C,d07,16.03.2026,G2,Sample74,s25,round1_20C_d07_16.03.2026_G2_Sample74.csv,../data/round01/round1_20C_d07_16.03.2026/round1_20C_d07_16.03.2026_G2_Sample74.csv
20,56,6487,1104,7591,0.8545646159926228,0.004046299250136815,30.71545760778856,30.71545760778856,20_vs_56,round1,20C,d07,16.03.2026,F6,Sample66,s22,round1_20C_d07_16.03.2026_F6_Sample66.csv,../data/round01/round1_20C_d07_16.03.2026/round1_20C_d07_16.03.2026_F6_Sample66.csv
20,23,49,101,150,0.32666666666666666,0.038293215722505866,5.74398235837588,5.74398235837588,20_vs_23,round1,20C,d07,16.03.2026,E7,Sample55,s19,round1_20C_d07_16.03.2026_E7_Sample55.csv,../data/round01/round1_20C_d07_16.03.2026/round1_20C_d07_16.03.2026_E7_Sample55.csv
16,32,88523,9634,98157,0.9018511160691545,0.0009496191588732295,93.2117677775196,93.2117677775196,16_vs_32,round1,20C,d07,16.03.2026,D11,Sample47,s16,round1_20C_d07_16.03.2026_D11_Sample47.csv,../data/round01/round1_20C_d07_16.03.2026/round1_20C_d07_16.03.2026_D11_Sample47.csv
06,20,4965,155,5120,0.9697265625,0.002394531386905934,12.260000700958383,12.260000700958383,06_vs_20,round1,20C,d07,16.03.2026,A6,Sample6,s03,round1_20C_d07_16.03.2026_A6_Sample6.csv,../data/round01/round1_20C_d07_16.03.2026/round1_20C_d07_16.03.2026_A6_Sample6.csv
20,43,119399,92463,211862,0.5635696821515892,0.0010774688742982961,228.27471064658562,228.27471064658562,20_vs_43,round1,20C,d07,16.03.2026,F3,Sample63,s21,round1_20C_d07_16.03.2026_F3_Sample63.csv,../data/round01/round1_20C_d07_16.03.2026/round1_20C_d07_16.03.2026_F3_Sample63.csv
32,56,5876,457,6333,0.9278383072793305,0.0032515075108904643,20.59179706646931,20.59179706646931,32_vs_56,round1,20C,d07,16.03.2026,G9,Sample81,s27,round1_20C_d07_16.03.2026_G9_Sample81.csv,../data/round01/round1_20C_d07_16.03.2026/round1_20C_d07_16.03.2026_G9_Sample81.csv
16,56,72868,15077,87945,0.8285633066120871,0.0012708935113621782,111.76872985674676,111.76872985674676,16_vs_56,round1,20C,d07,16.03.2026,E4,Sample52,s18,round1_20C_d07_16.03.2026_E4_Sample52.csv,../data/round01/round1_20C_d07_16.03.2026/round1_20C_d07_16.03.2026_E4_Sample52.csv
23,43,87102,25034,112136,0.7767532282228722,0.0012435452617307447,139.4461914694388,139.4461914694388,23_vs_43,round1,20C,d07,16.03.2026,F12,Sample72,s24,round1_20C_d07_16.03.2026_F12_Sample72.csv,../data/round01/round1_20C_d07_16.03.2026/round1_20C_d07_16.03.2026_F12_Sample72.csv
12,43,17109,7340,24449,0.6997832222176776,0.002931356860900003,71.66874389214418,71.66874389214418,12_vs_43,round1,20C,d07,16.03.2026,C11,Sample35,s12,round1_20C_d07_16.03.2026_C11_Sample35.csv,../data/round01/round1_20C_d07_16.03.2026/round1_20C_d07_16.03.2026_C11_Sample35.csv
23,56,55114,14515,69629,0.7915380085883755,0.001539409807483602,107.18756548527573,107.18756548527573,23_vs_56,round1,20C,d07,16.03.2026,G1,Sample73,s25,round1_20C_d07_16.03.2026_G1_Sample73.csv,../data/round01/round1_20C_d07_16.03.2026/round1_20C_d07_16.03.2026_G1_Sample73.csv
23,32,92975,75183,168158,0.5529026272910001,0.0012124577644104268,203.88447274772855,203.88447274772855,23_vs_32,round1,20C,d07,16.03.2026,F8,Sample68,s23,round1_20C_d07_16.03.2026_F8_Sample68.csv,../data/round01/round1_20C_d07_16.03.2026/round1_20C_d07_16.03.2026_F8_Sample68.csv
16,43,60665,16185,76850,0.78939492517892,0.0014708204008878922,113.03254780823451,113.03254780823451,16_vs_43,round1,20C,d07,16.03.2026,E2,Sample50,s17,round1_20C_d07_16.03.2026_E2_Sample50.csv,../data/round01/round1_20C_d07_16.03.2026/round1_20C_d07_16.03.2026_E2_Sample50.csv
16,32,6016,1474,7490,0.8032042723631508,0.0045938829883493066,34.40818358273631,34.40818358273631,16_vs_32,round1,20C,d07,16.03.2026,D10,Sample46,s16,round1_20C_d07_16.03.2026_D10_Sample46.csv,../data/round01/round1_20C_d07_16.03.2026/round1_20C_d07_16.03.2026_D10_Sample46.csv
12,16,17498,74408,91906,0.1903901812721694,0.0012950550344873752,119.0233279995967,119.0233279995967,12_vs_16,round1,20C,d07,16.03.2026,B10,Sample22,s08,round1_20C_d07_16.03.2026_B10_Sample22.csv,../data/round01/round1_20C_d07_16.03.2026/round1_20C_d07_16.03.2026_B10_Sample22.csv
06,20,8817,244,9061,0.973071404922194,0.0017005567829795933,15.408745010578095,15.408745010578095,06_vs_20,round1,20C,d07,16.03.2026,A9,Sample9,s03,round1_20C_d07_16.03.2026_A9_Sample9.csv,../data/round01/round1_20C_d07_16.03.2026/round1_20C_d07_16.03.2026_A9_Sample9.csv
16,56,61253,4819,66072,0.9270644145780361,0.001011616642628543,66.83953481175308,66.83953481175308,16_vs_56,round1,20C,d07,16.03.2026,E6,Sample54,s18,round1_20C_d07_16.03.2026_E6_Sample54.csv,../data/round01/round1_20C_d07_16.03.2026/round1_20C_d07_16.03.2026_E6_Sample54.csv
12,56,72137,5854,77991,0.9249400571860856,0.0009434929606451855,73.58395949367866,73.58395949367866,12_vs_56,round1,20C,d07,16.03.2026,D3,Sample39,s13,round1_20C_d07_16.03.2026_D3_Sample39.csv,../data/round01/round1_20C_d07_16.03.2026/round1_20C_d07_16.03.2026_D3_Sample39.csv
12,43,24387,9127,33514,0.7276660500089515,0.0024316654063348247,81.49483442790532,81.49483442790532,12_vs_43,round1,20C,d07,16.03.2026,C12,Sample36,s12,round1_20C_d07_16.03.2026_C12_Sample36.csv,../data/round01/round1_20C_d07_16.03.2026/round1_20C_d07_16.03.2026_C12_Sample36.csv
16,20,82110,12549,94659,0.867429404494026,0.0011021982508115358,104.33298422356917,104.33298422356917,16_vs_20,round1,20C,d07,16.03.2026,D6,Sample42,s14,round1_20C_d07_16.03.2026_D6_Sample42.csv,../data/round01/round1_20C_d07_16.03.2026/round1_20C_d07_16.03.2026_D6_Sample42.csv
06,12,5442,455,5897,0.9228421231134475,0.003474867709656301,20.491294883843207,20.491294883843207,06_vs_12,round1,20C,d07,16.03.2026,A3,Sample3,s01,round1_20C_d07_16.03.2026_A3_Sample3.csv,../data/round01/round1_20C_d07_16.03.2026/round1_20C_d07_16.03.2026_A3_Sample3.csv
12,23,2941,14524,17465,0.16839393071858003,0.0028316381015494113,49.45455944356047,49.45455944356047,12_vs_23,round1,20C,d07,16.03.2026,C6,Sample30,s10,round1_20C_d07_16.03.2026_C6_Sample30.csv,../data/round01/round1_20C_d07_16.03.2026/round1_20C_d07_16.03.2026_C6_Sample30.csv
43,56,35035,35724,70759,0.49513136138159103,0.0018795702888266307,132.99651406708355,132.99651406708355,43_vs_56,round1,20C,d07,16.03.2026,G10,Sample82,s28,round1_20C_d07_16.03.2026_G10_Sample82.csv,../data/round01/round1_20C_d07_16.03.2026/round1_20C_d07_16.03.2026_G10_Sample82.csv
06,56,102,81,183,0.5573770491803278,0.03671689611417049,6.7191919888932,6.7191919888932,06_vs_56,round1,20C,d07,16.03.2026,B7,Sample19,s07,round1_20C_d07_16.03.2026_B7_Sample19.csv,../data/round01/round1_20C_d07_16.03.2026/round1_20C_d07_16.03.2026_B7_Sample19.csv
06,56,10758,375,11133,0.966316356777149,0.0017098699906949637,19.035982606407032,19.035982606407032,06_vs_56,round1,20C,d07,16.03.2026,B9,Sample21,s07,round1_20C_d07_16.03.2026_B9_Sample21.csv,../data/round01/round1_20C_d07_16.03.2026/round1_20C_d07_16.03.2026_B9_Sample21.csv
12,20,25241,4199,29440,0.8573709239130435,0.002038071928444673,60.00083757341117,60.00083757341117,12_vs_20,round1,20C,d07,16.03.2026,C2,Sample26,s09,round1_20C_d07_16.03.2026_C2_Sample26.csv,../data/round01/round1_20C_d07_16.03.2026/round1_20C_d07_16.03.2026_C2_Sample26.csv
06,32,11016,92,11108,0.9917176809506661,0.0008599081610367571,9.551859852796298,9.551859852796298,06_vs_32,round1,20C,d07,16.03.2026,B1,Sample13,s05,round1_20C_d07_16.03.2026_B1_Sample13.csv,../data/round01/round1_20C_d07_16.03.2026/round1_20C_d07_16.03.2026_B1_Sample13.csv
06,23,4650,1982,6632,0.701145958986731,0.005620973336710172,37.27829516906186,37.27829516906186,06_vs_23,round1,20C,d07,16.03.2026,A11,Sample11,s04,round1_20C_d07_16.03.2026_A11_Sample11.csv,../data/round01/round1_20C_d07_16.03.2026/round1_20C_d07_16.03.2026_A11_Sample11.csv
12,23,1800,11839,13639,0.13197448493291297,0.002898144055455306,39.52778677235492,39.52778677235492,12_vs_23,round1,20C,d07,16.03.2026,C5,Sample29,s10,round1_20C_d07_16.03.2026_C5_Sample29.csv,../data/round01/round1_20C_d07_16.03.2026/round1_20C_d07_16.03.2026_C5_Sample29.csv
06,12,10440,706,11146,0.9366588910820025,0.002307140493798053,25.715387943873097,25.715387943873097,06_vs_12,round1,20C,d07,16.03.2026,A1,Sample1,s01,round1_20C_d07_16.03.2026_A1_Sample1.csv,../data/round01/round1_20C_d07_16.03.2026/round1_20C_d07_16.03.2026_A1_Sample1.csv
06,23,4701,1810,6511,0.722008908001843,0.005552171468196985,36.15018842943057,36.15018842943057,06_vs_23,round1,20C,d07,16.03.2026,A10,Sample10,s04,round1_20C_d07_16.03.2026_A10_Sample10.csv,../data/round01/round1_20C_d07_16.03.2026/round1_20C_d07_16.03.2026_A10_Sample10.csv
20,43,50628,44423,95051,0.5326403720108153,0.0016183195938389713,153.82289571398806,153.82289571398806,20_vs_43,round1,20C,d07,16.03.2026,F1,Sample61,s21,round1_20C_d07_16.03.2026_F1_Sample61.csv,../data/round01/round1_20C_d07_16.03.2026/round1_20C_d07_16.03.2026_F1_Sample61.csv
32,56,420,71,491,0.8553971486761711,0.01587199731615937,7.79315068223425,7.79315068223425,32_vs_56,round1,20C,d07,16.03.2026,G7,Sample79,s27,round1_20C_d07_16.03.2026_G7_Sample79.csv,../data/round01/round1_20C_d07_16.03.2026/round1_20C_d07_16.03.2026_G7_Sample79.csv
12,23,46546,268295,314841,0.14783970321527373,0.0006325728490969027,199.15986838251794,199.15986838251794,12_vs_23,round1,20C,d07,16.03.2026,C4,Sample28,s10,round1_20C_d07_16.03.2026_C4_Sample28.csv,../data/round01/round1_20C_d07_16.03.2026/round1_20C_d07_16.03.2026_C4_Sample28.csv
12,32,15753,115414,131167,0.12009880533975771,0.0008975817309562257,117.73310290433525,117.73310290433525,12_vs_32,round1,20C,d07,16.03.2026,C8,Sample32,s11,round1_20C_d07_16.03.2026_C8_Sample32.csv,../data/round01/round1_20C_d07_16.03.2026/round1_20C_d07_16.03.2026_C8_Sample32.csv
32,43,8339,1171,9510,0.8768664563617246,0.003369493780283427,32.04388585049539,32.04388585049539,32_vs_43,round1,20C,d07,16.03.2026,G5,Sample77,s26,round1_20C_d07_16.03.2026_G5_Sample77.csv,../data/round01/round1_20C_d07_16.03.2026/round1_20C_d07_16.03.2026_G5_Sample77.csv
12,20,13428,2269,15697,0.855450086003695,0.0028067124870614748,44.05696590940397,44.05696590940397,12_vs_20,round1,20C,d07,16.03.2026,C3,Sample27,s09,round1_20C_d07_16.03.2026_C3_Sample27.csv,../data/round01/round1_20C_d07_16.03.2026/round1_20C_d07_16.03.2026_C3_Sample27.csv
32,56,4625,410,5035,0.9185700099304865,0.003854327241937674,19.40653766315619,19.40653766315619,32_vs_56,round1,20C,d07,16.03.2026,G8,Sample80,s27,round1_20C_d07_16.03.2026_G8_Sample80.csv,../data/round01/round1_20C_d07_16.03.2026/round1_20C_d07_16.03.2026_G8_Sample80.csv
20,32,10045,143045,153090,0.06561499771376314,0.0006328358545607206,96.88084097470072,96.88084097470072,20_vs_32,round1,20C,d07,16.03.2026,E12,Sample60,s20,round1_20C_d07_16.03.2026_E12_Sample60.csv,../data/round01/round1_20C_d07_16.03.2026/round1_20C_d07_16.03.2026_E12_Sample60.csv
16,23,55654,26001,81655,0.6815749188659604,0.0016303056842428979,133.12261064685381,133.12261064685381,16_vs_23,round1,20C,d07,16.03.2026,D8,Sample44,s15,round1_20C_d07_16.03.2026_D8_Sample44.csv,../data/round01/round1_20C_d07_16.03.2026/round1_20C_d07_16.03.2026_D8_Sample44.csv
12,32,467,3619,4086,0.11429270680372002,0.0049774303133768225,20.337780260457695,20.337780260457695,12_vs_32,round1,20C,d07,16.03.2026,C9,Sample33,s11,round1_20C_d07_16.03.2026_C9_Sample33.csv,../data/round01/round1_20C_d07_16.03.2026/round1_20C_d07_16.03.2026_C9_Sample33.csv
06,43,10108,327,10435,0.9686631528509823,0.0017055631840465404,17.797551825525648,17.797551825525648,06_vs_43,round1,20C,d07,16.03.2026,B5,Sample17,s06,round1_20C_d07_16.03.2026_B5_Sample17.csv,../data/round01/round1_20C_d07_16.03.2026/round1_20C_d07_16.03.2026_B5_Sample17.csv
23,43,20144,6059,26203,0.768766935083769,0.0026046346115322088,68.24924072597847,68.24924072597847,23_vs_43,round1,20C,d07,16.03.2026,F10,Sample70,s24,round1_20C_d07_16.03.2026_F10_Sample70.csv,../data/round01/round1_20C_d07_16.03.2026/round1_20C_d07_16.03.2026_F10_Sample70.csv
12,43,17849,7617,25466,0.7008953113955863,0.0028691801690563976,73.06654218519022,73.06654218519022,12_vs_43,round1,20C,d07,16.03.2026,C10,Sample34,s12,round1_20C_d07_16.03.2026_C10_Sample34.csv,../data/round01/round1_20C_d07_16.03.2026/round1_20C_d07_16.03.2026_C10_Sample34.csv
12,20,17425,3243,20668,0.8430907683375266,0.0025299514576089858,52.289036725862516,52.289036725862516,12_vs_20,round1,20C,d07,16.03.2026,C1,Sample25,s09,round1_20C_d07_16.03.2026_C1_Sample25.csv,../data/round01/round1_20C_d07_16.03.2026/round1_20C_d07_16.03.2026_C1_Sample25.csv
06,16,10875,214,11089,0.980701596176391,0.001306420372640635,14.486895512212001,14.486895512212001,06_vs_16,round1,20C,d07,16.03.2026,A5,Sample5,s02,round1_20C_d07_16.03.2026_A5_Sample5.csv,../data/round01/round1_20C_d07_16.03.2026/round1_20C_d07_16.03.2026_A5_Sample5.csv
16,23,129,105,234,0.5512820512820513,0.032513649416211,7.608193963393375,7.608193963393375,16_vs_23,round1,20C,d07,16.03.2026,D7,Sample43,s15,round1_20C_d07_16.03.2026_D7_Sample43.csv,../data/round01/round1_20C_d07_16.03.2026/round1_20C_d07_16.03.2026_D7_Sample43.csv
06,43,8521,380,8901,0.9573081676216155,0.0021427863906774273,19.07294166341978,19.07294166341978,06_vs_43,round1,20C,d07,16.03.2026,B4,Sample16,s06,round1_20C_d07_16.03.2026_B4_Sample16.csv,../data/round01/round1_20C_d07_16.03.2026/round1_20C_d07_16.03.2026_B4_Sample16.csv
06,23,9676,504,10180,0.9504911591355599,0.0021500152039646003,21.88715477635963,21.88715477635963,06_vs_23,round1,20C,d07,16.03.2026,A12,Sample12,s04,round1_20C_d07_16.03.2026_A12_Sample12.csv,../data/round01/round1_20C_d07_16.03.2026/round1_20C_d07_16.03.2026_A12_Sample12.csv
12,56,54508,4047,58555,0.9308854922722227,0.00104821591153958,61.37828270020011,61.37828270020011,12_vs_56,round1,20C,d07,16.03.2026,D1,Sample37,s13,round1_20C_d07_16.03.2026_D1_Sample37.csv,../data/round01/round1_20C_d07_16.03.2026/round1_20C_d07_16.03.2026_D1_Sample37.csv
23,32,153109,104671,257780,0.5939522073085577,0.0009672521809364406,249.33826720179565,249.33826720179565,23_vs_32,round1,20C,d07,16.03.2026,F9,Sample69,s23,round1_20C_d07_16.03.2026_F9_Sample69.csv,../data/round01/round1_20C_d07_16.03.2026/round1_20C_d07_16.03.2026_F9_Sample69.csv
12,16,14823,75955,90778,0.1632884619621494,0.0012268043944999077,111.36684932391263,111.36684932391263,12_vs_16,round1,20C,d07,16.03.2026,B11,Sample23,s08,round1_20C_d07_16.03.2026_B11_Sample23.csv,../data/round01/round1_20C_d07_16.03.2026/round1_20C_d07_16.03.2026_B11_Sample23.csv
06,20,7394,183,7577,0.9758479609344067,0.001763678160520124,13.36338942226098,13.36338942226098,06_vs_20,round1,20C,d07,16.03.2026,A8,Sample8,s03,round1_20C_d07_16.03.2026_A8_Sample8.csv,../data/round01/round1_20C_d07_16.03.2026/round1_20C_d07_16.03.2026_A8_Sample8.csv
12,16,46911,57375,104286,0.44983027443760426,0.0015404928246411222,160.65183471052407,160.65183471052407,12_vs_16,round1,20C,d07,16.03.2026,B12,Sample24,s08,round1_20C_d07_16.03.2026_B12_Sample24.csv,../data/round01/round1_20C_d07_16.03.2026/round1_20C_d07_16.03.2026_B12_Sample24.csv
16,56,74688,13872,88560,0.843360433604336,0.001221345518756308,108.16235914105864,108.16235914105864,16_vs_56,round1,20C,d07,16.03.2026,E5,Sample53,s18,round1_20C_d07_16.03.2026_E5_Sample53.csv,../data/round01/round1_20C_d07_16.03.2026/round1_20C_d07_16.03.2026_E5_Sample53.csv
23,32,101,260,361,0.27977839335180055,0.02362580189410077,8.528914483770379,8.528914483770379,23_vs_32,round1,20C,d07,16.03.2026,F7,Sample67,s23,round1_20C_d07_16.03.2026_F7_Sample67.csv,../data/round01/round1_20C_d07_16.03.2026/round1_20C_d07_16.03.2026_F7_Sample67.csv
12,32,114,218,332,0.3433734939759036,0.026059948127686708,8.651902778391987,8.651902778391987,12_vs_32,round1,20C,d07,16.03.2026,C7,Sample31,s11,round1_20C_d07_16.03.2026_C7_Sample31.csv,../data/round01/round1_20C_d07_16.03.2026/round1_20C_d07_16.03.2026_C7_Sample31.csv
43,56,36217,39849,76066,0.4761259958457129,0.001810835840668173,137.74303905626525,137.74303905626525,43_vs_56,round1,20C,d07,16.03.2026,G11,Sample83,s28,round1_20C_d07_16.03.2026_G11_Sample83.csv,../data/round01/round1_20C_d07_16.03.2026/round1_20C_d07_16.03.2026_G11_Sample83.csv
06,12,7048,662,7710,0.9141374837872892,0.0031906588799963734,24.59997996477204,24.59997996477204,06_vs_12,round1,20C,d07,16.03.2026,A2,Sample2,s01,round1_20C_d07_16.03.2026_A2_Sample2.csv,../data/round01/round1_20C_d07_16.03.2026/round1_20C_d07_16.03.2026_A2_Sample2.csv
20,43,76778,60439,137217,0.5595370835975134,0.0013401862332819497,183.8963343722493,183.8963343722493,20_vs_43,round1,20C,d07,16.03.2026,F2,Sample62,s21,round1_20C_d07_16.03.2026_F2_Sample62.csv,../data/round01/round1_20C_d07_16.03.2026/round1_20C_d07_16.03.2026_F2_Sample62.csv
06,16,6158,151,6309,0.9760659375495324,0.0019242767157861104,12.14026179989457,12.14026179989457,06_vs_16,round1,20C,d07,16.03.2026,A4,Sample4,s02,round1_20C_d07_16.03.2026_A4_Sample4.csv,../data/round01/round1_20C_d07_16.03.2026/round1_20C_d07_16.03.2026_A4_Sample4.csv
16,43,2488,5512,8000,0.311,0.005175410611729277,41.40328489383421,41.40328489383421,16_vs_43,round1,20C,d07,16.03.2026,E1,Sample49,s17,round1_20C_d07_16.03.2026_E1_Sample49.csv,../data/round01/round1_20C_d07_16.03.2026/round1_20C_d07_16.03.2026_E1_Sample49.csv
32,43,46122,21537,67659,0.6816831463663371,0.001790846274586962,121.16686809227926,121.16686809227926,32_vs_43,round1,20C,d07,16.03.2026,G6,Sample78,s26,round1_20C_d07_16.03.2026_G6_Sample78.csv,../data/round01/round1_20C_d07_16.03.2026/round1_20C_d07_16.03.2026_G6_Sample78.csv
16,32,89194,8380,97574,0.9141164654518622,0.000896992199098621,87.52311683484885,87.52311683484885,16_vs_32,round1,20C,d07,16.03.2026,D12,Sample48,s16,round1_20C_d07_16.03.2026_D12_Sample48.csv,../data/round01/round1_20C_d07_16.03.2026/round1_20C_d07_16.03.2026_D12_Sample48.csv
16,43,71441,18446,89887,0.7947867878558634,0.0013470370332140185,121.08111780450848,121.08111780450848,16_vs_43,round1,20C,d07,16.03.2026,E3,Sample51,s17,round1_20C_d07_16.03.2026_E3_Sample51.csv,../data/round01/round1_20C_d07_16.03.2026/round1_20C_d07_16.03.2026_E3_Sample51.csv
16,20,76969,18134,95103,0.8093225240002944,0.0012738356600826572,121.14559278084096,121.14559278084096,16_vs_20,round1,20C,d07,16.03.2026,D5,Sample41,s14,round1_20C_d07_16.03.2026_D5_Sample41.csv,../data/round01/round1_20C_d07_16.03.2026/round1_20C_d07_16.03.2026_D5_Sample41.csv
16,20,95466,21326,116792,0.8174018768408795,0.0011304709903670093,132.02996790694374,132.02996790694374,16_vs_20,round1,20C,d07,16.03.2026,D4,Sample40,s14,round1_20C_d07_16.03.2026_D4_Sample40.csv,../data/round01/round1_20C_d07_16.03.2026/round1_20C_d07_16.03.2026_D4_Sample40.csv
20,56,9999,1539,11538,0.8666146645865834,0.0031652046288277837,36.52013100741497,36.52013100741497,20_vs_56,round1,20C,d07,16.03.2026,F5,Sample65,s22,round1_20C_d07_16.03.2026_F5_Sample65.csv,../data/round01/round1_20C_d07_16.03.2026/round1_20C_d07_16.03.2026_F5_Sample65.csv
06,56,9816,356,10172,0.9650019661816752,0.0018221442150990605,18.534850955987643,18.534850955987643,06_vs_56,round1,20C,d07,16.03.2026,B8,Sample20,s07,round1_20C_d07_16.03.2026_B8_Sample20.csv,../data/round01/round1_20C_d07_16.03.2026/round1_20C_d07_16.03.2026_B8_Sample20.csv
12,23,2286,27420,29706,0.07695415067663099,0.001546342075912225,45.935637707048556,45.935637707048556,12_vs_23,round1,20C,d03,12.03.2026,C5,Sample29,s10,round1_20C_d03_12.03.2026_C5_Sample29.csv,../data/round01/round1_20C_d03_12.03.2026/round1_20C_d03_12.03.2026_C5_Sample29.csv
06,32,5532,121,5653,0.978595436051654,0.0019249315586504939,10.881638101051243,10.881638101051243,06_vs_32,round1,20C,d03,12.03.2026,B3,Sample15,s05,round1_20C_d03_12.03.2026_B3_Sample15.csv,../data/round01/round1_20C_d03_12.03.2026/round1_20C_d03_12.03.2026_B3_Sample15.csv
23,43,20656,18544,39200,0.5269387755102041,0.002521713371076821,98.85116414621137,98.85116414621137,23_vs_43,round1,20C,d03,12.03.2026,F11,Sample71,s24,round1_20C_d03_12.03.2026_F11_Sample71.csv,../data/round01/round1_20C_d03_12.03.2026/round1_20C_d03_12.03.2026_F11_Sample71.csv
32,43,112296,32929,145225,0.7732552935100706,0.0010987764351579569,159.56980779581428,159.56980779581428,32_vs_43,round1,20C,d03,12.03.2026,G6,Sample78,s26,round1_20C_d03_12.03.2026_G6_Sample78.csv,../data/round01/round1_20C_d03_12.03.2026/round1_20C_d03_12.03.2026_G6_Sample78.csv
16,32,70562,18471,89033,0.7925375984185639,0.0013589520530395565,120.99157813827084,120.99157813827084,16_vs_32,round1,20C,d03,12.03.2026,D10,Sample46,s16,round1_20C_d03_12.03.2026_D10_Sample46.csv,../data/round01/round1_20C_d03_12.03.2026/round1_20C_d03_12.03.2026_D10_Sample46.csv
20,23,246062,979379,1225441,0.200794652700538,0.00036187539801674906,443.456949621043,443.456949621043,20_vs_23,round1,20C,d03,12.03.2026,E7,Sample55,s19,round1_20C_d03_12.03.2026_E7_Sample55.csv,../data/round01/round1_20C_d03_12.03.2026/round1_20C_d03_12.03.2026_E7_Sample55.csv
16,32,76487,19723,96210,0.7950005196964972,0.0013015174012562232,125.21898917486124,125.21898917486124,16_vs_32,round1,20C,d03,12.03.2026,D12,Sample48,s16,round1_20C_d03_12.03.2026_D12_Sample48.csv,../data/round01/round1_20C_d03_12.03.2026/round1_20C_d03_12.03.2026_D12_Sample48.csv
20,56,5448,2586,8034,0.678117998506348,0.00521236798499156,41.87616439142219,41.87616439142219,20_vs_56,round1,20C,d03,12.03.2026,F5,Sample65,s22,round1_20C_d03_12.03.2026_F5_Sample65.csv,../data/round01/round1_20C_d03_12.03.2026/round1_20C_d03_12.03.2026_F5_Sample65.csv
16,32,46659,13014,59673,0.7819114172238701,0.0016904654787202379,100.87514651167275,100.87514651167275,16_vs_32,round1,20C,d03,12.03.2026,D11,Sample47,s16,round1_20C_d03_12.03.2026_D11_Sample47.csv,../data/round01/round1_20C_d03_12.03.2026/round1_20C_d03_12.03.2026_D11_Sample47.csv
20,32,10763,136319,147082,0.07317686732570947,0.0006790559764656314,99.876911130518,99.876911130518,20_vs_32,round1,20C,d03,12.03.2026,E11,Sample59,s20,round1_20C_d03_12.03.2026_E11_Sample59.csv,../data/round01/round1_20C_d03_12.03.2026/round1_20C_d03_12.03.2026_E11_Sample59.csv
12,32,4781,121677,126458,0.03780701893118664,0.0005363448997741398,67.82510333563816,67.82510333563816,12_vs_32,round1,20C,d03,12.03.2026,C9,Sample33,s11,round1_20C_d03_12.03.2026_C9_Sample33.csv,../data/round01/round1_20C_d03_12.03.2026/round1_20C_d03_12.03.2026_C9_Sample33.csv
20,32,18439,191347,209786,0.08789433041289695,0.0006181797256586452,129.68545192702453,129.68545192702453,20_vs_32,round1,20C,d03,12.03.2026,E10,Sample58,s20,round1_20C_d03_12.03.2026_E10_Sample58.csv,../data/round01/round1_20C_d03_12.03.2026/round1_20C_d03_12.03.2026_E10_Sample58.csv
16,23,60242,39600,99842,0.6033733298611806,0.001548201114489247,154.5754956728354,154.5754956728354,16_vs_23,round1,20C,d03,12.03.2026,D8,Sample44,s15,round1_20C_d03_12.03.2026_D8_Sample44.csv,../data/round01/round1_20C_d03_12.03.2026/round1_20C_d03_12.03.2026_D8_Sample44.csv
20,23,12221,145270,157491,0.07759808496993478,0.0006741518481171446,106.17284871181721,106.17284871181721,20_vs_23,round1,20C,d03,12.03.2026,E8,Sample56,s19,round1_20C_d03_12.03.2026_E8_Sample56.csv,../data/round01/round1_20C_d03_12.03.2026/round1_20C_d03_12.03.2026_E8_Sample56.csv
16,20,63384,6691,70075,0.9045165893685337,0.0011101730406442825,77.79537582314809,77.79537582314809,16_vs_20,round1,20C,d03,12.03.2026,D5,Sample41,s14,round1_20C_d03_12.03.2026_D5_Sample41.csv,../data/round01/round1_20C_d03_12.03.2026/round1_20C_d03_12.03.2026_D5_Sample41.csv
06,32,5752,338,6090,0.9444991789819376,0.0029338766444626445,17.867308764777505,17.867308764777505,06_vs_32,round1,20C,d03,12.03.2026,B1,Sample13,s05,round1_20C_d03_12.03.2026_B1_Sample13.csv,../data/round01/round1_20C_d03_12.03.2026/round1_20C_d03_12.03.2026_B1_Sample13.csv
43,56,40655,11128,51783,0.7851032192032135,0.0018050312714224372,93.46993432806806,93.46993432806806,43_vs_56,round1,20C,d03,12.03.2026,G12,Sample84,s28,round1_20C_d03_12.03.2026_G12_Sample84.csv,../data/round01/round1_20C_d03_12.03.2026/round1_20C_d03_12.03.2026_G12_Sample84.csv
43,56,26409,12892,39301,0.6719676344113381,0.0023682673368409716,93.07527460518703,93.07527460518703,43_vs_56,round1,20C,d03,12.03.2026,G10,Sample82,s28,round1_20C_d03_12.03.2026_G10_Sample82.csv,../data/round01/round1_20C_d03_12.03.2026/round1_20C_d03_12.03.2026_G10_Sample82.csv
20,43,17655,34681,52336,0.3373394986242739,0.0020667068386846336,108.16316910939899,108.16316910939899,20_vs_43,round1,20C,d03,12.03.2026,F2,Sample62,s21,round1_20C_d03_12.03.2026_F2_Sample62.csv,../data/round01/round1_20C_d03_12.03.2026/round1_20C_d03_12.03.2026_F2_Sample62.csv
16,20,76505,8997,85502,0.8947743912423102,0.0010493717288123218,89.72338155691114,89.72338155691114,16_vs_20,round1,20C,d03,12.03.2026,D6,Sample42,s14,round1_20C_d03_12.03.2026_D6_Sample42.csv,../data/round01/round1_20C_d03_12.03.2026/round1_20C_d03_12.03.2026_D6_Sample42.csv
23,43,27106,25142,52248,0.5187949777981933,0.0021858890870962463,114.20833302260468,114.20833302260468,23_vs_43,round1,20C,d03,12.03.2026,F10,Sample70,s24,round1_20C_d03_12.03.2026_F10_Sample70.csv,../data/round01/round1_20C_d03_12.03.2026/round1_20C_d03_12.03.2026_F10_Sample70.csv
12,16,6048,45337,51385,0.1176997178164834,0.001421601062690277,73.04897060633988,73.04897060633988,12_vs_16,round1,20C,d03,12.03.2026,B11,Sample23,s08,round1_20C_d03_12.03.2026_B11_Sample23.csv,../data/round01/round1_20C_d03_12.03.2026/round1_20C_d03_12.03.2026_B11_Sample23.csv
06,23,2343,12149,14492,0.1616754071211703,0.0030581861862917724,44.319234211740365,44.319234211740365,06_vs_23,round1,20C,d03,12.03.2026,A11,Sample11,s04,round1_20C_d03_12.03.2026_A11_Sample11.csv,../data/round01/round1_20C_d03_12.03.2026/round1_20C_d03_12.03.2026_A11_Sample11.csv
06,32,7257,204,7461,0.9726578206674709,0.001887983025281149,14.086241351622652,14.086241351622652,06_vs_32,round1,20C,d03,12.03.2026,B2,Sample14,s05,round1_20C_d03_12.03.2026_B2_Sample14.csv,../data/round01/round1_20C_d03_12.03.2026/round1_20C_d03_12.03.2026_B2_Sample14.csv
16,56,35920,4523,40443,0.8881635882600203,0.0015671710944257036,63.38110057185873,63.38110057185873,16_vs_56,round1,20C,d03,12.03.2026,E5,Sample53,s18,round1_20C_d03_12.03.2026_E5_Sample53.csv,../data/round01/round1_20C_d03_12.03.2026/round1_20C_d03_12.03.2026_E5_Sample53.csv
16,23,34859,31368,66227,0.5263563199299379,0.0019402078307176852,128.49414400494013,128.49414400494013,16_vs_23,round1,20C,d03,12.03.2026,D7,Sample43,s15,round1_20C_d03_12.03.2026_D7_Sample43.csv,../data/round01/round1_20C_d03_12.03.2026/round1_20C_d03_12.03.2026_D7_Sample43.csv
12,32,2432,106659,109091,0.022293314755571038,0.00044698932854629484,48.76251284044385,48.76251284044385,12_vs_32,round1,20C,d03,12.03.2026,C7,Sample31,s11,round1_20C_d03_12.03.2026_C7_Sample31.csv,../data/round01/round1_20C_d03_12.03.2026/round1_20C_d03_12.03.2026_C7_Sample31.csv
23,56,53523,4435,57958,0.9234790710514511,0.0011041979849285579,63.997106810489356,63.997106810489356,23_vs_56,round1,20C,d03,12.03.2026,G3,Sample75,s25,round1_20C_d03_12.03.2026_G3_Sample75.csv,../data/round01/round1_20C_d03_12.03.2026/round1_20C_d03_12.03.2026_G3_Sample75.csv
20,23,6845,98170,105015,0.06518116459553397,0.0007617265911605258,79.99271797072262,79.99271797072262,20_vs_23,round1,20C,d03,12.03.2026,E9,Sample57,s19,round1_20C_d03_12.03.2026_E9_Sample57.csv,../data/round01/round1_20C_d03_12.03.2026/round1_20C_d03_12.03.2026_E9_Sample57.csv
23,32,60880,29768,90648,0.6716088606477805,0.0015598211709320475,141.39466950264824,141.39466950264824,23_vs_32,round1,20C,d03,12.03.2026,F7,Sample67,s23,round1_20C_d03_12.03.2026_F7_Sample67.csv,../data/round01/round1_20C_d03_12.03.2026/round1_20C_d03_12.03.2026_F7_Sample67.csv
16,43,58861,15143,74004,0.7953759256256419,0.0014829857828293157,109.74687987250068,109.74687987250068,16_vs_43,round1,20C,d03,12.03.2026,E3,Sample51,s17,round1_20C_d03_12.03.2026_E3_Sample51.csv,../data/round01/round1_20C_d03_12.03.2026/round1_20C_d03_12.03.2026_E3_Sample51.csv
06,43,3417,681,4098,0.8338213762811127,0.005814844619144898,23.829233249255793,23.829233249255793,06_vs_43,round1,20C,d03,12.03.2026,B6,Sample18,s06,round1_20C_d03_12.03.2026_B6_Sample18.csv,../data/round01/round1_20C_d03_12.03.2026/round1_20C_d03_12.03.2026_B6_Sample18.csv
12,16,8266,75920,84186,0.09818734706483263,0.0010255716041367312,86.33877106585486,86.33877106585486,12_vs_16,round1,20C,d03,12.03.2026,B12,Sample24,s08,round1_20C_d03_12.03.2026_B12_Sample24.csv,../data/round01/round1_20C_d03_12.03.2026/round1_20C_d03_12.03.2026_B12_Sample24.csv
12,56,54379,3421,57800,0.9408131487889273,0.000981522789907148,56.732017256633156,56.732017256633156,12_vs_56,round1,20C,d03,12.03.2026,D2,Sample38,s13,round1_20C_d03_12.03.2026_D2_Sample38.csv,../data/round01/round1_20C_d03_12.03.2026/round1_20C_d03_12.03.2026_D2_Sample38.csv
12,43,17918,23525,41443,0.43235287020727264,0.00243350814078447,100.85187787853079,100.85187787853079,12_vs_43,round1,20C,d03,12.03.2026,C11,Sample35,s12,round1_20C_d03_12.03.2026_C11_Sample35.csv,../data/round01/round1_20C_d03_12.03.2026/round1_20C_d03_12.03.2026_C11_Sample35.csv
32,56,191358,7688,199046,0.961375762386584,0.00043191652189699336,85.97125601750894,85.97125601750894,32_vs_56,round1,20C,d03,12.03.2026,G7,Sample79,s27,round1_20C_d03_12.03.2026_G7_Sample79.csv,../data/round01/round1_20C_d03_12.03.2026/round1_20C_d03_12.03.2026_G7_Sample79.csv
06,20,4114,1686,5800,0.7093103448275863,0.005962370211818928,34.58174722854978,34.58174722854978,06_vs_20,round1,20C,d03,12.03.2026,A7,Sample7,s03,round1_20C_d03_12.03.2026_A7_Sample7.csv,../data/round01/round1_20C_d03_12.03.2026/round1_20C_d03_12.03.2026_A7_Sample7.csv
16,43,85182,17538,102720,0.8292640186915888,0.0011740360515177903,120.59698321190741,120.59698321190741,16_vs_43,round1,20C,d03,12.03.2026,E2,Sample50,s17,round1_20C_d03_12.03.2026_E2_Sample50.csv,../data/round01/round1_20C_d03_12.03.2026/round1_20C_d03_12.03.2026_E2_Sample50.csv
16,20,138750,12171,150921,0.9193551593217644,0.0007008984762973577,105.78029894127353,105.78029894127353,16_vs_20,round1,20C,d03,12.03.2026,D4,Sample40,s14,round1_20C_d03_12.03.2026_D4_Sample40.csv,../data/round01/round1_20C_d03_12.03.2026/round1_20C_d03_12.03.2026_D4_Sample40.csv
06,16,2105,248,2353,0.8946026349341266,0.006330222857116355,14.895014382794784,14.895014382794784,06_vs_16,round1,20C,d03,12.03.2026,A5,Sample5,s02,round1_20C_d03_12.03.2026_A5_Sample5.csv,../data/round01/round1_20C_d03_12.03.2026/round1_20C_d03_12.03.2026_A5_Sample5.csv
20,56,8028,2898,10926,0.7347611202635914,0.004223388939297602,46.1447475507656,46.1447475507656,20_vs_56,round1,20C,d03,12.03.2026,F4,Sample64,s22,round1_20C_d03_12.03.2026_F4_Sample64.csv,../data/round01/round1_20C_d03_12.03.2026/round1_20C_d03_12.03.2026_F4_Sample64.csv
06,20,5333,2132,7465,0.7144005358338915,0.005227989105922695,39.02693867571292,39.02693867571292,06_vs_20,round1,20C,d03,12.03.2026,A8,Sample8,s03,round1_20C_d03_12.03.2026_A8_Sample8.csv,../data/round01/round1_20C_d03_12.03.2026/round1_20C_d03_12.03.2026_A8_Sample8.csv
06,56,4711,867,5578,0.8445679455001793,0.004851190576142821,27.059941033724655,27.059941033724655,06_vs_56,round1,20C,d03,12.03.2026,B9,Sample21,s07,round1_20C_d03_12.03.2026_B9_Sample21.csv,../data/round01/round1_20C_d03_12.03.2026/round1_20C_d03_12.03.2026_B9_Sample21.csv
12,56,44448,2336,46784,0.9500683994528044,0.001006969936798724,47.1100815231915,47.1100815231915,12_vs_56,round1,20C,d03,12.03.2026,D3,Sample39,s13,round1_20C_d03_12.03.2026_D3_Sample39.csv,../data/round01/round1_20C_d03_12.03.2026/round1_20C_d03_12.03.2026_D3_Sample39.csv
12,16,8851,59673,68524,0.12916642344288132,0.0012812121449684594,87.79378102181872,87.79378102181872,12_vs_16,round1,20C,d03,12.03.2026,B10,Sample22,s08,round1_20C_d03_12.03.2026_B10_Sample22.csv,../data/round01/round1_20C_d03_12.03.2026/round1_20C_d03_12.03.2026_B10_Sample22.csv
43,56,18288,7505,25793,0.7090295816694452,0.002828171018851461,72.94701508923573,72.94701508923573,43_vs_56,round1,20C,d03,12.03.2026,G11,Sample83,s28,round1_20C_d03_12.03.2026_G11_Sample83.csv,../data/round01/round1_20C_d03_12.03.2026/round1_20C_d03_12.03.2026_G11_Sample83.csv
12,43,25151,32264,57415,0.4380562570756771,0.0020706117748686254,118.88417505408212,118.88417505408212,12_vs_43,round1,20C,d03,12.03.2026,C12,Sample36,s12,round1_20C_d03_12.03.2026_C12_Sample36.csv,../data/round01/round1_20C_d03_12.03.2026/round1_20C_d03_12.03.2026_C12_Sample36.csv
20,43,11154,29584,40738,0.27379841916638026,0.0022092466810312707,90.00029129185191,90.00029129185191,20_vs_43,round1,20C,d03,12.03.2026,F1,Sample61,s21,round1_20C_d03_12.03.2026_F1_Sample61.csv,../data/round01/round1_20C_d03_12.03.2026/round1_20C_d03_12.03.2026_F1_Sample61.csv
20,56,5672,2816,8488,0.6682375117813384,0.005110652829229123,43.379221214496795,43.379221214496795,20_vs_56,round1,20C,d03,12.03.2026,F6,Sample66,s22,round1_20C_d03_12.03.2026_F6_Sample66.csv,../data/round01/round1_20C_d03_12.03.2026/round1_20C_d03_12.03.2026_F6_Sample66.csv
06,12,4440,978,5418,0.8194905869324474,0.005225193902795268,28.31010056534476,28.31010056534476,06_vs_12,round1,20C,d03,12.03.2026,A1,Sample1,s01,round1_20C_d03_12.03.2026_A1_Sample1.csv,../data/round01/round1_20C_d03_12.03.2026/round1_20C_d03_12.03.2026_A1_Sample1.csv
32,56,204224,5557,209781,0.9735104704429858,0.0003506100498587383,73.55132686941597,73.55132686941597,32_vs_56,round1,20C,d03,12.03.2026,G8,Sample80,s27,round1_20C_d03_12.03.2026_G8_Sample80.csv,../data/round01/round1_20C_d03_12.03.2026/round1_20C_d03_12.03.2026_G8_Sample80.csv
12,23,3229,34132,37361,0.08642702283129466,0.001453741381423609,54.313231751367454,54.313231751367454,12_vs_23,round1,20C,d03,12.03.2026,C6,Sample30,s10,round1_20C_d03_12.03.2026_C6_Sample30.csv,../data/round01/round1_20C_d03_12.03.2026/round1_20C_d03_12.03.2026_C6_Sample30.csv
06,12,3594,806,4400,0.8168181818181818,0.005831463243580651,25.658438271754864,25.658438271754864,06_vs_12,round1,20C,d03,12.03.2026,A2,Sample2,s01,round1_20C_d03_12.03.2026_A2_Sample2.csv,../data/round01/round1_20C_d03_12.03.2026/round1_20C_d03_12.03.2026_A2_Sample2.csv
06,20,2902,1246,4148,0.6996142719382835,0.0071178626542888835,29.52489428999029,29.52489428999029,06_vs_20,round1,20C,d03,12.03.2026,A6,Sample6,s03,round1_20C_d03_12.03.2026_A6_Sample6.csv,../data/round01/round1_20C_d03_12.03.2026/round1_20C_d03_12.03.2026_A6_Sample6.csv
06,43,5060,965,6025,0.8398340248962656,0.004725016595686315,28.468224989010046,28.468224989010046,06_vs_43,round1,20C,d03,12.03.2026,B4,Sample16,s06,round1_20C_d03_12.03.2026_B4_Sample16.csv,../data/round01/round1_20C_d03_12.03.2026/round1_20C_d03_12.03.2026_B4_Sample16.csv
06,20,3254,1459,4713,0.6904307235306599,0.006734265904031234,31.738595205699205,31.738595205699205,06_vs_20,round1,20C,d03,12.03.2026,A9,Sample9,s03,round1_20C_d03_12.03.2026_A9_Sample9.csv,../data/round01/round1_20C_d03_12.03.2026/round1_20C_d03_12.03.2026_A9_Sample9.csv
32,43,107127,33255,140382,0.7631106552122067,0.001134777743727308,159.30236921992696,159.30236921992696,32_vs_43,round1,20C,d03,12.03.2026,G5,Sample77,s26,round1_20C_d03_12.03.2026_G5_Sample77.csv,../data/round01/round1_20C_d03_12.03.2026/round1_20C_d03_12.03.2026_G5_Sample77.csv
32,43,107018,41561,148579,0.7202767551269021,0.0011644886581102436,173.01856033336188,173.01856033336188,32_vs_43,round1,20C,d03,12.03.2026,G4,Sample76,s26,round1_20C_d03_12.03.2026_G4_Sample76.csv,../data/round01/round1_20C_d03_12.03.2026/round1_20C_d03_12.03.2026_G4_Sample76.csv
06,16,3594,412,4006,0.8971542685971043,0.004799226278731092,19.225700472596756,19.225700472596756,06_vs_16,round1,20C,d03,12.03.2026,A4,Sample4,s02,round1_20C_d03_12.03.2026_A4_Sample4.csv,../data/round01/round1_20C_d03_12.03.2026/round1_20C_d03_12.03.2026_A4_Sample4.csv
16,56,56805,6317,63122,0.8999239567821045,0.0011944764567636225,75.39774290383338,75.39774290383338,16_vs_56,round1,20C,d03,12.03.2026,E6,Sample54,s18,round1_20C_d03_12.03.2026_E6_Sample54.csv,../data/round01/round1_20C_d03_12.03.2026/round1_20C_d03_12.03.2026_E6_Sample54.csv
23,56,545,134,679,0.8026509572901326,0.015273760940630382,10.37088367868803,10.37088367868803,23_vs_56,round1,20C,d03,12.03.2026,G1,Sample73,s25,round1_20C_d03_12.03.2026_G1_Sample73.csv,../data/round01/round1_20C_d03_12.03.2026/round1_20C_d03_12.03.2026_G1_Sample73.csv
12,20,40234,9400,49634,0.8106136922271024,0.0017586994106147363,87.29128654645181,87.29128654645181,12_vs_20,round1,20C,d03,12.03.2026,C1,Sample25,s09,round1_20C_d03_12.03.2026_C1_Sample25.csv,../data/round01/round1_20C_d03_12.03.2026/round1_20C_d03_12.03.2026_C1_Sample25.csv
32,56,128734,9650,138384,0.9302665047982426,0.0006846702680025557,94.74741036726566,94.74741036726566,32_vs_56,round1,20C,d03,12.03.2026,G9,Sample81,s27,round1_20C_d03_12.03.2026_G9_Sample81.csv,../data/round01/round1_20C_d03_12.03.2026/round1_20C_d03_12.03.2026_G9_Sample81.csv
06,23,34562,67204,101766,0.3396222706994477,0.0014845435338861873,151.07605726946173,151.07605726946173,06_vs_23,round1,20C,d03,12.03.2026,A12,Sample12,s04,round1_20C_d03_12.03.2026_A12_Sample12.csv,../data/round01/round1_20C_d03_12.03.2026/round1_20C_d03_12.03.2026_A12_Sample12.csv
12,23,4413,45510,49923,0.088396130040262,0.0012704844926981474,63.426397328969614,63.426397328969614,12_vs_23,round1,20C,d03,12.03.2026,C4,Sample28,s10,round1_20C_d03_12.03.2026_C4_Sample28.csv,../data/round01/round1_20C_d03_12.03.2026/round1_20C_d03_12.03.2026_C4_Sample28.csv
06,12,2959,674,3633,0.8144783925130746,0.006449177558107371,23.429862068604077,23.429862068604077,06_vs_12,round1,20C,d03,12.03.2026,A3,Sample3,s01,round1_20C_d03_12.03.2026_A3_Sample3.csv,../data/round01/round1_20C_d03_12.03.2026/round1_20C_d03_12.03.2026_A3_Sample3.csv
23,32,60664,31725,92389,0.656614964985009,0.0015621974956138182,144.32986442226505,144.32986442226505,23_vs_32,round1,20C,d03,12.03.2026,F9,Sample69,s23,round1_20C_d03_12.03.2026_F9_Sample69.csv,../data/round01/round1_20C_d03_12.03.2026/round1_20C_d03_12.03.2026_F9_Sample69.csv
20,43,13358,27623,40981,0.3259559307971987,0.0023154335072668435,94.88878056130251,94.88878056130251,20_vs_43,round1,20C,d03,12.03.2026,F3,Sample63,s21,round1_20C_d03_12.03.2026_F3_Sample63.csv,../data/round01/round1_20C_d03_12.03.2026/round1_20C_d03_12.03.2026_F3_Sample63.csv
23,56,60786,5007,65793,0.9238976790844011,0.0010337631430970982,68.01437847378739,68.01437847378739,23_vs_56,round1,20C,d03,12.03.2026,G2,Sample74,s25,round1_20C_d03_12.03.2026_G2_Sample74.csv,../data/round01/round1_20C_d03_12.03.2026/round1_20C_d03_12.03.2026_G2_Sample74.csv
16,56,77192,5315,82507,0.9355812234113469,0.0008546761535344207,70.51676539966445,70.51676539966445,16_vs_56,round1,20C,d03,12.03.2026,E4,Sample52,s18,round1_20C_d03_12.03.2026_E4_Sample52.csv,../data/round01/round1_20C_d03_12.03.2026/round1_20C_d03_12.03.2026_E4_Sample52.csv
12,32,3539,132230,135769,0.026066333257223667,0.0004324185851211675,58.70903888331579,58.70903888331579,12_vs_32,round1,20C,d03,12.03.2026,C8,Sample32,s11,round1_20C_d03_12.03.2026_C8_Sample32.csv,../data/round01/round1_20C_d03_12.03.2026/round1_20C_d03_12.03.2026_C8_Sample32.csv
12,56,39629,2504,42133,0.9405691500723898,0.0011518346631658172,48.53024986316537,48.53024986316537,12_vs_56,round1,20C,d03,12.03.2026,D1,Sample37,s13,round1_20C_d03_12.03.2026_D1_Sample37.csv,../data/round01/round1_20C_d03_12.03.2026/round1_20C_d03_12.03.2026_D1_Sample37.csv
06,56,6118,1565,7683,0.7963035272679942,0.004594789897121658,35.3017707795857,35.3017707795857,06_vs_56,round1,20C,d03,12.03.2026,B8,Sample20,s07,round1_20C_d03_12.03.2026_B8_Sample20.csv,../data/round01/round1_20C_d03_12.03.2026/round1_20C_d03_12.03.2026_B8_Sample20.csv
16,43,55221,11588,66809,0.8265503150773099,0.0014648863084363607,97.86758938032483,97.86758938032483,16_vs_43,round1,20C,d03,12.03.2026,E1,Sample49,s17,round1_20C_d03_12.03.2026_E1_Sample49.csv,../data/round01/round1_20C_d03_12.03.2026/round1_20C_d03_12.03.2026_E1_Sample49.csv
16,23,49497,37308,86805,0.5702090893381717,0.0016802477036934173,145.85390191910707,145.85390191910707,16_vs_23,round1,20C,d03,12.03.2026,D9,Sample45,s15,round1_20C_d03_12.03.2026_D9_Sample45.csv,../data/round01/round1_20C_d03_12.03.2026/round1_20C_d03_12.03.2026_D9_Sample45.csv
23,43,43997,41907,85904,0.5121647420376234,0.001705433298668515,146.5035420888201,146.5035420888201,23_vs_43,round1,20C,d03,12.03.2026,F12,Sample72,s24,round1_20C_d03_12.03.2026_F12_Sample72.csv,../data/round01/round1_20C_d03_12.03.2026/round1_20C_d03_12.03.2026_F12_Sample72.csv
12,43,22420,30737,53157,0.42176947532780257,0.0021419426987083845,113.85924803524159,113.85924803524159,12_vs_43,round1,20C,d03,12.03.2026,C10,Sample34,s12,round1_20C_d03_12.03.2026_C10_Sample34.csv,../data/round01/round1_20C_d03_12.03.2026/round1_20C_d03_12.03.2026_C10_Sample34.csv
23,32,95776,49764,145540,0.6580733818881407,0.0012434044931842513,180.96508993803593,180.96508993803593,23_vs_32,round1,20C,d03,12.03.2026,F8,Sample68,s23,round1_20C_d03_12.03.2026_F8_Sample68.csv,../data/round01/round1_20C_d03_12.03.2026/round1_20C_d03_12.03.2026_F8_Sample68.csv
12,20,57470,14356,71826,0.8001280873221396,0.001492157965455885,107.1757380268344,107.1757380268344,12_vs_20,round1,20C,d03,12.03.2026,C2,Sample26,s09,round1_20C_d03_12.03.2026_C2_Sample26.csv,../data/round01/round1_20C_d03_12.03.2026/round1_20C_d03_12.03.2026_C2_Sample26.csv
06,56,4733,1169,5902,0.8019315486275839,0.00518772206015224,30.61793559901852,30.61793559901852,06_vs_56,round1,20C,d03,12.03.2026,B7,Sample19,s07,round1_20C_d03_12.03.2026_B7_Sample19.csv,../data/round01/round1_20C_d03_12.03.2026/round1_20C_d03_12.03.2026_B7_Sample19.csv
06,23,2375,12406,14781,0.16067925038901293,0.003020591318852858,44.6473602839641,44.6473602839641,06_vs_23,round1,20C,d03,12.03.2026,A10,Sample10,s04,round1_20C_d03_12.03.2026_A10_Sample10.csv,../data/round01/round1_20C_d03_12.03.2026/round1_20C_d03_12.03.2026_A10_Sample10.csv
12,20,48034,12688,60722,0.7910477257007344,0.0016498781104860403,100.18389862493333,100.18389862493333,12_vs_20,round1,20C,d03,12.03.2026,C3,Sample27,s09,round1_20C_d03_12.03.2026_C3_Sample27.csv,../data/round01/round1_20C_d03_12.03.2026/round1_20C_d03_12.03.2026_C3_Sample27.csv
06,43,3244,636,3880,0.8360824742268042,0.005943214326031995,23.059671585004143,23.059671585004143,06_vs_43,round1,20C,d03,12.03.2026,B5,Sample17,s06,round1_20C_d03_12.03.2026_B5_Sample17.csv,../data/round01/round1_20C_d03_12.03.2026/round1_20C_d03_12.03.2026_B5_Sample17.csv
20,32,13764,156067,169831,0.08104527441986445,0.0006622201980899577,112.4655184618156,112.4655184618156,20_vs_32,round1,20C,d03,12.03.2026,E12,Sample60,s20,round1_20C_d03_12.03.2026_E12_Sample60.csv,../data/round01/round1_20C_d03_12.03.2026/round1_20C_d03_12.03.2026_E12_Sample60.csv
06,12,1252,1083,2335,0.5361884368308352,0.010320151324350367,24.097553342358108,24.097553342358108,06_vs_12,round1,10C,d02,11.03.2026,A2,Sample2,s01,round1_10C_d02_11.03.2026_A2_Sample2.csv,../data/round01/round1_10C_d02_11.03.2026/round1_10C_d02_11.03.2026_A2_Sample2.csv
23,43,223,3459,3682,0.060564910374796305,0.003930990880293115,14.47390842123925,14.47390842123925,23_vs_43,round1,10C,d02,11.03.2026,F12,Sample72,s24,round1_10C_d02_11.03.2026_F12_Sample72.csv,../data/round01/round1_10C_d02_11.03.2026/round1_10C_d02_11.03.2026_F12_Sample72.csv
12,32,462,70,532,0.868421052631579,0.01465556477607441,7.796760460871586,7.796760460871586,12_vs_32,round1,10C,d02,11.03.2026,C9,Sample33,s11,round1_10C_d02_11.03.2026_C9_Sample33.csv,../data/round01/round1_10C_d02_11.03.2026/round1_10C_d02_11.03.2026_C9_Sample33.csv
12,32,1782,130,1912,0.9320083682008368,0.0057569663913919315,11.007319740341373,11.007319740341373,12_vs_32,round1,10C,d02,11.03.2026,C7,Sample31,s11,round1_10C_d02_11.03.2026_C7_Sample31.csv,../data/round01/round1_10C_d02_11.03.2026/round1_10C_d02_11.03.2026_C7_Sample31.csv
06,23,1448,271,1719,0.8423502036067481,0.008789316657888381,15.108835334910127,15.108835334910127,06_vs_23,round1,10C,d02,11.03.2026,A10,Sample10,s04,round1_10C_d02_11.03.2026_A10_Sample10.csv,../data/round01/round1_10C_d02_11.03.2026/round1_10C_d02_11.03.2026_A10_Sample10.csv
06,43,1033,4157,5190,0.19903660886319846,0.005542288593240025,28.76447779891573,28.76447779891573,06_vs_43,round1,10C,d02,11.03.2026,B6,Sample18,s06,round1_10C_d02_11.03.2026_B6_Sample18.csv,../data/round01/round1_10C_d02_11.03.2026/round1_10C_d02_11.03.2026_B6_Sample18.csv
12,23,725,145,870,0.8333333333333334,0.012634967392981722,10.992421631894098,10.992421631894098,12_vs_23,round1,10C,d02,11.03.2026,C6,Sample30,s10,round1_10C_d02_11.03.2026_C6_Sample30.csv,../data/round01/round1_10C_d02_11.03.2026/round1_10C_d02_11.03.2026_C6_Sample30.csv
06,12,1493,989,2482,0.6015310233682514,0.009827100192042729,24.390862676650052,24.390862676650052,06_vs_12,round1,10C,d02,11.03.2026,A1,Sample1,s01,round1_10C_d02_11.03.2026_A1_Sample1.csv,../data/round01/round1_10C_d02_11.03.2026/round1_10C_d02_11.03.2026_A1_Sample1.csv
20,56,561,10151,10712,0.05237117251680359,0.002152434767881902,23.056881233550936,23.056881233550936,20_vs_56,round1,10C,d02,11.03.2026,F5,Sample65,s22,round1_10C_d02_11.03.2026_F5_Sample65.csv,../data/round01/round1_10C_d02_11.03.2026/round1_10C_d02_11.03.2026_F5_Sample65.csv
43,56,7066,14002,21068,0.335390165179419,0.0032527215626447967,68.52833788180058,68.52833788180058,43_vs_56,round1,10C,d02,11.03.2026,G11,Sample83,s28,round1_10C_d02_11.03.2026_G11_Sample83.csv,../data/round01/round1_10C_d02_11.03.2026/round1_10C_d02_11.03.2026_G11_Sample83.csv
12,56,797,3567,4364,0.18263061411549036,0.0058486226590614,25.52338928414395,25.52338928414395,12_vs_56,round1,10C,d02,11.03.2026,D3,Sample39,s13,round1_10C_d02_11.03.2026_D3_Sample39.csv,../data/round01/round1_10C_d02_11.03.2026/round1_10C_d02_11.03.2026_D3_Sample39.csv
12,16,537,4228,4765,0.11269674711437566,0.00458099981994185,21.828464142022916,21.828464142022916,12_vs_16,round1,10C,d02,11.03.2026,B12,Sample24,s08,round1_10C_d02_11.03.2026_B12_Sample24.csv,../data/round01/round1_10C_d02_11.03.2026/round1_10C_d02_11.03.2026_B12_Sample24.csv
06,56,725,11403,12128,0.05977902374670185,0.002152755874476964,26.10862324565662,26.10862324565662,06_vs_56,round1,10C,d02,11.03.2026,B9,Sample21,s07,round1_10C_d02_11.03.2026_B9_Sample21.csv,../data/round01/round1_10C_d02_11.03.2026/round1_10C_d02_11.03.2026_B9_Sample21.csv
20,23,133,45,178,0.7471910112359551,0.032576323859561974,5.798585647002032,5.798585647002032,20_vs_23,round1,10C,d02,11.03.2026,E9,Sample57,s19,round1_10C_d02_11.03.2026_E9_Sample57.csv,../data/round01/round1_10C_d02_11.03.2026/round1_10C_d02_11.03.2026_E9_Sample57.csv
23,32,347,13,360,0.9638888888888889,0.009832923545900962,3.5398524765243464,3.5398524765243464,23_vs_32,round1,10C,d02,11.03.2026,F9,Sample69,s23,round1_10C_d02_11.03.2026_F9_Sample69.csv,../data/round01/round1_10C_d02_11.03.2026/round1_10C_d02_11.03.2026_F9_Sample69.csv
06,32,1020,242,1262,0.8082408874801902,0.011082015072668849,13.985503021708087,13.985503021708087,06_vs_32,round1,10C,d02,11.03.2026,B3,Sample15,s05,round1_10C_d02_11.03.2026_B3_Sample15.csv,../data/round01/round1_10C_d02_11.03.2026/round1_10C_d02_11.03.2026_B3_Sample15.csv
32,43,170,3096,3266,0.0520514390691978,0.0038868758228143836,12.694536437311777,12.694536437311777,32_vs_43,round1,10C,d02,11.03.2026,G6,Sample78,s26,round1_10C_d02_11.03.2026_G6_Sample78.csv,../data/round01/round1_10C_d02_11.03.2026/round1_10C_d02_11.03.2026_G6_Sample78.csv
16,20,1432,28,1460,0.9808219178082191,0.0035893948964634188,5.240516548836592,5.240516548836592,16_vs_20,round1,10C,d02,11.03.2026,D4,Sample40,s14,round1_10C_d02_11.03.2026_D4_Sample40.csv,../data/round01/round1_10C_d02_11.03.2026/round1_10C_d02_11.03.2026_D4_Sample40.csv
16,32,2358,238,2596,0.9083204930662557,0.005663740499811281,14.703070337510086,14.703070337510086,16_vs_32,round1,10C,d02,11.03.2026,D11,Sample47,s16,round1_10C_d02_11.03.2026_D11_Sample47.csv,../data/round01/round1_10C_d02_11.03.2026/round1_10C_d02_11.03.2026_D11_Sample47.csv
12,16,234,2013,2247,0.1041388518024032,0.006443550069131509,14.4786570053385,14.4786570053385,12_vs_16,round1,10C,d02,11.03.2026,B11,Sample23,s08,round1_10C_d02_11.03.2026_B11_Sample23.csv,../data/round01/round1_10C_d02_11.03.2026/round1_10C_d02_11.03.2026_B11_Sample23.csv
12,43,763,747,1510,0.5052980132450331,0.01286640296284944,19.428268473902655,19.428268473902655,12_vs_43,round1,10C,d02,11.03.2026,C10,Sample34,s12,round1_10C_d02_11.03.2026_C10_Sample34.csv,../data/round01/round1_10C_d02_11.03.2026/round1_10C_d02_11.03.2026_C10_Sample34.csv
06,20,1516,147,1663,0.9116055321707757,0.006960972117747669,11.576096631814375,11.576096631814375,06_vs_20,round1,10C,d02,11.03.2026,A7,Sample7,s03,round1_10C_d02_11.03.2026_A7_Sample7.csv,../data/round01/round1_10C_d02_11.03.2026/round1_10C_d02_11.03.2026_A7_Sample7.csv
20,43,1658,2024,3682,0.45029875067897884,0.008199206811969395,30.189479481671313,30.189479481671313,20_vs_43,round1,10C,d02,11.03.2026,F2,Sample62,s21,round1_10C_d02_11.03.2026_F2_Sample62.csv,../data/round01/round1_10C_d02_11.03.2026/round1_10C_d02_11.03.2026_F2_Sample62.csv
06,16,678,1536,2214,0.3062330623306233,0.009795892938272616,21.68810696533557,21.68810696533557,06_vs_16,round1,10C,d02,11.03.2026,A5,Sample5,s02,round1_10C_d02_11.03.2026_A5_Sample5.csv,../data/round01/round1_10C_d02_11.03.2026/round1_10C_d02_11.03.2026_A5_Sample5.csv
12,23,1295,144,1439,0.8999305072967339,0.007910882597411793,11.38376005767557,11.38376005767557,12_vs_23,round1,10C,d02,11.03.2026,C4,Sample28,s10,round1_10C_d02_11.03.2026_C4_Sample28.csv,../data/round01/round1_10C_d02_11.03.2026/round1_10C_d02_11.03.2026_C4_Sample28.csv
32,56,391,10695,11086,0.035269709543568464,0.0017519288391458897,19.421883110771333,19.421883110771333,32_vs_56,round1,10C,d02,11.03.2026,G8,Sample80,s27,round1_10C_d02_11.03.2026_G8_Sample80.csv,../data/round01/round1_10C_d02_11.03.2026/round1_10C_d02_11.03.2026_G8_Sample80.csv
20,43,1338,974,2312,0.578719723183391,0.010268944118748709,23.741798802547017,23.741798802547017,20_vs_43,round1,10C,d02,11.03.2026,F1,Sample61,s21,round1_10C_d02_11.03.2026_F1_Sample61.csv,../data/round01/round1_10C_d02_11.03.2026/round1_10C_d02_11.03.2026_F1_Sample61.csv
20,32,438,110,548,0.7992700729927007,0.017110494464593645,9.376550966597318,9.376550966597318,20_vs_32,round1,10C,d02,11.03.2026,E12,Sample60,s20,round1_10C_d02_11.03.2026_E12_Sample60.csv,../data/round01/round1_10C_d02_11.03.2026/round1_10C_d02_11.03.2026_E12_Sample60.csv
06,43,516,1824,2340,0.2205128205128205,0.008570644504540228,20.055308140624135,20.055308140624135,06_vs_43,round1,10C,d02,11.03.2026,B5,Sample17,s06,round1_10C_d02_11.03.2026_B5_Sample17.csv,../data/round01/round1_10C_d02_11.03.2026/round1_10C_d02_11.03.2026_B5_Sample17.csv
16,43,817,344,1161,0.7037037037037037,0.013401145421926918,15.558729834857152,15.558729834857152,16_vs_43,round1,10C,d02,11.03.2026,E1,Sample49,s17,round1_10C_d02_11.03.2026_E1_Sample49.csv,../data/round01/round1_10C_d02_11.03.2026/round1_10C_d02_11.03.2026_E1_Sample49.csv
20,43,1663,1581,3244,0.5126387176325524,0.008775882326541926,28.468962267302008,28.468962267302008,20_vs_43,round1,10C,d02,11.03.2026,F3,Sample63,s21,round1_10C_d02_11.03.2026_F3_Sample63.csv,../data/round01/round1_10C_d02_11.03.2026/round1_10C_d02_11.03.2026_F3_Sample63.csv
06,12,1266,1119,2385,0.5308176100628931,0.01021878639321273,24.37180554781236,24.37180554781236,06_vs_12,round1,10C,d02,11.03.2026,A3,Sample3,s01,round1_10C_d02_11.03.2026_A3_Sample3.csv,../data/round01/round1_10C_d02_11.03.2026/round1_10C_d02_11.03.2026_A3_Sample3.csv
16,56,3613,5891,9504,0.3801557239057239,0.004979306393452167,47.323327963369394,47.323327963369394,16_vs_56,round1,10C,d02,11.03.2026,E4,Sample52,s18,round1_10C_d02_11.03.2026_E4_Sample52.csv,../data/round01/round1_10C_d02_11.03.2026/round1_10C_d02_11.03.2026_E4_Sample52.csv
12,20,283,316,599,0.4724540901502504,0.02039841980731125,12.21865346457944,12.21865346457944,12_vs_20,round1,10C,d02,11.03.2026,C1,Sample25,s09,round1_10C_d02_11.03.2026_C1_Sample25.csv,../data/round01/round1_10C_d02_11.03.2026/round1_10C_d02_11.03.2026_C1_Sample25.csv
16,23,3690,125,3815,0.9672346002621232,0.0028822150138530056,10.995650277849217,10.995650277849217,16_vs_23,round1,10C,d02,11.03.2026,D7,Sample43,s15,round1_10C_d02_11.03.2026_D7_Sample43.csv,../data/round01/round1_10C_d02_11.03.2026/round1_10C_d02_11.03.2026_D7_Sample43.csv
12,43,1336,969,2305,0.5796095444685466,0.010281553104601354,23.69897990610612,23.69897990610612,12_vs_43,round1,10C,d02,11.03.2026,C11,Sample35,s12,round1_10C_d02_11.03.2026_C11_Sample35.csv,../data/round01/round1_10C_d02_11.03.2026/round1_10C_d02_11.03.2026_C11_Sample35.csv
32,43,259,8203,8462,0.030607421413377453,0.0018725210404719958,15.845273044474029,15.845273044474029,32_vs_43,round1,10C,d02,11.03.2026,G4,Sample76,s26,round1_10C_d02_11.03.2026_G4_Sample76.csv,../data/round01/round1_10C_d02_11.03.2026/round1_10C_d02_11.03.2026_G4_Sample76.csv
32,56,3340,16232,19572,0.1706519517678316,0.002689096824082366,52.631003040940065,52.631003040940065,32_vs_56,round1,10C,d02,11.03.2026,G7,Sample79,s27,round1_10C_d02_11.03.2026_G7_Sample79.csv,../data/round01/round1_10C_d02_11.03.2026/round1_10C_d02_11.03.2026_G7_Sample79.csv
16,32,728,90,818,0.8899755501222494,0.010940999265277291,8.949737398996824,8.949737398996824,16_vs_32,round1,10C,d02,11.03.2026,D10,Sample46,s16,round1_10C_d02_11.03.2026_D10_Sample46.csv,../data/round01/round1_10C_d02_11.03.2026/round1_10C_d02_11.03.2026_D10_Sample46.csv
20,56,2042,35635,37677,0.054197521034052606,0.0011664114593657078,43.94688455452177,43.94688455452177,20_vs_56,round1,10C,d02,11.03.2026,F4,Sample64,s22,round1_10C_d02_11.03.2026_F4_Sample64.csv,../data/round01/round1_10C_d02_11.03.2026/round1_10C_d02_11.03.2026_F4_Sample64.csv
16,56,1228,6593,7821,0.15701316967139753,0.0041138390131110454,32.17433492154149,32.17433492154149,16_vs_56,round1,10C,d02,11.03.2026,E5,Sample53,s18,round1_10C_d02_11.03.2026_E5_Sample53.csv,../data/round01/round1_10C_d02_11.03.2026/round1_10C_d02_11.03.2026_E5_Sample53.csv
32,56,80,9193,9273,0.008627197239296884,0.0009603802800073623,8.90560633650827,8.90560633650827,32_vs_56,round1,10C,d02,11.03.2026,G9,Sample81,s27,round1_10C_d02_11.03.2026_G9_Sample81.csv,../data/round01/round1_10C_d02_11.03.2026/round1_10C_d02_11.03.2026_G9_Sample81.csv
06,56,1543,21268,22811,0.06764280391039411,0.0016627608946828483,37.92923876861045,37.92923876861045,06_vs_56,round1,10C,d02,11.03.2026,B7,Sample19,s07,round1_10C_d02_11.03.2026_B7_Sample19.csv,../data/round01/round1_10C_d02_11.03.2026/round1_10C_d02_11.03.2026_B7_Sample19.csv
12,43,2180,1943,4123,0.5287412078583555,0.007774001944060306,32.05221001536064,32.05221001536064,12_vs_43,round1,10C,d02,11.03.2026,C12,Sample36,s12,round1_10C_d02_11.03.2026_C12_Sample36.csv,../data/round01/round1_10C_d02_11.03.2026/round1_10C_d02_11.03.2026_C12_Sample36.csv
06,23,1539,296,1835,0.838692098092643,0.00858639893653513,15.756042048541962,15.756042048541962,06_vs_23,round1,10C,d02,11.03.2026,A12,Sample12,s04,round1_10C_d02_11.03.2026_A12_Sample12.csv,../data/round01/round1_10C_d02_11.03.2026/round1_10C_d02_11.03.2026_A12_Sample12.csv
16,20,1103,43,1146,0.962478184991274,0.005613646456031338,6.433238838611913,6.433238838611913,16_vs_20,round1,10C,d02,11.03.2026,D5,Sample41,s14,round1_10C_d02_11.03.2026_D5_Sample41.csv,../data/round01/round1_10C_d02_11.03.2026/round1_10C_d02_11.03.2026_D5_Sample41.csv
23,56,840,15873,16713,0.050260276431520375,0.0016900032172874415,28.24502377052501,28.24502377052501,23_vs_56,round1,10C,d02,11.03.2026,G3,Sample75,s25,round1_10C_d02_11.03.2026_G3_Sample75.csv,../data/round01/round1_10C_d02_11.03.2026/round1_10C_d02_11.03.2026_G3_Sample75.csv
12,23,586,109,695,0.8431654676258993,0.013793829390365117,9.586711426303756,9.586711426303756,12_vs_23,round1,10C,d02,11.03.2026,C5,Sample29,s10,round1_10C_d02_11.03.2026_C5_Sample29.csv,../data/round01/round1_10C_d02_11.03.2026/round1_10C_d02_11.03.2026_C5_Sample29.csv
20,32,104,25,129,0.8062015503875969,0.034801832186936506,4.489436352114809,4.489436352114809,20_vs_32,round1,10C,d02,11.03.2026,E10,Sample58,s20,round1_10C_d02_11.03.2026_E10_Sample58.csv,../data/round01/round1_10C_d02_11.03.2026/round1_10C_d02_11.03.2026_E10_Sample58.csv
06,56,886,13272,14158,0.06257946037575929,0.0020355519257741423,28.819344165110305,28.819344165110305,06_vs_56,round1,10C,d02,11.03.2026,B8,Sample20,s07,round1_10C_d02_11.03.2026_B8_Sample20.csv,../data/round01/round1_10C_d02_11.03.2026/round1_10C_d02_11.03.2026_B8_Sample20.csv
23,56,2417,6323,8740,0.27654462242562927,0.0047844582274383434,41.81616490781112,41.81616490781112,23_vs_56,round1,10C,d02,11.03.2026,G1,Sample73,s25,round1_10C_d02_11.03.2026_G1_Sample73.csv,../data/round01/round1_10C_d02_11.03.2026/round1_10C_d02_11.03.2026_G1_Sample73.csv
43,56,7471,21538,29009,0.25754076321141717,0.0025673963383047362,74.4776003778821,74.4776003778821,43_vs_56,round1,10C,d02,11.03.2026,G12,Sample84,s28,round1_10C_d02_11.03.2026_G12_Sample84.csv,../data/round01/round1_10C_d02_11.03.2026/round1_10C_d02_11.03.2026_G12_Sample84.csv
12,32,1163,205,1368,0.8501461988304093,0.009650229500824245,13.201513957127567,13.201513957127567,12_vs_32,round1,10C,d02,11.03.2026,C8,Sample32,s11,round1_10C_d02_11.03.2026_C8_Sample32.csv,../data/round01/round1_10C_d02_11.03.2026/round1_10C_d02_11.03.2026_C8_Sample32.csv
23,32,349,13,362,0.9640883977900553,0.00977960995231922,3.540218802739558,3.540218802739558,23_vs_32,round1,10C,d02,11.03.2026,F7,Sample67,s23,round1_10C_d02_11.03.2026_F7_Sample67.csv,../data/round01/round1_10C_d02_11.03.2026/round1_10C_d02_11.03.2026_F7_Sample67.csv
16,32,2392,336,2728,0.8768328445747801,0.006291927031205274,17.164376941127987,17.164376941127987,16_vs_32,round1,10C,d02,11.03.2026,D12,Sample48,s16,round1_10C_d02_11.03.2026_D12_Sample48.csv,../data/round01/round1_10C_d02_11.03.2026/round1_10C_d02_11.03.2026_D12_Sample48.csv
12,56,1641,4635,6276,0.26147227533460804,0.005546956465510275,34.81269877754249,34.81269877754249,12_vs_56,round1,10C,d02,11.03.2026,D1,Sample37,s13,round1_10C_d02_11.03.2026_D1_Sample37.csv,../data/round01/round1_10C_d02_11.03.2026/round1_10C_d02_11.03.2026_D1_Sample37.csv
06,20,1498,3247,4745,0.31570073761854583,0.006747497399487533,32.01687516056835,32.01687516056835,06_vs_20,round1,10C,d02,11.03.2026,A6,Sample6,s03,round1_10C_d02_11.03.2026_A6_Sample6.csv,../data/round01/round1_10C_d02_11.03.2026/round1_10C_d02_11.03.2026_A6_Sample6.csv
06,16,1816,3394,5210,0.34856046065259116,0.006601722364720671,34.3949735201947,34.3949735201947,06_vs_16,round1,10C,d02,11.03.2026,A4,Sample4,s02,round1_10C_d02_11.03.2026_A4_Sample4.csv,../data/round01/round1_10C_d02_11.03.2026/round1_10C_d02_11.03.2026_A4_Sample4.csv
06,32,841,174,1015,0.8285714285714286,0.011829695303011784,12.00714073255696,12.00714073255696,06_vs_32,round1,10C,d02,11.03.2026,B1,Sample13,s05,round1_10C_d02_11.03.2026_B1_Sample13.csv,../data/round01/round1_10C_d02_11.03.2026/round1_10C_d02_11.03.2026_B1_Sample13.csv
16,23,3331,131,3462,0.9621606008087811,0.003242891130264159,11.226889092974519,11.226889092974519,16_vs_23,round1,10C,d02,11.03.2026,D8,Sample44,s15,round1_10C_d02_11.03.2026_D8_Sample44.csv,../data/round01/round1_10C_d02_11.03.2026/round1_10C_d02_11.03.2026_D8_Sample44.csv
43,56,10382,27923,38305,0.27103511290954185,0.0022711109458433106,86.99490478052802,86.99490478052802,43_vs_56,round1,10C,d02,11.03.2026,G10,Sample82,s28,round1_10C_d02_11.03.2026_G10_Sample82.csv,../data/round01/round1_10C_d02_11.03.2026/round1_10C_d02_11.03.2026_G10_Sample82.csv
16,20,589,10,599,0.9833055091819699,0.005235008772868933,3.135770254948491,3.135770254948491,16_vs_20,round1,10C,d02,11.03.2026,D6,Sample42,s14,round1_10C_d02_11.03.2026_D6_Sample42.csv,../data/round01/round1_10C_d02_11.03.2026/round1_10C_d02_11.03.2026_D6_Sample42.csv
20,23,482,96,578,0.8339100346020761,0.015479872454167752,8.94736627850896,8.94736627850896,20_vs_23,round1,10C,d02,11.03.2026,E8,Sample56,s19,round1_10C_d02_11.03.2026_E8_Sample56.csv,../data/round01/round1_10C_d02_11.03.2026/round1_10C_d02_11.03.2026_E8_Sample56.csv
20,32,129,144,273,0.4725274725274725,0.030215663176975556,8.248876047314328,8.248876047314328,20_vs_32,round1,10C,d02,11.03.2026,E11,Sample59,s20,round1_10C_d02_11.03.2026_E11_Sample59.csv,../data/round01/round1_10C_d02_11.03.2026/round1_10C_d02_11.03.2026_E11_Sample59.csv
32,43,237,3145,3382,0.0700768775872265,0.004389591366396405,14.845598001152643,14.845598001152643,32_vs_43,round1,10C,d02,11.03.2026,G5,Sample77,s26,round1_10C_d02_11.03.2026_G5_Sample77.csv,../data/round01/round1_10C_d02_11.03.2026/round1_10C_d02_11.03.2026_G5_Sample77.csv
20,23,651,192,843,0.7722419928825622,0.014444407986397302,12.176635932532925,12.176635932532925,20_vs_23,round1,10C,d02,11.03.2026,E7,Sample55,s19,round1_10C_d02_11.03.2026_E7_Sample55.csv,../data/round01/round1_10C_d02_11.03.2026/round1_10C_d02_11.03.2026_E7_Sample55.csv
23,43,195,3063,3258,0.05985267034990792,0.004155891341555453,13.539893990787666,13.539893990787666,23_vs_43,round1,10C,d02,11.03.2026,F10,Sample70,s24,round1_10C_d02_11.03.2026_F10_Sample70.csv,../data/round01/round1_10C_d02_11.03.2026/round1_10C_d02_11.03.2026_F10_Sample70.csv
12,16,563,5447,6010,0.09367720465890184,0.0037585573131064753,22.588929451769918,22.588929451769918,12_vs_16,round1,10C,d02,11.03.2026,B10,Sample22,s08,round1_10C_d02_11.03.2026_B10_Sample22.csv,../data/round01/round1_10C_d02_11.03.2026/round1_10C_d02_11.03.2026_B10_Sample22.csv
16,43,2304,1149,3453,0.6672458731537794,0.008018744654282912,27.688725291238896,27.688725291238896,16_vs_43,round1,10C,d02,11.03.2026,E2,Sample50,s17,round1_10C_d02_11.03.2026_E2_Sample50.csv,../data/round01/round1_10C_d02_11.03.2026/round1_10C_d02_11.03.2026_E2_Sample50.csv
23,43,142,1767,1909,0.07438449449973808,0.006005560609863243,11.46461520422893,11.46461520422893,23_vs_43,round1,10C,d02,11.03.2026,F11,Sample71,s24,round1_10C_d02_11.03.2026_F11_Sample71.csv,../data/round01/round1_10C_d02_11.03.2026/round1_10C_d02_11.03.2026_F11_Sample71.csv
12,20,318,313,631,0.5039619651347068,0.019904060812260888,12.55946237253662,12.55946237253662,12_vs_20,round1,10C,d02,11.03.2026,C3,Sample27,s09,round1_10C_d02_11.03.2026_C3_Sample27.csv,../data/round01/round1_10C_d02_11.03.2026/round1_10C_d02_11.03.2026_C3_Sample27.csv
06,20,1335,178,1513,0.8823529411764706,0.008283087363305084,12.532311180680592,12.532311180680592,06_vs_20,round1,10C,d02,11.03.2026,A8,Sample8,s03,round1_10C_d02_11.03.2026_A8_Sample8.csv,../data/round01/round1_10C_d02_11.03.2026/round1_10C_d02_11.03.2026_A8_Sample8.csv
16,23,3577,76,3653,0.9791951820421572,0.002361520706213621,8.626635139798358,8.626635139798358,16_vs_23,round1,10C,d02,11.03.2026,D9,Sample45,s15,round1_10C_d02_11.03.2026_D9_Sample45.csv,../data/round01/round1_10C_d02_11.03.2026/round1_10C_d02_11.03.2026_D9_Sample45.csv
20,56,543,8859,9402,0.057753669432035734,0.002405813155434348,22.619455287393738,22.619455287393738,20_vs_56,round1,10C,d02,11.03.2026,F6,Sample66,s22,round1_10C_d02_11.03.2026_F6_Sample66.csv,../data/round01/round1_10C_d02_11.03.2026/round1_10C_d02_11.03.2026_F6_Sample66.csv
06,43,645,2527,3172,0.20334174022698612,0.00714632413090812,22.668140143240556,22.668140143240556,06_vs_43,round1,10C,d02,11.03.2026,B4,Sample16,s06,round1_10C_d02_11.03.2026_B4_Sample16.csv,../data/round01/round1_10C_d02_11.03.2026/round1_10C_d02_11.03.2026_B4_Sample16.csv
06,20,1035,171,1206,0.8582089552238806,0.010044938182111147,12.114195447626043,12.114195447626043,06_vs_20,round1,10C,d02,11.03.2026,A9,Sample9,s03,round1_10C_d02_11.03.2026_A9_Sample9.csv,../data/round01/round1_10C_d02_11.03.2026/round1_10C_d02_11.03.2026_A9_Sample9.csv
23,56,423,6474,6897,0.06133101348412353,0.002889124068218964,19.926288698506195,19.926288698506195,23_vs_56,round1,10C,d02,11.03.2026,G2,Sample74,s25,round1_10C_d02_11.03.2026_G2_Sample74.csv,../data/round01/round1_10C_d02_11.03.2026/round1_10C_d02_11.03.2026_G2_Sample74.csv
12,20,390,280,670,0.582089552238806,0.01905456835626644,12.766560798698515,12.766560798698515,12_vs_20,round1,10C,d02,11.03.2026,C2,Sample26,s09,round1_10C_d02_11.03.2026_C2_Sample26.csv,../data/round01/round1_10C_d02_11.03.2026/round1_10C_d02_11.03.2026_C2_Sample26.csv
06,23,841,123,964,0.8724066390041494,0.010745707201627305,10.358861742368722,10.358861742368722,06_vs_23,round1,10C,d02,11.03.2026,A11,Sample11,s04,round1_10C_d02_11.03.2026_A11_Sample11.csv,../data/round01/round1_10C_d02_11.03.2026/round1_10C_d02_11.03.2026_A11_Sample11.csv
23,32,314,65,379,0.8284960422163589,0.019362556025812792,7.338408733783048,7.338408733783048,23_vs_32,round1,10C,d02,11.03.2026,F8,Sample68,s23,round1_10C_d02_11.03.2026_F8_Sample68.csv,../data/round01/round1_10C_d02_11.03.2026/round1_10C_d02_11.03.2026_F8_Sample68.csv
12,56,2060,7806,9866,0.20879789174944252,0.0040920055772538195,40.37172702518618,40.37172702518618,12_vs_56,round1,10C,d02,11.03.2026,D2,Sample38,s13,round1_10C_d02_11.03.2026_D2_Sample38.csv,../data/round01/round1_10C_d02_11.03.2026/round1_10C_d02_11.03.2026_D2_Sample38.csv
16,43,611,294,905,0.6751381215469613,0.015567590586346058,14.088669480643182,14.088669480643182,16_vs_43,round1,10C,d02,11.03.2026,E3,Sample51,s17,round1_10C_d02_11.03.2026_E3_Sample51.csv,../data/round01/round1_10C_d02_11.03.2026/round1_10C_d02_11.03.2026_E3_Sample51.csv
06,32,1938,581,2519,0.7693529178245335,0.008393105870001973,21.14223368653497,21.14223368653497,06_vs_32,round1,10C,d02,11.03.2026,B2,Sample14,s05,round1_10C_d02_11.03.2026_B2_Sample14.csv,../data/round01/round1_10C_d02_11.03.2026/round1_10C_d02_11.03.2026_B2_Sample14.csv
16,56,2084,9022,11106,0.18764631730596074,0.0037047914438343072,41.145413775223815,41.145413775223815,16_vs_56,round1,10C,d02,11.03.2026,E6,Sample54,s18,round1_10C_d02_11.03.2026_E6_Sample54.csv,../data/round01/round1_10C_d02_11.03.2026/round1_10C_d02_11.03.2026_E6_Sample54.csv
16,23,89,4,93,0.956989247311828,0.021037812307399886,1.9565165445881894,1.9565165445881894,16_vs_23,round1,10C,d01,10.03.2026,D9,Sample45,s15,round1_10C_d01_10.03.2026_D9_Sample45.csv,../data/round01/round1_10C_d01_10.03.2026/round1_10C_d01_10.03.2026_D9_Sample45.csv
06,23,89,13,102,0.8725490196078431,0.03301919049690544,3.3679574306843545,3.3679574306843545,06_vs_23,round1,10C,d01,10.03.2026,A10,Sample10,s04,round1_10C_d01_10.03.2026_A10_Sample10.csv,../data/round01/round1_10C_d01_10.03.2026/round1_10C_d01_10.03.2026_A10_Sample10.csv
06,23,48,7,55,0.8727272727272727,0.04493922768387817,2.4716575226132993,2.4716575226132993,06_vs_23,round1,10C,d01,10.03.2026,A12,Sample12,s04,round1_10C_d01_10.03.2026_A12_Sample12.csv,../data/round01/round1_10C_d01_10.03.2026/round1_10C_d01_10.03.2026_A12_Sample12.csv
23,32,22,10,32,0.6875,0.08193819126329309,2.622022120425379,2.622022120425379,23_vs_32,round1,10C,d01,10.03.2026,F8,Sample68,s23,round1_10C_d01_10.03.2026_F8_Sample68.csv,../data/round01/round1_10C_d01_10.03.2026/round1_10C_d01_10.03.2026_F8_Sample68.csv
20,23,8,8,16,0.5,0.125,2.0,2.0,20_vs_23,round1,10C,d01,10.03.2026,E7,Sample55,s19,round1_10C_d01_10.03.2026_E7_Sample55.csv,../data/round01/round1_10C_d01_10.03.2026/round1_10C_d01_10.03.2026_E7_Sample55.csv
20,56,99,211,310,0.3193548387096774,0.026479896556078606,8.208767932384369,8.208767932384369,20_vs_56,round1,10C,d01,10.03.2026,F4,Sample64,s22,round1_10C_d01_10.03.2026_F4_Sample64.csv,../data/round01/round1_10C_d01_10.03.2026/round1_10C_d01_10.03.2026_F4_Sample64.csv
06,32,106,48,154,0.6883116883116883,0.03732436863230255,5.747952769374592,5.747952769374592,06_vs_32,round1,10C,d01,10.03.2026,B2,Sample14,s05,round1_10C_d01_10.03.2026_B2_Sample14.csv,../data/round01/round1_10C_d01_10.03.2026/round1_10C_d01_10.03.2026_B2_Sample14.csv
16,23,44,1,45,0.9777777777777777,0.021973921443246423,0.9888264649460891,0.9888264649460891,16_vs_23,round1,10C,d01,10.03.2026,D8,Sample44,s15,round1_10C_d01_10.03.2026_D8_Sample44.csv,../data/round01/round1_10C_d01_10.03.2026/round1_10C_d01_10.03.2026_D8_Sample44.csv
12,16,96,126,222,0.43243243243243246,0.03324998298536462,7.381496222750946,7.381496222750946,12_vs_16,round1,10C,d01,10.03.2026,B11,Sample23,s08,round1_10C_d01_10.03.2026_B11_Sample23.csv,../data/round01/round1_10C_d01_10.03.2026/round1_10C_d01_10.03.2026_B11_Sample23.csv
23,32,28,14,42,0.6666666666666666,0.07273929674533079,3.055050463303893,3.055050463303893,23_vs_32,round1,10C,d01,10.03.2026,F9,Sample69,s23,round1_10C_d01_10.03.2026_F9_Sample69.csv,../data/round01/round1_10C_d01_10.03.2026/round1_10C_d01_10.03.2026_F9_Sample69.csv
20,23,7,5,12,0.5833333333333334,0.14231876063832777,1.7078251276599332,1.7078251276599332,20_vs_23,round1,10C,d01,10.03.2026,E9,Sample57,s19,round1_10C_d01_10.03.2026_E9_Sample57.csv,../data/round01/round1_10C_d01_10.03.2026/round1_10C_d01_10.03.2026_E9_Sample57.csv
12,16,87,146,233,0.37339055793991416,0.03168853580093299,7.383428841617387,7.383428841617387,12_vs_16,round1,10C,d01,10.03.2026,B10,Sample22,s08,round1_10C_d01_10.03.2026_B10_Sample22.csv,../data/round01/round1_10C_d01_10.03.2026/round1_10C_d01_10.03.2026_B10_Sample22.csv
12,43,188,23,211,0.8909952606635071,0.02145453764338342,4.526907442753902,4.526907442753902,12_vs_43,round1,10C,d01,10.03.2026,C12,Sample36,s12,round1_10C_d01_10.03.2026_C12_Sample36.csv,../data/round01/round1_10C_d01_10.03.2026/round1_10C_d01_10.03.2026_C12_Sample36.csv
12,20,136,25,161,0.84472049689441,0.028543067494454552,4.595433866607183,4.595433866607183,12_vs_20,round1,10C,d01,10.03.2026,C1,Sample25,s09,round1_10C_d01_10.03.2026_C1_Sample25.csv,../data/round01/round1_10C_d01_10.03.2026/round1_10C_d01_10.03.2026_C1_Sample25.csv
32,43,68,91,159,0.4276729559748428,0.039235524807685246,6.238448444421954,6.238448444421954,32_vs_43,round1,10C,d01,10.03.2026,G6,Sample78,s26,round1_10C_d01_10.03.2026_G6_Sample78.csv,../data/round01/round1_10C_d01_10.03.2026/round1_10C_d01_10.03.2026_G6_Sample78.csv
23,43,28,15,43,0.6511627906976745,0.07268117870127568,3.1252906841548542,3.1252906841548542,23_vs_43,round1,10C,d01,10.03.2026,F12,Sample72,s24,round1_10C_d01_10.03.2026_F12_Sample72.csv,../data/round01/round1_10C_d01_10.03.2026/round1_10C_d01_10.03.2026_F12_Sample72.csv
16,43,112,9,121,0.9256198347107438,0.023853505434090972,2.8862741575250075,2.8862741575250075,16_vs_43,round1,10C,d01,10.03.2026,E3,Sample51,s17,round1_10C_d01_10.03.2026_E3_Sample51.csv,../data/round01/round1_10C_d01_10.03.2026/round1_10C_d01_10.03.2026_E3_Sample51.csv
16,43,90,4,94,0.9574468085106383,0.02081898105489708,1.9569842191603255,1.9569842191603255,16_vs_43,round1,10C,d01,10.03.2026,E2,Sample50,s17,round1_10C_d01_10.03.2026_E2_Sample50.csv,../data/round01/round1_10C_d01_10.03.2026/round1_10C_d01_10.03.2026_E2_Sample50.csv
06,43,149,117,266,0.5601503759398496,0.03043432052293656,8.095529259101125,8.095529259101125,06_vs_43,round1,10C,d01,10.03.2026,B4,Sample16,s06,round1_10C_d01_10.03.2026_B4_Sample16.csv,../data/round01/round1_10C_d01_10.03.2026/round1_10C_d01_10.03.2026_B4_Sample16.csv
12,23,93,29,122,0.7622950819672131,0.038539025353679895,4.7017610931489475,4.7017610931489475,12_vs_23,round1,10C,d01,10.03.2026,C4,Sample28,s10,round1_10C_d01_10.03.2026_C4_Sample28.csv,../data/round01/round1_10C_d01_10.03.2026/round1_10C_d01_10.03.2026_C4_Sample28.csv
20,43,67,20,87,0.7701149425287356,0.04511007199798282,3.9245762638245054,3.9245762638245054,20_vs_43,round1,10C,d01,10.03.2026,F1,Sample61,s21,round1_10C_d01_10.03.2026_F1_Sample61.csv,../data/round01/round1_10C_d01_10.03.2026/round1_10C_d01_10.03.2026_F1_Sample61.csv
23,56,117,99,216,0.5416666666666666,0.03390235767564076,7.322909257938404,7.322909257938404,23_vs_56,round1,10C,d01,10.03.2026,G2,Sample74,s25,round1_10C_d01_10.03.2026_G2_Sample74.csv,../data/round01/round1_10C_d01_10.03.2026/round1_10C_d01_10.03.2026_G2_Sample74.csv
12,32,67,43,110,0.6090909090909091,0.046524595015942326,5.117705451753656,5.117705451753656,12_vs_32,round1,10C,d01,10.03.2026,C9,Sample33,s11,round1_10C_d01_10.03.2026_C9_Sample33.csv,../data/round01/round1_10C_d01_10.03.2026/round1_10C_d01_10.03.2026_C9_Sample33.csv
06,20,46,77,123,0.37398373983739835,0.043628131278088705,5.366260147204911,5.366260147204911,06_vs_20,round1,10C,d01,10.03.2026,A8,Sample8,s03,round1_10C_d01_10.03.2026_A8_Sample8.csv,../data/round01/round1_10C_d01_10.03.2026/round1_10C_d01_10.03.2026_A8_Sample8.csv
16,56,82,134,216,0.37962962962962965,0.033020123910143084,7.132346764590906,7.132346764590906,16_vs_56,round1,10C,d01,10.03.2026,E6,Sample54,s18,round1_10C_d01_10.03.2026_E6_Sample54.csv,../data/round01/round1_10C_d01_10.03.2026/round1_10C_d01_10.03.2026_E6_Sample54.csv
06,12,77,95,172,0.4476744186046512,0.03791529984575156,6.521431573469268,6.521431573469268,06_vs_12,round1,10C,d01,10.03.2026,A1,Sample1,s01,round1_10C_d01_10.03.2026_A1_Sample1.csv,../data/round01/round1_10C_d01_10.03.2026/round1_10C_d01_10.03.2026_A1_Sample1.csv
16,56,199,240,439,0.4533029612756264,0.02375939505215965,10.430374427898087,10.430374427898087,16_vs_56,round1,10C,d01,10.03.2026,E5,Sample53,s18,round1_10C_d01_10.03.2026_E5_Sample53.csv,../data/round01/round1_10C_d01_10.03.2026/round1_10C_d01_10.03.2026_E5_Sample53.csv
20,56,53,155,208,0.2548076923076923,0.030214038720604627,6.284520053885762,6.284520053885762,20_vs_56,round1,10C,d01,10.03.2026,F6,Sample66,s22,round1_10C_d01_10.03.2026_F6_Sample66.csv,../data/round01/round1_10C_d01_10.03.2026/round1_10C_d01_10.03.2026_F6_Sample66.csv
23,56,186,207,393,0.4732824427480916,0.02518563002248997,9.897952598838557,9.897952598838557,23_vs_56,round1,10C,d01,10.03.2026,G1,Sample73,s25,round1_10C_d01_10.03.2026_G1_Sample73.csv,../data/round01/round1_10C_d01_10.03.2026/round1_10C_d01_10.03.2026_G1_Sample73.csv
16,20,40,4,44,0.9090909090909091,0.04333920860207238,1.9069251784911847,1.9069251784911847,16_vs_20,round1,10C,d01,10.03.2026,D6,Sample42,s14,round1_10C_d01_10.03.2026_D6_Sample42.csv,../data/round01/round1_10C_d01_10.03.2026/round1_10C_d01_10.03.2026_D6_Sample42.csv
23,32,15,7,22,0.6818181818181818,0.09930260198923899,2.1846572437632577,2.1846572437632577,23_vs_32,round1,10C,d01,10.03.2026,F7,Sample67,s23,round1_10C_d01_10.03.2026_F7_Sample67.csv,../data/round01/round1_10C_d01_10.03.2026/round1_10C_d01_10.03.2026_F7_Sample67.csv
16,56,147,98,245,0.6,0.03129843185743806,7.668115805072325,7.668115805072325,16_vs_56,round1,10C,d01,10.03.2026,E4,Sample52,s18,round1_10C_d01_10.03.2026_E4_Sample52.csv,../data/round01/round1_10C_d01_10.03.2026/round1_10C_d01_10.03.2026_E4_Sample52.csv
16,20,51,6,57,0.8947368421052632,0.04064886556427542,2.3169853371636986,2.3169853371636986,16_vs_20,round1,10C,d01,10.03.2026,D5,Sample41,s14,round1_10C_d01_10.03.2026_D5_Sample41.csv,../data/round01/round1_10C_d01_10.03.2026/round1_10C_d01_10.03.2026_D5_Sample41.csv
16,32,69,21,90,0.7666666666666667,0.04458311699497529,4.012480529547776,4.012480529547776,16_vs_32,round1,10C,d01,10.03.2026,D12,Sample48,s16,round1_10C_d01_10.03.2026_D12_Sample48.csv,../data/round01/round1_10C_d01_10.03.2026/round1_10C_d01_10.03.2026_D12_Sample48.csv
20,56,70,237,307,0.2280130293159609,0.02394504346976884,7.351128345219034,7.351128345219034,20_vs_56,round1,10C,d01,10.03.2026,F5,Sample65,s22,round1_10C_d01_10.03.2026_F5_Sample65.csv,../data/round01/round1_10C_d01_10.03.2026/round1_10C_d01_10.03.2026_F5_Sample65.csv
06,12,104,105,209,0.49760765550239233,0.03458532730125524,7.228333405962346,7.228333405962346,06_vs_12,round1,10C,d01,10.03.2026,A2,Sample2,s01,round1_10C_d01_10.03.2026_A2_Sample2.csv,../data/round01/round1_10C_d01_10.03.2026/round1_10C_d01_10.03.2026_A2_Sample2.csv
43,56,221,541,762,0.2900262467191601,0.016438504784341713,12.526140645668384,12.526140645668384,43_vs_56,round1,10C,d01,10.03.2026,G11,Sample83,s28,round1_10C_d01_10.03.2026_G11_Sample83.csv,../data/round01/round1_10C_d01_10.03.2026/round1_10C_d01_10.03.2026_G11_Sample83.csv
32,43,54,129,183,0.29508196721311475,0.03371437401928607,6.169730445529351,6.169730445529351,32_vs_43,round1,10C,d01,10.03.2026,G5,Sample77,s26,round1_10C_d01_10.03.2026_G5_Sample77.csv,../data/round01/round1_10C_d01_10.03.2026/round1_10C_d01_10.03.2026_G5_Sample77.csv
16,20,45,3,48,0.9375,0.034938562148434216,1.6770509831248424,1.6770509831248424,16_vs_20,round1,10C,d01,10.03.2026,D4,Sample40,s14,round1_10C_d01_10.03.2026_D4_Sample40.csv,../data/round01/round1_10C_d01_10.03.2026/round1_10C_d01_10.03.2026_D4_Sample40.csv
32,56,300,167,467,0.6423982869379015,0.02217908074883354,10.357630709705264,10.357630709705264,32_vs_56,round1,10C,d01,10.03.2026,G8,Sample80,s27,round1_10C_d01_10.03.2026_G8_Sample80.csv,../data/round01/round1_10C_d01_10.03.2026/round1_10C_d01_10.03.2026_G8_Sample80.csv
12,32,94,56,150,0.6266666666666667,0.039493084251596554,5.923962637739483,5.923962637739483,12_vs_32,round1,10C,d01,10.03.2026,C8,Sample32,s11,round1_10C_d01_10.03.2026_C8_Sample32.csv,../data/round01/round1_10C_d01_10.03.2026/round1_10C_d01_10.03.2026_C8_Sample32.csv
16,32,136,63,199,0.6834170854271356,0.03297312540329444,6.561651955255593,6.561651955255593,16_vs_32,round1,10C,d01,10.03.2026,D10,Sample46,s16,round1_10C_d01_10.03.2026_D10_Sample46.csv,../data/round01/round1_10C_d01_10.03.2026/round1_10C_d01_10.03.2026_D10_Sample46.csv
06,20,39,80,119,0.3277310924369748,0.043028564236182024,5.120399144105661,5.120399144105661,06_vs_20,round1,10C,d01,10.03.2026,A6,Sample6,s03,round1_10C_d01_10.03.2026_A6_Sample6.csv,../data/round01/round1_10C_d01_10.03.2026/round1_10C_d01_10.03.2026_A6_Sample6.csv
32,56,269,105,374,0.7192513368983957,0.02323610799211074,8.690304389049416,8.690304389049416,32_vs_56,round1,10C,d01,10.03.2026,G7,Sample79,s27,round1_10C_d01_10.03.2026_G7_Sample79.csv,../data/round01/round1_10C_d01_10.03.2026/round1_10C_d01_10.03.2026_G7_Sample79.csv
06,56,47,85,132,0.3560606060606061,0.041677100288131486,5.501377238033356,5.501377238033356,06_vs_56,round1,10C,d01,10.03.2026,B7,Sample19,s07,round1_10C_d01_10.03.2026_B7_Sample19.csv,../data/round01/round1_10C_d01_10.03.2026/round1_10C_d01_10.03.2026_B7_Sample19.csv
06,56,61,107,168,0.3630952380952381,0.037101620918880834,6.23307231437198,6.23307231437198,06_vs_56,round1,10C,d01,10.03.2026,B9,Sample21,s07,round1_10C_d01_10.03.2026_B9_Sample21.csv,../data/round01/round1_10C_d01_10.03.2026/round1_10C_d01_10.03.2026_B9_Sample21.csv
43,56,214,289,503,0.4254473161033797,0.022044681597320873,11.0884748434524,11.0884748434524,43_vs_56,round1,10C,d01,10.03.2026,G12,Sample84,s28,round1_10C_d01_10.03.2026_G12_Sample84.csv,../data/round01/round1_10C_d01_10.03.2026/round1_10C_d01_10.03.2026_G12_Sample84.csv
06,12,71,101,172,0.4127906976744186,0.03754025262796491,6.456923452009965,6.456923452009965,06_vs_12,round1,10C,d01,10.03.2026,A3,Sample3,s01,round1_10C_d01_10.03.2026_A3_Sample3.csv,../data/round01/round1_10C_d01_10.03.2026/round1_10C_d01_10.03.2026_A3_Sample3.csv
06,32,137,43,180,0.7611111111111111,0.03178233153938775,5.7208196770897946,5.7208196770897946,06_vs_32,round1,10C,d01,10.03.2026,B1,Sample13,s05,round1_10C_d01_10.03.2026_B1_Sample13.csv,../data/round01/round1_10C_d01_10.03.2026/round1_10C_d01_10.03.2026_B1_Sample13.csv
23,43,74,151,225,0.3288888888888889,0.031320634849130016,7.047142841054254,7.047142841054254,23_vs_43,round1,10C,d01,10.03.2026,F10,Sample70,s24,round1_10C_d01_10.03.2026_F10_Sample70.csv,../data/round01/round1_10C_d01_10.03.2026/round1_10C_d01_10.03.2026_F10_Sample70.csv
16,23,34,2,36,0.9444444444444444,0.038176903940904276,1.374368541872554,1.374368541872554,16_vs_23,round1,10C,d01,10.03.2026,D7,Sample43,s15,round1_10C_d01_10.03.2026_D7_Sample43.csv,../data/round01/round1_10C_d01_10.03.2026/round1_10C_d01_10.03.2026_D7_Sample43.csv
06,20,12,25,37,0.32432432432432434,0.07695875641236478,2.847473987257497,2.847473987257497,06_vs_20,round1,10C,d01,10.03.2026,A7,Sample7,s03,round1_10C_d01_10.03.2026_A7_Sample7.csv,../data/round01/round1_10C_d01_10.03.2026/round1_10C_d01_10.03.2026_A7_Sample7.csv
32,56,183,271,454,0.40308370044052866,0.023021118004657348,10.451587574114436,10.451587574114436,32_vs_56,round1,10C,d01,10.03.2026,G9,Sample81,s27,round1_10C_d01_10.03.2026_G9_Sample81.csv,../data/round01/round1_10C_d01_10.03.2026/round1_10C_d01_10.03.2026_G9_Sample81.csv
20,32,8,16,24,0.3333333333333333,0.09622504486493763,2.309401076758503,2.309401076758503,20_vs_32,round1,10C,d01,10.03.2026,E12,Sample60,s20,round1_10C_d01_10.03.2026_E12_Sample60.csv,../data/round01/round1_10C_d01_10.03.2026/round1_10C_d01_10.03.2026_E12_Sample60.csv
23,56,92,89,181,0.5082872928176796,0.0371596020753241,6.725887975633662,6.725887975633662,23_vs_56,round1,10C,d01,10.03.2026,G3,Sample75,s25,round1_10C_d01_10.03.2026_G3_Sample75.csv,../data/round01/round1_10C_d01_10.03.2026/round1_10C_d01_10.03.2026_G3_Sample75.csv
06,16,78,69,147,0.5306122448979592,0.041161940883473996,6.050805309870677,6.050805309870677,06_vs_16,round1,10C,d01,10.03.2026,A5,Sample5,s02,round1_10C_d01_10.03.2026_A5_Sample5.csv,../data/round01/round1_10C_d01_10.03.2026/round1_10C_d01_10.03.2026_A5_Sample5.csv
20,43,93,4,97,0.9587628865979382,0.020188956325901238,1.95832876361242,1.95832876361242,20_vs_43,round1,10C,d01,10.03.2026,F2,Sample62,s21,round1_10C_d01_10.03.2026_F2_Sample62.csv,../data/round01/round1_10C_d01_10.03.2026/round1_10C_d01_10.03.2026_F2_Sample62.csv
12,32,77,36,113,0.6814159292035398,0.04383075461173093,4.9528752711255954,4.9528752711255954,12_vs_32,round1,10C,d01,10.03.2026,C7,Sample31,s11,round1_10C_d01_10.03.2026_C7_Sample31.csv,../data/round01/round1_10C_d01_10.03.2026/round1_10C_d01_10.03.2026_C7_Sample31.csv
06,20,28,50,78,0.358974358974359,0.05431529139335406,4.236592728681616,4.236592728681616,06_vs_20,round1,10C,d01,10.03.2026,A9,Sample9,s03,round1_10C_d01_10.03.2026_A9_Sample9.csv,../data/round01/round1_10C_d01_10.03.2026/round1_10C_d01_10.03.2026_A9_Sample9.csv
12,43,220,33,253,0.8695652173913043,0.021173250154681477,5.356832289134414,5.356832289134414,12_vs_43,round1,10C,d01,10.03.2026,C10,Sample34,s12,round1_10C_d01_10.03.2026_C10_Sample34.csv,../data/round01/round1_10C_d01_10.03.2026/round1_10C_d01_10.03.2026_C10_Sample34.csv
12,23,81,25,106,0.7641509433962265,0.041233833779317816,4.370786380607688,4.370786380607688,12_vs_23,round1,10C,d01,10.03.2026,C5,Sample29,s10,round1_10C_d01_10.03.2026_C5_Sample29.csv,../data/round01/round1_10C_d01_10.03.2026/round1_10C_d01_10.03.2026_C5_Sample29.csv
16,43,98,14,112,0.875,0.03125,3.5,3.5,16_vs_43,round1,10C,d01,10.03.2026,E1,Sample49,s17,round1_10C_d01_10.03.2026_E1_Sample49.csv,../data/round01/round1_10C_d01_10.03.2026/round1_10C_d01_10.03.2026_E1_Sample49.csv
20,23,10,2,12,0.8333333333333334,0.1075828707279838,1.2909944487358056,1.2909944487358056,20_vs_23,round1,10C,d01,10.03.2026,E8,Sample56,s19,round1_10C_d01_10.03.2026_E8_Sample56.csv,../data/round01/round1_10C_d01_10.03.2026/round1_10C_d01_10.03.2026_E8_Sample56.csv
32,43,46,83,129,0.35658914728682173,0.042172893249015554,5.440303229123007,5.440303229123007,32_vs_43,round1,10C,d01,10.03.2026,G4,Sample76,s26,round1_10C_d01_10.03.2026_G4_Sample76.csv,../data/round01/round1_10C_d01_10.03.2026/round1_10C_d01_10.03.2026_G4_Sample76.csv
20,43,66,3,69,0.9565217391304348,0.024550421851012163,1.6939791077198392,1.6939791077198392,20_vs_43,round1,10C,d01,10.03.2026,F3,Sample63,s21,round1_10C_d01_10.03.2026_F3_Sample63.csv,../data/round01/round1_10C_d01_10.03.2026/round1_10C_d01_10.03.2026_F3_Sample63.csv
06,23,70,7,77,0.9090909090909091,0.032761362279838516,2.522624895547566,2.522624895547566,06_vs_23,round1,10C,d01,10.03.2026,A11,Sample11,s04,round1_10C_d01_10.03.2026_A11_Sample11.csv,../data/round01/round1_10C_d01_10.03.2026/round1_10C_d01_10.03.2026_A11_Sample11.csv
06,56,68,169,237,0.2869198312236287,0.029381589694423404,6.9634367575783465,6.9634367575783465,06_vs_56,round1,10C,d01,10.03.2026,B8,Sample20,s07,round1_10C_d01_10.03.2026_B8_Sample20.csv,../data/round01/round1_10C_d01_10.03.2026/round1_10C_d01_10.03.2026_B8_Sample20.csv
12,56,103,97,200,0.515,0.03533942557541082,7.067885115082164,7.067885115082164,12_vs_56,round1,10C,d01,10.03.2026,D2,Sample38,s13,round1_10C_d01_10.03.2026_D2_Sample38.csv,../data/round01/round1_10C_d01_10.03.2026/round1_10C_d01_10.03.2026_D2_Sample38.csv
20,32,6,27,33,0.18181818181818182,0.06714081326145421,2.215646837627989,2.215646837627989,20_vs_32,round1,10C,d01,10.03.2026,E10,Sample58,s20,round1_10C_d01_10.03.2026_E10_Sample58.csv,../data/round01/round1_10C_d01_10.03.2026/round1_10C_d01_10.03.2026_E10_Sample58.csv
12,23,81,14,95,0.8526315789473684,0.0363681424397328,3.4549735317746157,3.4549735317746157,12_vs_23,round1,10C,d01,10.03.2026,C6,Sample30,s10,round1_10C_d01_10.03.2026_C6_Sample30.csv,../data/round01/round1_10C_d01_10.03.2026/round1_10C_d01_10.03.2026_C6_Sample30.csv
06,16,35,32,67,0.5223880597014925,0.06102345704883558,4.088571622271984,4.088571622271984,06_vs_16,round1,10C,d01,10.03.2026,A4,Sample4,s02,round1_10C_d01_10.03.2026_A4_Sample4.csv,../data/round01/round1_10C_d01_10.03.2026/round1_10C_d01_10.03.2026_A4_Sample4.csv
12,56,72,49,121,0.5950413223140496,0.044625822403959424,5.39972451087909,5.39972451087909,12_vs_56,round1,10C,d01,10.03.2026,D1,Sample37,s13,round1_10C_d01_10.03.2026_D1_Sample37.csv,../data/round01/round1_10C_d01_10.03.2026/round1_10C_d01_10.03.2026_D1_Sample37.csv
06,43,183,110,293,0.6245733788395904,0.02828918637602299,8.288731608174736,8.288731608174736,06_vs_43,round1,10C,d01,10.03.2026,B5,Sample17,s06,round1_10C_d01_10.03.2026_B5_Sample17.csv,../data/round01/round1_10C_d01_10.03.2026/round1_10C_d01_10.03.2026_B5_Sample17.csv
06,43,108,47,155,0.6967741935483871,0.03692013322184243,5.7226206493855765,5.7226206493855765,06_vs_43,round1,10C,d01,10.03.2026,B6,Sample18,s06,round1_10C_d01_10.03.2026_B6_Sample18.csv,../data/round01/round1_10C_d01_10.03.2026/round1_10C_d01_10.03.2026_B6_Sample18.csv
12,16,56,74,130,0.4307692307692308,0.04343050156387931,5.64596520330431,5.64596520330431,12_vs_16,round1,10C,d01,10.03.2026,B12,Sample24,s08,round1_10C_d01_10.03.2026_B12_Sample24.csv,../data/round01/round1_10C_d01_10.03.2026/round1_10C_d01_10.03.2026_B12_Sample24.csv
12,43,266,34,300,0.8866666666666667,0.01830199341500709,5.490598024502127,5.490598024502127,12_vs_43,round1,10C,d01,10.03.2026,C11,Sample35,s12,round1_10C_d01_10.03.2026_C11_Sample35.csv,../data/round01/round1_10C_d01_10.03.2026/round1_10C_d01_10.03.2026_C11_Sample35.csv
43,56,195,596,791,0.24652338811630847,0.015324125861230302,12.121383556233168,12.121383556233168,43_vs_56,round1,10C,d01,10.03.2026,G10,Sample82,s28,round1_10C_d01_10.03.2026_G10_Sample82.csv,../data/round01/round1_10C_d01_10.03.2026/round1_10C_d01_10.03.2026_G10_Sample82.csv
12,20,126,22,148,0.8513513513513513,0.029241795789077835,4.32778577678352,4.32778577678352,12_vs_20,round1,10C,d01,10.03.2026,C2,Sample26,s09,round1_10C_d01_10.03.2026_C2_Sample26.csv,../data/round01/round1_10C_d01_10.03.2026/round1_10C_d01_10.03.2026_C2_Sample26.csv
06,32,183,75,258,0.7093023255813954,0.02827005266940767,7.293673588707178,7.293673588707178,06_vs_32,round1,10C,d01,10.03.2026,B3,Sample15,s05,round1_10C_d01_10.03.2026_B3_Sample15.csv,../data/round01/round1_10C_d01_10.03.2026/round1_10C_d01_10.03.2026_B3_Sample15.csv
20,32,11,33,44,0.25,0.06527912098338669,2.8722813232690143,2.8722813232690143,20_vs_32,round1,10C,d01,10.03.2026,E11,Sample59,s20,round1_10C_d01_10.03.2026_E11_Sample59.csv,../data/round01/round1_10C_d01_10.03.2026/round1_10C_d01_10.03.2026_E11_Sample59.csv
23,43,78,52,130,0.6,0.04296689244236597,5.585696017507576,5.585696017507576,23_vs_43,round1,10C,d01,10.03.2026,F11,Sample71,s24,round1_10C_d01_10.03.2026_F11_Sample71.csv,../data/round01/round1_10C_d01_10.03.2026/round1_10C_d01_10.03.2026_F11_Sample71.csv
12,56,63,62,125,0.504,0.04471992844359213,5.5899910554490155,5.5899910554490155,12_vs_56,round1,10C,d01,10.03.2026,D3,Sample39,s13,round1_10C_d01_10.03.2026_D3_Sample39.csv,../data/round01/round1_10C_d01_10.03.2026/round1_10C_d01_10.03.2026_D3_Sample39.csv
16,32,111,62,173,0.6416184971098265,0.03645760870944905,6.307166306734686,6.307166306734686,16_vs_32,round1,10C,d01,10.03.2026,D11,Sample47,s16,round1_10C_d01_10.03.2026_D11_Sample47.csv,../data/round01/round1_10C_d01_10.03.2026/round1_10C_d01_10.03.2026_D11_Sample47.csv
12,20,90,23,113,0.7964601769911505,0.03787629649153715,4.280021503543698,4.280021503543698,12_vs_20,round1,10C,d01,10.03.2026,C3,Sample27,s09,round1_10C_d01_10.03.2026_C3_Sample27.csv,../data/round01/round1_10C_d01_10.03.2026/round1_10C_d01_10.03.2026_C3_Sample27.csv
12,23,241340,783136,1024476,0.23557408860724896,0.00041925723443008334,429.51897449999404,429.51897449999404,12_vs_23,round1,10C,d07,16.03.2026,C5,Sample29,s10,round1_10C_d07_16.03.2026_C5_Sample29.csv,../data/round01/round1_10C_d07_16.03.2026/round1_10C_d07_16.03.2026_C5_Sample29.csv
43,56,593212,860338,1453550,0.408112552027794,0.0004076566708282705,592.5493538824326,592.5493538824326,43_vs_56,round1,10C,d07,16.03.2026,G11,Sample83,s28,round1_10C_d07_16.03.2026_G11_Sample83.csv,../data/round01/round1_10C_d07_16.03.2026/round1_10C_d07_16.03.2026_G11_Sample83.csv
20,56,143113,1433758,1576871,0.09075758257967836,0.00022876165015066178,360.7276120347242,360.7276120347242,20_vs_56,round1,10C,d07,16.03.2026,F4,Sample64,s22,round1_10C_d07_16.03.2026_F4_Sample64.csv,../data/round01/round1_10C_d07_16.03.2026/round1_10C_d07_16.03.2026_F4_Sample64.csv
06,16,11889,304339,316228,0.03759629128350431,0.0003382602660762865,106.96736742077192,106.96736742077192,06_vs_16,round1,10C,d07,16.03.2026,A4,Sample4,s02,round1_10C_d07_16.03.2026_A4_Sample4.csv,../data/round01/round1_10C_d07_16.03.2026/round1_10C_d07_16.03.2026_A4_Sample4.csv
43,56,3780,20835,24615,0.15356489945155394,0.0022979622614099724,56.564341064606474,56.564341064606474,43_vs_56,round1,10C,d07,16.03.2026,G10,Sample82,s28,round1_10C_d07_16.03.2026_G10_Sample82.csv,../data/round01/round1_10C_d07_16.03.2026/round1_10C_d07_16.03.2026_G10_Sample82.csv
32,56,233652,1326243,1559895,0.1497870048945602,0.00028572829833089353,445.70614392486914,445.70614392486914,32_vs_56,round1,10C,d07,16.03.2026,G7,Sample79,s27,round1_10C_d07_16.03.2026_G7_Sample79.csv,../data/round01/round1_10C_d07_16.03.2026/round1_10C_d07_16.03.2026_G7_Sample79.csv
06,23,17291,73186,90477,0.19110934270588106,0.0013071239527304287,118.264653871191,118.264653871191,06_vs_23,round1,10C,d07,16.03.2026,A11,Sample11,s04,round1_10C_d07_16.03.2026_A11_Sample11.csv,../data/round01/round1_10C_d07_16.03.2026/round1_10C_d07_16.03.2026_A11_Sample11.csv
20,43,228618,633433,862051,0.2652024068181581,0.00047545138094179774,409.8633383922577,409.8633383922577,20_vs_43,round1,10C,d07,16.03.2026,F2,Sample62,s21,round1_10C_d07_16.03.2026_F2_Sample62.csv,../data/round01/round1_10C_d07_16.03.2026/round1_10C_d07_16.03.2026_F2_Sample62.csv
06,32,389200,598306,987506,0.39412418759987283,0.000491743332741562,485.5994915422889,485.5994915422889,06_vs_32,round1,10C,d07,16.03.2026,B3,Sample15,s05,round1_10C_d07_16.03.2026_B3_Sample15.csv,../data/round01/round1_10C_d07_16.03.2026/round1_10C_d07_16.03.2026_B3_Sample15.csv
12,16,42018,60572,102590,0.40957208304903014,0.001535310077215422,157.50746082153015,157.50746082153015,12_vs_16,round1,10C,d07,16.03.2026,B11,Sample23,s08,round1_10C_d07_16.03.2026_B11_Sample23.csv,../data/round01/round1_10C_d07_16.03.2026/round1_10C_d07_16.03.2026_B11_Sample23.csv
12,43,561210,284661,845871,0.6634699617317534,0.0005137720593119201,434.58488558223314,434.58488558223314,12_vs_43,round1,10C,d07,16.03.2026,C10,Sample34,s12,round1_10C_d07_16.03.2026_C10_Sample34.csv,../data/round01/round1_10C_d07_16.03.2026/round1_10C_d07_16.03.2026_C10_Sample34.csv
23,43,91866,15559,107425,0.8551640679543868,0.0010737673649597094,115.34945918079679,115.34945918079679,23_vs_43,round1,10C,d07,16.03.2026,F10,Sample70,s24,round1_10C_d07_16.03.2026_F10_Sample70.csv,../data/round01/round1_10C_d07_16.03.2026/round1_10C_d07_16.03.2026_F10_Sample70.csv
23,56,459827,1056877,1516704,0.30317517458910903,0.00037321424302713457,566.0555352562271,566.0555352562271,23_vs_56,round1,10C,d07,16.03.2026,G2,Sample74,s25,round1_10C_d07_16.03.2026_G2_Sample74.csv,../data/round01/round1_10C_d07_16.03.2026/round1_10C_d07_16.03.2026_G2_Sample74.csv
20,32,219719,1080310,1300029,0.16901084514268527,0.0003286839098897936,427.2986146901185,427.2986146901185,20_vs_32,round1,10C,d07,16.03.2026,E12,Sample60,s20,round1_10C_d07_16.03.2026_E12_Sample60.csv,../data/round01/round1_10C_d07_16.03.2026/round1_10C_d07_16.03.2026_E12_Sample60.csv
16,43,710533,316267,1026800,0.6919877288663809,0.00045560688256662807,467.8171470194137,467.8171470194137,16_vs_43,round1,10C,d07,16.03.2026,E1,Sample49,s17,round1_10C_d07_16.03.2026_E1_Sample49.csv,../data/round01/round1_10C_d07_16.03.2026/round1_10C_d07_16.03.2026_E1_Sample49.csv
12,56,699755,908999,1608754,0.43496706146495984,0.00039085911854511607,628.7961703959296,628.7961703959296,12_vs_56,round1,10C,d07,16.03.2026,D2,Sample38,s13,round1_10C_d07_16.03.2026_D2_Sample38.csv,../data/round01/round1_10C_d07_16.03.2026/round1_10C_d07_16.03.2026_D2_Sample38.csv
32,56,122278,286017,408295,0.2994844413965393,0.0007168181521731875,292.6732674415516,292.6732674415516,32_vs_56,round1,10C,d07,16.03.2026,G8,Sample80,s27,round1_10C_d07_16.03.2026_G8_Sample80.csv,../data/round01/round1_10C_d07_16.03.2026/round1_10C_d07_16.03.2026_G8_Sample80.csv
16,23,811468,50015,861483,0.9419431375894823,0.00025195081530024683,217.05134421730253,217.05134421730253,16_vs_23,round1,10C,d07,16.03.2026,D8,Sample44,s15,round1_10C_d07_16.03.2026_D8_Sample44.csv,../data/round01/round1_10C_d07_16.03.2026/round1_10C_d07_16.03.2026_D8_Sample44.csv
06,43,269114,144159,413273,0.6511773089459025,0.0007413673864042077,306.38712388142613,306.38712388142613,06_vs_43,round1,10C,d07,16.03.2026,B4,Sample16,s06,round1_10C_d07_16.03.2026_B4_Sample16.csv,../data/round01/round1_10C_d07_16.03.2026/round1_10C_d07_16.03.2026_B4_Sample16.csv
12,23,86607,234310,320917,0.2698735186979811,0.000783579064560532,251.46384266157224,251.46384266157224,12_vs_23,round1,10C,d07,16.03.2026,C6,Sample30,s10,round1_10C_d07_16.03.2026_C6_Sample30.csv,../data/round01/round1_10C_d07_16.03.2026/round1_10C_d07_16.03.2026_C6_Sample30.csv
12,56,899192,735017,1634209,0.5502307232428655,0.0003891468436139396,635.9472741554927,635.9472741554927,12_vs_56,round1,10C,d07,16.03.2026,D1,Sample37,s13,round1_10C_d07_16.03.2026_D1_Sample37.csv,../data/round01/round1_10C_d07_16.03.2026/round1_10C_d07_16.03.2026_D1_Sample37.csv
06,43,5219,4344,9563,0.5457492418697062,0.005091518464138441,48.69019107255591,48.69019107255591,06_vs_43,round1,10C,d07,16.03.2026,B6,Sample18,s06,round1_10C_d07_16.03.2026_B6_Sample18.csv,../data/round01/round1_10C_d07_16.03.2026/round1_10C_d07_16.03.2026_B6_Sample18.csv
23,32,1121755,234695,1356450,0.8269785100814626,0.00032478445963579074,440.55388027296834,440.55388027296834,23_vs_32,round1,10C,d07,16.03.2026,F9,Sample69,s23,round1_10C_d07_16.03.2026_F9_Sample69.csv,../data/round01/round1_10C_d07_16.03.2026/round1_10C_d07_16.03.2026_F9_Sample69.csv
06,56,542041,1119886,1661927,0.3261521113743263,0.00036365123042559754,604.361798427522,604.361798427522,06_vs_56,round1,10C,d07,16.03.2026,B7,Sample19,s07,round1_10C_d07_16.03.2026_B7_Sample19.csv,../data/round01/round1_10C_d07_16.03.2026/round1_10C_d07_16.03.2026_B7_Sample19.csv
16,32,795720,95042,890762,0.8933025881211817,0.0003271111876041155,291.3782156926171,291.3782156926171,16_vs_32,round1,10C,d07,16.03.2026,D10,Sample46,s16,round1_10C_d07_16.03.2026_D10_Sample46.csv,../data/round01/round1_10C_d07_16.03.2026/round1_10C_d07_16.03.2026_D10_Sample46.csv
20,43,247491,758815,1006306,0.24594010171856273,0.00042929177298273315,431.99888690316226,431.99888690316226,20_vs_43,round1,10C,d07,16.03.2026,F1,Sample61,s21,round1_10C_d07_16.03.2026_F1_Sample61.csv,../data/round01/round1_10C_d07_16.03.2026/round1_10C_d07_16.03.2026_F1_Sample61.csv
06,32,404014,534021,938035,0.430702479118583,0.0005112682345317133,479.58749837895573,479.58749837895573,06_vs_32,round1,10C,d07,16.03.2026,B1,Sample13,s05,round1_10C_d07_16.03.2026_B1_Sample13.csv,../data/round01/round1_10C_d07_16.03.2026/round1_10C_d07_16.03.2026_B1_Sample13.csv
06,32,556687,787388,1344075,0.41417852426389895,0.00042487842726926343,571.0684721319352,571.0684721319352,06_vs_32,round1,10C,d07,16.03.2026,B2,Sample14,s05,round1_10C_d07_16.03.2026_B2_Sample14.csv,../data/round01/round1_10C_d07_16.03.2026/round1_10C_d07_16.03.2026_B2_Sample14.csv
20,32,274325,1142482,1416807,0.1936219965034052,0.000331964265477708,470.329295078675,470.329295078675,20_vs_32,round1,10C,d07,16.03.2026,E11,Sample59,s20,round1_10C_d07_16.03.2026_E11_Sample59.csv,../data/round01/round1_10C_d07_16.03.2026/round1_10C_d07_16.03.2026_E11_Sample59.csv
12,23,356905,964379,1321284,0.270119822838996,0.000386283292542055,510.3899339031366,510.3899339031366,12_vs_23,round1,10C,d07,16.03.2026,C4,Sample28,s10,round1_10C_d07_16.03.2026_C4_Sample28.csv,../data/round01/round1_10C_d07_16.03.2026/round1_10C_d07_16.03.2026_C4_Sample28.csv
06,43,73061,62397,135458,0.539362754506932,0.001354308712279964,183.45194954801937,183.45194954801937,06_vs_43,round1,10C,d07,16.03.2026,B5,Sample17,s06,round1_10C_d07_16.03.2026_B5_Sample17.csv,../data/round01/round1_10C_d07_16.03.2026/round1_10C_d07_16.03.2026_B5_Sample17.csv
16,56,60895,88110,149005,0.4086775611556659,0.0012735094011625198,189.75926832022125,189.75926832022125,16_vs_56,round1,10C,d07,16.03.2026,E6,Sample54,s18,round1_10C_d07_16.03.2026_E6_Sample54.csv,../data/round01/round1_10C_d07_16.03.2026/round1_10C_d07_16.03.2026_E6_Sample54.csv
06,12,232685,91129,323814,0.7185760961539649,0.0007902582964024273,255.8966999912556,255.8966999912556,06_vs_12,round1,10C,d07,16.03.2026,A3,Sample3,s01,round1_10C_d07_16.03.2026_A3_Sample3.csv,../data/round01/round1_10C_d07_16.03.2026/round1_10C_d07_16.03.2026_A3_Sample3.csv
23,56,395044,1218664,1613708,0.24480513203132165,0.0003384755463918907,546.2006970169651,546.2006970169651,23_vs_56,round1,10C,d07,16.03.2026,G1,Sample73,s25,round1_10C_d07_16.03.2026_G1_Sample73.csv,../data/round01/round1_10C_d07_16.03.2026/round1_10C_d07_16.03.2026_G1_Sample73.csv
20,56,37206,368251,405457,0.09176312161338934,0.000453378847627334,183.82562742243596,183.82562742243596,20_vs_56,round1,10C,d07,16.03.2026,F6,Sample66,s22,round1_10C_d07_16.03.2026_F6_Sample66.csv,../data/round01/round1_10C_d07_16.03.2026/round1_10C_d07_16.03.2026_F6_Sample66.csv
12,56,839975,785099,1625074,0.5168841541985165,0.00039199965009505637,637.0284393785737,637.0284393785737,12_vs_56,round1,10C,d07,16.03.2026,D3,Sample39,s13,round1_10C_d07_16.03.2026_D3_Sample39.csv,../data/round01/round1_10C_d07_16.03.2026/round1_10C_d07_16.03.2026_D3_Sample39.csv
16,43,1035934,269595,1305529,0.7934975017789724,0.00035427636109385734,462.51806342250245,462.51806342250245,16_vs_43,round1,10C,d07,16.03.2026,E2,Sample50,s17,round1_10C_d07_16.03.2026_E2_Sample50.csv,../data/round01/round1_10C_d07_16.03.2026/round1_10C_d07_16.03.2026_E2_Sample50.csv
12,20,1346331,65653,1411984,0.9535030141984612,0.00017719789056576106,250.20058631260557,250.20058631260557,12_vs_20,round1,10C,d07,16.03.2026,C1,Sample25,s09,round1_10C_d07_16.03.2026_C1_Sample25.csv,../data/round01/round1_10C_d07_16.03.2026/round1_10C_d07_16.03.2026_C1_Sample25.csv
06,20,1192,1443,2635,0.4523719165085389,0.0096961731855993,25.54941634405416,25.54941634405416,06_vs_20,round1,10C,d07,16.03.2026,A7,Sample7,s03,round1_10C_d07_16.03.2026_A7_Sample7.csv,../data/round01/round1_10C_d07_16.03.2026/round1_10C_d07_16.03.2026_A7_Sample7.csv
06,23,19717,79495,99212,0.19873603999516187,0.0012669049066909887,125.69216960262636,125.69216960262636,06_vs_23,round1,10C,d07,16.03.2026,A12,Sample12,s04,round1_10C_d07_16.03.2026_A12_Sample12.csv,../data/round01/round1_10C_d07_16.03.2026/round1_10C_d07_16.03.2026_A12_Sample12.csv
20,23,294784,1173844,1468628,0.20072067262778592,0.0003305136803053915,485.4016452795465,485.4016452795465,20_vs_23,round1,10C,d07,16.03.2026,E9,Sample57,s19,round1_10C_d07_16.03.2026_E9_Sample57.csv,../data/round01/round1_10C_d07_16.03.2026/round1_10C_d07_16.03.2026_E9_Sample57.csv
12,16,40018,140850,180868,0.22125528009377005,0.0009760307742576641,176.5327340784352,176.5327340784352,12_vs_16,round1,10C,d07,16.03.2026,B12,Sample24,s08,round1_10C_d07_16.03.2026_B12_Sample24.csv,../data/round01/round1_10C_d07_16.03.2026/round1_10C_d07_16.03.2026_B12_Sample24.csv
32,43,339750,650817,990567,0.3429853810999155,0.0004769615757475541,472.4623972035274,472.4623972035274,32_vs_43,round1,10C,d07,16.03.2026,G5,Sample77,s26,round1_10C_d07_16.03.2026_G5_Sample77.csv,../data/round01/round1_10C_d07_16.03.2026/round1_10C_d07_16.03.2026_G5_Sample77.csv
06,20,167394,51246,218640,0.7656147091108672,0.0009059526542715648,198.07748832993494,198.07748832993494,06_vs_20,round1,10C,d07,16.03.2026,A8,Sample8,s03,round1_10C_d07_16.03.2026_A8_Sample8.csv,../data/round01/round1_10C_d07_16.03.2026/round1_10C_d07_16.03.2026_A8_Sample8.csv
23,43,458958,601169,1060127,0.4329273756823475,0.0004812247079952846,510.1593060129171,510.1593060129171,23_vs_43,round1,10C,d07,16.03.2026,F11,Sample71,s24,round1_10C_d07_16.03.2026_F11_Sample71.csv,../data/round01/round1_10C_d07_16.03.2026/round1_10C_d07_16.03.2026_F11_Sample71.csv
06,12,649315,179492,828807,0.7834332962921404,0.00045244953959733665,374.9933455650498,374.9933455650498,06_vs_12,round1,10C,d07,16.03.2026,A2,Sample2,s01,round1_10C_d07_16.03.2026_A2_Sample2.csv,../data/round01/round1_10C_d07_16.03.2026/round1_10C_d07_16.03.2026_A2_Sample2.csv
20,43,214630,565505,780135,0.2751190499080287,0.0005056020120475107,394.4378256686848,394.4378256686848,20_vs_43,round1,10C,d07,16.03.2026,F3,Sample63,s21,round1_10C_d07_16.03.2026_F3_Sample63.csv,../data/round01/round1_10C_d07_16.03.2026/round1_10C_d07_16.03.2026_F3_Sample63.csv
20,32,240538,1113464,1354002,0.17764966373757202,0.00032847398486114985,444.7544324499666,444.7544324499666,20_vs_32,round1,10C,d07,16.03.2026,E10,Sample58,s20,round1_10C_d07_16.03.2026_E10_Sample58.csv,../data/round01/round1_10C_d07_16.03.2026/round1_10C_d07_16.03.2026_E10_Sample58.csv
16,56,669586,708066,1377652,0.4860342089293958,0.00042582461479710314,586.6381322244588,586.6381322244588,16_vs_56,round1,10C,d07,16.03.2026,E5,Sample53,s18,round1_10C_d07_16.03.2026_E5_Sample53.csv,../data/round01/round1_10C_d07_16.03.2026/round1_10C_d07_16.03.2026_E5_Sample53.csv
12,32,570760,946638,1517398,0.3761438989638842,0.0003932506694877078,596.7177793793088,596.7177793793088,12_vs_32,round1,10C,d07,16.03.2026,C9,Sample33,s11,round1_10C_d07_16.03.2026_C9_Sample33.csv,../data/round01/round1_10C_d07_16.03.2026/round1_10C_d07_16.03.2026_C9_Sample33.csv
16,23,1392454,50615,1443069,0.9649254470853438,0.00015314379437658657,220.9970622072264,220.9970622072264,16_vs_23,round1,10C,d07,16.03.2026,D9,Sample45,s15,round1_10C_d07_16.03.2026_D9_Sample45.csv,../data/round01/round1_10C_d07_16.03.2026/round1_10C_d07_16.03.2026_D9_Sample45.csv
12,20,1453209,84403,1537612,0.945107738493196,0.00018368464005110908,282.43570675826595,282.43570675826595,12_vs_20,round1,10C,d07,16.03.2026,C2,Sample26,s09,round1_10C_d07_16.03.2026_C2_Sample26.csv,../data/round01/round1_10C_d07_16.03.2026/round1_10C_d07_16.03.2026_C2_Sample26.csv
06,23,93467,313711,407178,0.22954825653645333,0.000659048791489446,268.35016882108965,268.35016882108965,06_vs_23,round1,10C,d07,16.03.2026,A10,Sample10,s04,round1_10C_d07_16.03.2026_A10_Sample10.csv,../data/round01/round1_10C_d07_16.03.2026/round1_10C_d07_16.03.2026_A10_Sample10.csv
06,20,841,400,1241,0.67767929089444,0.013266926445049256,16.464255718306127,16.464255718306127,06_vs_20,round1,10C,d07,16.03.2026,A6,Sample6,s03,round1_10C_d07_16.03.2026_A6_Sample6.csv,../data/round01/round1_10C_d07_16.03.2026/round1_10C_d07_16.03.2026_A6_Sample6.csv
20,23,243543,1033945,1277488,0.19064210387886227,0.00034753720210024667,443.97460523663995,443.97460523663995,20_vs_23,round1,10C,d07,16.03.2026,E7,Sample55,s19,round1_10C_d07_16.03.2026_E7_Sample55.csv,../data/round01/round1_10C_d07_16.03.2026/round1_10C_d07_16.03.2026_E7_Sample55.csv
12,43,129033,94623,223656,0.5769261723360876,0.0010446671148640156,233.64606824202627,233.64606824202627,12_vs_43,round1,10C,d07,16.03.2026,C12,Sample36,s12,round1_10C_d07_16.03.2026_C12_Sample36.csv,../data/round01/round1_10C_d07_16.03.2026/round1_10C_d07_16.03.2026_C12_Sample36.csv
16,23,593983,49530,643513,0.9230318579422638,0.0003322654501881124,213.81713664690278,213.81713664690278,16_vs_23,round1,10C,d07,16.03.2026,D7,Sample43,s15,round1_10C_d07_16.03.2026_D7_Sample43.csv,../data/round01/round1_10C_d07_16.03.2026/round1_10C_d07_16.03.2026_D7_Sample43.csv
06,56,390768,1208749,1599517,0.24430374919428802,0.0003397381125060711,543.4168865013734,543.4168865013734,06_vs_56,round1,10C,d07,16.03.2026,B9,Sample21,s07,round1_10C_d07_16.03.2026_B9_Sample21.csv,../data/round01/round1_10C_d07_16.03.2026/round1_10C_d07_16.03.2026_B9_Sample21.csv
23,43,206526,38986,245512,0.8412053178663365,0.0007376198913560875,181.09453476661574,181.09453476661574,23_vs_43,round1,10C,d07,16.03.2026,F12,Sample72,s24,round1_10C_d07_16.03.2026_F12_Sample72.csv,../data/round01/round1_10C_d07_16.03.2026/round1_10C_d07_16.03.2026_F12_Sample72.csv
16,20,223069,106762,329831,0.6763130209107088,0.000814686938310624,268.7090075499314,268.7090075499314,16_vs_20,round1,10C,d07,16.03.2026,D6,Sample42,s14,round1_10C_d07_16.03.2026_D6_Sample42.csv,../data/round01/round1_10C_d07_16.03.2026/round1_10C_d07_16.03.2026_D6_Sample42.csv
16,56,796242,582226,1378468,0.5776282075463486,0.000420700768689405,579.9225472137467,579.9225472137467,16_vs_56,round1,10C,d07,16.03.2026,E4,Sample52,s18,round1_10C_d07_16.03.2026_E4_Sample52.csv,../data/round01/round1_10C_d07_16.03.2026/round1_10C_d07_16.03.2026_E4_Sample52.csv
12,43,723934,421055,1144989,0.6322628426997988,0.00045062670978516573,515.9626258102071,515.9626258102071,12_vs_43,round1,10C,d07,16.03.2026,C11,Sample35,s12,round1_10C_d07_16.03.2026_C11_Sample35.csv,../data/round01/round1_10C_d07_16.03.2026/round1_10C_d07_16.03.2026_C11_Sample35.csv
16,32,1082299,105366,1187665,0.9112830638269209,0.000260905321964289,309.86811921071734,309.86811921071734,16_vs_32,round1,10C,d07,16.03.2026,D11,Sample47,s16,round1_10C_d07_16.03.2026_D11_Sample47.csv,../data/round01/round1_10C_d07_16.03.2026/round1_10C_d07_16.03.2026_D11_Sample47.csv
16,32,213281,35499,248780,0.8573076613875713,0.0007012307439706793,174.45218448502558,174.45218448502558,16_vs_32,round1,10C,d07,16.03.2026,D12,Sample48,s16,round1_10C_d07_16.03.2026_D12_Sample48.csv,../data/round01/round1_10C_d07_16.03.2026/round1_10C_d07_16.03.2026_D12_Sample48.csv
06,56,661385,1027041,1688426,0.39171690082953,0.00037566264698163105,634.2785803926074,634.2785803926074,06_vs_56,round1,10C,d07,16.03.2026,B8,Sample20,s07,round1_10C_d07_16.03.2026_B8_Sample20.csv,../data/round01/round1_10C_d07_16.03.2026/round1_10C_d07_16.03.2026_B8_Sample20.csv
12,32,436002,861554,1297556,0.3360178674369353,0.00041466399445076166,538.0497539835525,538.0497539835525,12_vs_32,round1,10C,d07,16.03.2026,C7,Sample31,s11,round1_10C_d07_16.03.2026_C7_Sample31.csv,../data/round01/round1_10C_d07_16.03.2026/round1_10C_d07_16.03.2026_C7_Sample31.csv
12,16,171492,580265,751757,0.22812158716180894,0.0004839705101136489,363.82821877150633,363.82821877150633,12_vs_16,round1,10C,d07,16.03.2026,B10,Sample22,s08,round1_10C_d07_16.03.2026_B10_Sample22.csv,../data/round01/round1_10C_d07_16.03.2026/round1_10C_d07_16.03.2026_B10_Sample22.csv
23,56,66954,47733,114687,0.5837976405346726,0.001455547358302201,166.93235988160453,166.93235988160453,23_vs_56,round1,10C,d07,16.03.2026,G3,Sample75,s25,round1_10C_d07_16.03.2026_G3_Sample75.csv,../data/round01/round1_10C_d07_16.03.2026/round1_10C_d07_16.03.2026_G3_Sample75.csv
06,20,17732,13490,31222,0.5679328678495932,0.0028034560825605033,87.52950580970403,87.52950580970403,06_vs_20,round1,10C,d07,16.03.2026,A9,Sample9,s03,round1_10C_d07_16.03.2026_A9_Sample9.csv,../data/round01/round1_10C_d07_16.03.2026/round1_10C_d07_16.03.2026_A9_Sample9.csv
20,56,199047,1392239,1591286,0.1250856225719324,0.00026224810153682265,417.31173250212436,417.31173250212436,20_vs_56,round1,10C,d07,16.03.2026,F5,Sample65,s22,round1_10C_d07_16.03.2026_F5_Sample65.csv,../data/round01/round1_10C_d07_16.03.2026/round1_10C_d07_16.03.2026_F5_Sample65.csv
06,16,1015,7474,8489,0.11956649782070915,0.0035214762807789855,29.89381214753281,29.89381214753281,06_vs_16,round1,10C,d07,16.03.2026,A5,Sample5,s02,round1_10C_d07_16.03.2026_A5_Sample5.csv,../data/round01/round1_10C_d07_16.03.2026/round1_10C_d07_16.03.2026_A5_Sample5.csv
12,20,1389871,76010,1465881,0.9481472234103587,0.00018313634369712103,268.4560866350795,268.4560866350795,12_vs_20,round1,10C,d07,16.03.2026,C3,Sample27,s09,round1_10C_d07_16.03.2026_C3_Sample27.csv,../data/round01/round1_10C_d07_16.03.2026/round1_10C_d07_16.03.2026_C3_Sample27.csv
43,56,95576,143308,238884,0.40009376936086133,0.001002372282585064,239.45070035305042,239.45070035305042,43_vs_56,round1,10C,d07,16.03.2026,G12,Sample84,s28,round1_10C_d07_16.03.2026_G12_Sample84.csv,../data/round01/round1_10C_d07_16.03.2026/round1_10C_d07_16.03.2026_G12_Sample84.csv
16,43,896629,225582,1122211,0.7989843264769282,0.0003783091364631791,424.5426743394807,424.5426743394807,16_vs_43,round1,10C,d07,16.03.2026,E3,Sample51,s17,round1_10C_d07_16.03.2026_E3_Sample51.csv,../data/round01/round1_10C_d07_16.03.2026/round1_10C_d07_16.03.2026_E3_Sample51.csv
16,20,1073972,209670,1283642,0.8366600656569355,0.00032628623244507514,418.8347119882611,418.8347119882611,16_vs_20,round1,10C,d07,16.03.2026,D4,Sample40,s14,round1_10C_d07_16.03.2026_D4_Sample40.csv,../data/round01/round1_10C_d07_16.03.2026/round1_10C_d07_16.03.2026_D4_Sample40.csv
23,32,315323,40292,355615,0.8866976927294968,0.0005315169643745873,189.01540528606887,189.01540528606887,23_vs_32,round1,10C,d07,16.03.2026,F8,Sample68,s23,round1_10C_d07_16.03.2026_F8_Sample68.csv,../data/round01/round1_10C_d07_16.03.2026/round1_10C_d07_16.03.2026_F8_Sample68.csv
32,43,272001,565097,837098,0.3249332814079116,0.0005118966586396911,428.50766915396815,428.50766915396815,32_vs_43,round1,10C,d07,16.03.2026,G4,Sample76,s26,round1_10C_d07_16.03.2026_G4_Sample76.csv,../data/round01/round1_10C_d07_16.03.2026/round1_10C_d07_16.03.2026_G4_Sample76.csv
32,43,41126,41192,82318,0.4995991156247722,0.0017426993115132112,143.45552192514452,143.45552192514452,32_vs_43,round1,10C,d07,16.03.2026,G6,Sample78,s26,round1_10C_d07_16.03.2026_G6_Sample78.csv,../data/round01/round1_10C_d07_16.03.2026/round1_10C_d07_16.03.2026_G6_Sample78.csv
20,23,194100,875535,1069635,0.18146377035156852,0.00037264570136774,398.59488478248255,398.59488478248255,20_vs_23,round1,10C,d07,16.03.2026,E8,Sample56,s19,round1_10C_d07_16.03.2026_E8_Sample56.csv,../data/round01/round1_10C_d07_16.03.2026/round1_10C_d07_16.03.2026_E8_Sample56.csv
12,43,36348,25487,61835,0.5878224306622463,0.0019794661135796128,122.40028713319535,122.40028713319535,12_vs_43,round1,20C,d01,10.03.2026,C10,Sample34,s12,round1_20C_d01_10.03.2026_C10_Sample34.csv,../data/round01/round1_20C_d01_10.03.2026/round1_20C_d01_10.03.2026_C10_Sample34.csv
32,43,25746,71704,97450,0.26419702411493073,0.0014123873168954382,137.63714403146045,137.63714403146045,32_vs_43,round1,20C,d01,10.03.2026,G6,Sample78,s26,round1_20C_d01_10.03.2026_G6_Sample78.csv,../data/round01/round1_20C_d01_10.03.2026/round1_20C_d01_10.03.2026_G6_Sample78.csv
23,32,16092,5350,21442,0.7504896931256413,0.0029551801806479254,63.36497343345282,63.36497343345282,23_vs_32,round1,20C,d01,10.03.2026,F8,Sample68,s23,round1_20C_d01_10.03.2026_F8_Sample68.csv,../data/round01/round1_20C_d01_10.03.2026/round1_20C_d01_10.03.2026_F8_Sample68.csv
32,43,29349,102119,131468,0.22324063650470077,0.0011484705061897624,150.9871205077557,150.9871205077557,32_vs_43,round1,20C,d01,10.03.2026,G5,Sample77,s26,round1_20C_d01_10.03.2026_G5_Sample77.csv,../data/round01/round1_20C_d01_10.03.2026/round1_20C_d01_10.03.2026_G5_Sample77.csv
20,23,13647,11898,25545,0.5342337052260716,0.00312102119178407,79.72648634412407,79.72648634412407,20_vs_23,round1,20C,d01,10.03.2026,E8,Sample56,s19,round1_20C_d01_10.03.2026_E8_Sample56.csv,../data/round01/round1_20C_d01_10.03.2026/round1_20C_d01_10.03.2026_E8_Sample56.csv
16,23,31416,13296,44712,0.7026301663982824,0.0021617218009679284,96.65490516487802,96.65490516487802,16_vs_23,round1,20C,d01,10.03.2026,D8,Sample44,s15,round1_20C_d01_10.03.2026_D8_Sample44.csv,../data/round01/round1_20C_d01_10.03.2026/round1_20C_d01_10.03.2026_D8_Sample44.csv
20,43,54489,58365,112854,0.4828273698761231,0.0014874940201852025,167.86965015398084,167.86965015398084,20_vs_43,round1,20C,d01,10.03.2026,F1,Sample61,s21,round1_20C_d01_10.03.2026_F1_Sample61.csv,../data/round01/round1_20C_d01_10.03.2026/round1_20C_d01_10.03.2026_F1_Sample61.csv
12,43,59754,43012,102766,0.5814569020882393,0.0015388777874216293,158.14431470217116,158.14431470217116,12_vs_43,round1,20C,d01,10.03.2026,C12,Sample36,s12,round1_20C_d01_10.03.2026_C12_Sample36.csv,../data/round01/round1_20C_d01_10.03.2026/round1_20C_d01_10.03.2026_C12_Sample36.csv
12,20,7419,21552,28971,0.25608366987677333,0.0025643142487144304,74.29074809950576,74.29074809950576,12_vs_20,round1,20C,d01,10.03.2026,C1,Sample25,s09,round1_20C_d01_10.03.2026_C1_Sample25.csv,../data/round01/round1_20C_d01_10.03.2026/round1_20C_d01_10.03.2026_C1_Sample25.csv
20,56,9919,51,9970,0.9948846539618856,0.0007144573291162006,7.12313957128852,7.12313957128852,20_vs_56,round1,20C,d01,10.03.2026,F5,Sample65,s22,round1_20C_d01_10.03.2026_F5_Sample65.csv,../data/round01/round1_20C_d01_10.03.2026/round1_20C_d01_10.03.2026_F5_Sample65.csv
20,43,41935,46335,88270,0.4750764699218307,0.0016808277807133715,148.3666682035693,148.3666682035693,20_vs_43,round1,20C,d01,10.03.2026,F3,Sample63,s21,round1_20C_d01_10.03.2026_F3_Sample63.csv,../data/round01/round1_20C_d01_10.03.2026/round1_20C_d01_10.03.2026_F3_Sample63.csv
06,20,62623,15087,77710,0.8058551023034358,0.0014189040104425727,110.26303065149233,110.26303065149233,06_vs_20,round1,20C,d01,10.03.2026,A6,Sample6,s03,round1_20C_d01_10.03.2026_A6_Sample6.csv,../data/round01/round1_20C_d01_10.03.2026/round1_20C_d01_10.03.2026_A6_Sample6.csv
20,56,7895,32,7927,0.9959631638703167,0.0007121767132992598,5.645424806323232,5.645424806323232,20_vs_56,round1,20C,d01,10.03.2026,F6,Sample66,s22,round1_20C_d01_10.03.2026_F6_Sample66.csv,../data/round01/round1_20C_d01_10.03.2026/round1_20C_d01_10.03.2026_F6_Sample66.csv
12,23,9625,10826,20451,0.47063713265854973,0.003490298393718466,71.38009244993634,71.38009244993634,12_vs_23,round1,20C,d01,10.03.2026,C4,Sample28,s10,round1_20C_d01_10.03.2026_C4_Sample28.csv,../data/round01/round1_20C_d01_10.03.2026/round1_20C_d01_10.03.2026_C4_Sample28.csv
32,56,15421,1840,17261,0.8934013093100052,0.0023489093208501747,40.54452378719487,40.54452378719487,32_vs_56,round1,20C,d01,10.03.2026,G8,Sample80,s27,round1_20C_d01_10.03.2026_G8_Sample80.csv,../data/round01/round1_20C_d01_10.03.2026/round1_20C_d01_10.03.2026_G8_Sample80.csv
23,43,24477,97290,121767,0.20101505333957476,0.001148467701747937,139.84546663874104,139.84546663874104,23_vs_43,round1,20C,d01,10.03.2026,F10,Sample70,s24,round1_20C_d01_10.03.2026_F10_Sample70.csv,../data/round01/round1_20C_d01_10.03.2026/round1_20C_d01_10.03.2026_F10_Sample70.csv
20,23,16676,11479,28155,0.5922926656011366,0.0029286311248667885,82.45560932062443,82.45560932062443,20_vs_23,round1,20C,d01,10.03.2026,E7,Sample55,s19,round1_20C_d01_10.03.2026_E7_Sample55.csv,../data/round01/round1_20C_d01_10.03.2026/round1_20C_d01_10.03.2026_E7_Sample55.csv
12,23,6967,6892,13859,0.5027058229309473,0.004247150957569901,58.86126512096126,58.86126512096126,12_vs_23,round1,20C,d01,10.03.2026,C6,Sample30,s10,round1_20C_d01_10.03.2026_C6_Sample30.csv,../data/round01/round1_20C_d01_10.03.2026/round1_20C_d01_10.03.2026_C6_Sample30.csv
06,20,98006,23134,121140,0.809030873369655,0.0011293286444864585,136.80687199308957,136.80687199308957,06_vs_20,round1,20C,d01,10.03.2026,A9,Sample9,s03,round1_20C_d01_10.03.2026_A9_Sample9.csv,../data/round01/round1_20C_d01_10.03.2026/round1_20C_d01_10.03.2026_A9_Sample9.csv
12,32,17783,14119,31902,0.5574258667168203,0.002780850344535005,88.71468769135573,88.71468769135573,12_vs_32,round1,20C,d01,10.03.2026,C9,Sample33,s11,round1_20C_d01_10.03.2026_C9_Sample33.csv,../data/round01/round1_20C_d01_10.03.2026/round1_20C_d01_10.03.2026_C9_Sample33.csv
23,43,32151,123506,155657,0.20655029969741162,0.0010260966907191169,159.71913258726556,159.71913258726556,23_vs_43,round1,20C,d01,10.03.2026,F12,Sample72,s24,round1_20C_d01_10.03.2026_F12_Sample72.csv,../data/round01/round1_20C_d01_10.03.2026/round1_20C_d01_10.03.2026_F12_Sample72.csv
16,43,79325,42655,121980,0.6503115264797508,0.0013653911073173725,166.5504072705731,166.5504072705731,16_vs_43,round1,20C,d01,10.03.2026,E1,Sample49,s17,round1_20C_d01_10.03.2026_E1_Sample49.csv,../data/round01/round1_20C_d01_10.03.2026/round1_20C_d01_10.03.2026_E1_Sample49.csv
06,12,76306,12825,89131,0.856110668566492,0.0011756143060410015,104.7836787117405,104.7836787117405,06_vs_12,round1,20C,d01,10.03.2026,A3,Sample3,s01,round1_20C_d01_10.03.2026_A3_Sample3.csv,../data/round01/round1_20C_d01_10.03.2026/round1_20C_d01_10.03.2026_A3_Sample3.csv
20,32,39563,14095,53658,0.7373178277237318,0.001899876742906341,101.94358627086845,101.94358627086845,20_vs_32,round1,20C,d01,10.03.2026,E12,Sample60,s20,round1_20C_d01_10.03.2026_E12_Sample60.csv,../data/round01/round1_20C_d01_10.03.2026/round1_20C_d01_10.03.2026_E12_Sample60.csv
16,32,46518,20923,67441,0.6897584555389155,0.0017812976410569305,120.13249421052045,120.13249421052045,16_vs_32,round1,20C,d01,10.03.2026,D11,Sample47,s16,round1_20C_d01_10.03.2026_D11_Sample47.csv,../data/round01/round1_20C_d01_10.03.2026/round1_20C_d01_10.03.2026_D11_Sample47.csv
06,23,96884,2718,99602,0.9727113913375234,0.000516236452894515,51.41818318119948,51.41818318119948,06_vs_23,round1,20C,d01,10.03.2026,A11,Sample11,s04,round1_20C_d01_10.03.2026_A11_Sample11.csv,../data/round01/round1_20C_d01_10.03.2026/round1_20C_d01_10.03.2026_A11_Sample11.csv
16,32,62360,25153,87513,0.7125798452801299,0.0015298156191978632,133.87875428286262,133.87875428286262,16_vs_32,round1,20C,d01,10.03.2026,D12,Sample48,s16,round1_20C_d01_10.03.2026_D12_Sample48.csv,../data/round01/round1_20C_d01_10.03.2026/round1_20C_d01_10.03.2026_D12_Sample48.csv
12,56,2670,89,2759,0.967741935483871,0.003363745139924463,9.280572841051594,9.280572841051594,12_vs_56,round1,20C,d01,10.03.2026,D2,Sample38,s13,round1_20C_d01_10.03.2026_D2_Sample38.csv,../data/round01/round1_20C_d01_10.03.2026/round1_20C_d01_10.03.2026_D2_Sample38.csv
16,23,24386,11463,35849,0.6802421266980948,0.0024632237454060395,88.30410804906111,88.30410804906111,16_vs_23,round1,20C,d01,10.03.2026,D7,Sample43,s15,round1_20C_d01_10.03.2026_D7_Sample43.csv,../data/round01/round1_20C_d01_10.03.2026/round1_20C_d01_10.03.2026_D7_Sample43.csv
16,43,35161,26342,61503,0.5716956896411557,0.0019953106989249276,122.71759391597982,122.71759391597982,16_vs_43,round1,20C,d01,10.03.2026,E2,Sample50,s17,round1_20C_d01_10.03.2026_E2_Sample50.csv,../data/round01/round1_20C_d01_10.03.2026/round1_20C_d01_10.03.2026_E2_Sample50.csv
12,43,44397,30650,75047,0.5915892707236798,0.0017942875670611215,134.65589904523597,134.65589904523597,12_vs_43,round1,20C,d01,10.03.2026,C11,Sample35,s12,round1_20C_d01_10.03.2026_C11_Sample35.csv,../data/round01/round1_20C_d01_10.03.2026/round1_20C_d01_10.03.2026_C11_Sample35.csv
16,23,48217,15942,64159,0.7515235586589567,0.001706023918809911,109.45678860692509,109.45678860692509,16_vs_23,round1,20C,d01,10.03.2026,D9,Sample45,s15,round1_20C_d01_10.03.2026_D9_Sample45.csv,../data/round01/round1_20C_d01_10.03.2026/round1_20C_d01_10.03.2026_D9_Sample45.csv
06,56,65602,49191,114793,0.5714808394240067,0.001460589777698435,167.66548235133644,167.66548235133644,06_vs_56,round1,20C,d01,10.03.2026,B7,Sample19,s07,round1_20C_d01_10.03.2026_B7_Sample19.csv,../data/round01/round1_20C_d01_10.03.2026/round1_20C_d01_10.03.2026_B7_Sample19.csv
06,16,77923,3951,81874,0.9517429220509563,0.0007489750214687255,61.32158090773043,61.32158090773043,06_vs_16,round1,20C,d01,10.03.2026,A4,Sample4,s02,round1_20C_d01_10.03.2026_A4_Sample4.csv,../data/round01/round1_20C_d01_10.03.2026/round1_20C_d01_10.03.2026_A4_Sample4.csv
12,16,3693,50354,54047,0.06832941698891705,0.0010852986252886656,58.657134800976515,58.657134800976515,12_vs_16,round1,20C,d01,10.03.2026,B12,Sample24,s08,round1_20C_d01_10.03.2026_B12_Sample24.csv,../data/round01/round1_20C_d01_10.03.2026/round1_20C_d01_10.03.2026_B12_Sample24.csv
06,32,194464,8800,203264,0.9567065491183879,0.00045140902930523944,91.7552049327002,91.7552049327002,06_vs_32,round1,20C,d01,10.03.2026,B1,Sample13,s05,round1_20C_d01_10.03.2026_B1_Sample13.csv,../data/round01/round1_20C_d01_10.03.2026/round1_20C_d01_10.03.2026_B1_Sample13.csv
06,43,96206,24307,120513,0.7983039174196974,0.001155888420283534,139.29958119362954,139.29958119362954,06_vs_43,round1,20C,d01,10.03.2026,B4,Sample16,s06,round1_20C_d01_10.03.2026_B4_Sample16.csv,../data/round01/round1_20C_d01_10.03.2026/round1_20C_d01_10.03.2026_B4_Sample16.csv
12,32,13125,10942,24067,0.5453525574438027,0.0032097046713840728,77.24796232620048,77.24796232620048,12_vs_32,round1,20C,d01,10.03.2026,C8,Sample32,s11,round1_20C_d01_10.03.2026_C8_Sample32.csv,../data/round01/round1_20C_d01_10.03.2026/round1_20C_d01_10.03.2026_C8_Sample32.csv
20,56,11955,59,12014,0.9950890627601132,0.0006377777361760397,7.662261722418941,7.662261722418941,20_vs_56,round1,20C,d01,10.03.2026,F4,Sample64,s22,round1_20C_d01_10.03.2026_F4_Sample64.csv,../data/round01/round1_20C_d01_10.03.2026/round1_20C_d01_10.03.2026_F4_Sample64.csv
06,23,122076,4073,126149,0.967712784088657,0.0004976759247253533,62.78132022817859,62.78132022817859,06_vs_23,round1,20C,d01,10.03.2026,A12,Sample12,s04,round1_20C_d01_10.03.2026_A12_Sample12.csv,../data/round01/round1_20C_d01_10.03.2026/round1_20C_d01_10.03.2026_A12_Sample12.csv
06,23,103386,3475,106861,0.9674811203338917,0.0005425995383369463,57.98272926622441,57.98272926622441,06_vs_23,round1,20C,d01,10.03.2026,A10,Sample10,s04,round1_20C_d01_10.03.2026_A10_Sample10.csv,../data/round01/round1_20C_d01_10.03.2026/round1_20C_d01_10.03.2026_A10_Sample10.csv
12,23,9861,13442,23303,0.42316439943354933,0.003236493000960846,75.41999640139059,75.41999640139059,12_vs_23,round1,20C,d01,10.03.2026,C5,Sample29,s10,round1_20C_d01_10.03.2026_C5_Sample29.csv,../data/round01/round1_20C_d01_10.03.2026/round1_20C_d01_10.03.2026_C5_Sample29.csv
23,43,41488,104176,145664,0.28481985940246046,0.0011825424540692969,172.25386402955007,172.25386402955007,23_vs_43,round1,20C,d01,10.03.2026,F11,Sample71,s24,round1_20C_d01_10.03.2026_F11_Sample71.csv,../data/round01/round1_20C_d01_10.03.2026/round1_20C_d01_10.03.2026_F11_Sample71.csv
16,20,41736,11051,52787,0.790649212874382,0.0017707845743890692,93.4744053282758,93.4744053282758,16_vs_20,round1,20C,d01,10.03.2026,D5,Sample41,s14,round1_20C_d01_10.03.2026_D5_Sample41.csv,../data/round01/round1_20C_d01_10.03.2026/round1_20C_d01_10.03.2026_D5_Sample41.csv
12,20,4714,13797,18511,0.2546593917130355,0.0032021546309396903,59.27508437332461,59.27508437332461,12_vs_20,round1,20C,d01,10.03.2026,C2,Sample26,s09,round1_20C_d01_10.03.2026_C2_Sample26.csv,../data/round01/round1_20C_d01_10.03.2026/round1_20C_d01_10.03.2026_C2_Sample26.csv
32,56,16948,1322,18270,0.9276409414340449,0.0019167573364632818,35.01915653718416,35.01915653718416,32_vs_56,round1,20C,d01,10.03.2026,G9,Sample81,s27,round1_20C_d01_10.03.2026_G9_Sample81.csv,../data/round01/round1_20C_d01_10.03.2026/round1_20C_d01_10.03.2026_G9_Sample81.csv
16,32,46539,21833,68372,0.6806733750658164,0.0017829854742874437,121.9062828479811,121.9062828479811,16_vs_32,round1,20C,d01,10.03.2026,D10,Sample46,s16,round1_20C_d01_10.03.2026_D10_Sample46.csv,../data/round01/round1_20C_d01_10.03.2026/round1_20C_d01_10.03.2026_D10_Sample46.csv
06,12,57528,8843,66371,0.8667640987780808,0.001319082348154318,87.54881452935024,87.54881452935024,06_vs_12,round1,20C,d01,10.03.2026,A2,Sample2,s01,round1_20C_d01_10.03.2026_A2_Sample2.csv,../data/round01/round1_20C_d01_10.03.2026/round1_20C_d01_10.03.2026_A2_Sample2.csv
20,32,22902,9404,32306,0.7089085618770508,0.002527366544385067,81.64910358290398,81.64910358290398,20_vs_32,round1,20C,d01,10.03.2026,E10,Sample58,s20,round1_20C_d01_10.03.2026_E10_Sample58.csv,../data/round01/round1_20C_d01_10.03.2026/round1_20C_d01_10.03.2026_E10_Sample58.csv
43,56,103830,5753,109583,0.9475009809915772,0.0006737423319985681,73.8307059673991,73.8307059673991,43_vs_56,round1,20C,d01,10.03.2026,G11,Sample83,s28,round1_20C_d01_10.03.2026_G11_Sample83.csv,../data/round01/round1_20C_d01_10.03.2026/round1_20C_d01_10.03.2026_G11_Sample83.csv
12,20,4793,14086,18879,0.2538799724561682,0.0031675908284427012,59.800947250169756,59.800947250169756,12_vs_20,round1,20C,d01,10.03.2026,C3,Sample27,s09,round1_20C_d01_10.03.2026_C3_Sample27.csv,../data/round01/round1_20C_d01_10.03.2026/round1_20C_d01_10.03.2026_C3_Sample27.csv
12,32,12087,10349,22436,0.5387323943661971,0.003328053564074042,74.6682097635652,74.6682097635652,12_vs_32,round1,20C,d01,10.03.2026,C7,Sample31,s11,round1_20C_d01_10.03.2026_C7_Sample31.csv,../data/round01/round1_20C_d01_10.03.2026/round1_20C_d01_10.03.2026_C7_Sample31.csv
20,23,23246,18499,41745,0.5568571086357648,0.0024313167655529294,101.49531837800704,101.49531837800704,20_vs_23,round1,20C,d01,10.03.2026,E9,Sample57,s19,round1_20C_d01_10.03.2026_E9_Sample57.csv,../data/round01/round1_20C_d01_10.03.2026/round1_20C_d01_10.03.2026_E9_Sample57.csv
16,56,29572,153,29725,0.9948528174936921,0.00041505272471236245,12.337442242074975,12.337442242074975,16_vs_56,round1,20C,d01,10.03.2026,E5,Sample53,s18,round1_20C_d01_10.03.2026_E5_Sample53.csv,../data/round01/round1_20C_d01_10.03.2026/round1_20C_d01_10.03.2026_E5_Sample53.csv
32,43,31733,105017,136750,0.2320511882998172,0.001141548498677715,156.10675719417753,156.10675719417753,32_vs_43,round1,20C,d01,10.03.2026,G4,Sample76,s26,round1_20C_d01_10.03.2026_G4_Sample76.csv,../data/round01/round1_20C_d01_10.03.2026/round1_20C_d01_10.03.2026_G4_Sample76.csv
06,56,86759,48798,135557,0.6400185899658446,0.0013036930693204024,176.72472139786578,176.72472139786578,06_vs_56,round1,20C,d01,10.03.2026,B8,Sample20,s07,round1_20C_d01_10.03.2026_B8_Sample20.csv,../data/round01/round1_20C_d01_10.03.2026/round1_20C_d01_10.03.2026_B8_Sample20.csv
06,32,97898,5418,103316,0.9475589453714817,0.0006935136839309798,71.6510597690131,71.6510597690131,06_vs_32,round1,20C,d01,10.03.2026,B2,Sample14,s05,round1_20C_d01_10.03.2026_B2_Sample14.csv,../data/round01/round1_20C_d01_10.03.2026/round1_20C_d01_10.03.2026_B2_Sample14.csv
32,56,14071,1985,16056,0.8763702042850025,0.002597686263614123,41.708450648588354,41.708450648588354,32_vs_56,round1,20C,d01,10.03.2026,G7,Sample79,s27,round1_20C_d01_10.03.2026_G7_Sample79.csv,../data/round01/round1_20C_d01_10.03.2026/round1_20C_d01_10.03.2026_G7_Sample79.csv
06,12,135479,17366,152845,0.8863816284471197,0.0008117252117250073,124.06813998610875,124.06813998610875,06_vs_12,round1,20C,d01,10.03.2026,A1,Sample1,s01,round1_20C_d01_10.03.2026_A1_Sample1.csv,../data/round01/round1_20C_d01_10.03.2026/round1_20C_d01_10.03.2026_A1_Sample1.csv
12,16,3311,37534,40845,0.08106255355612682,0.0013504660309858903,55.15978503561869,55.15978503561869,12_vs_16,round1,20C,d01,10.03.2026,B11,Sample23,s08,round1_20C_d01_10.03.2026_B11_Sample23.csv,../data/round01/round1_20C_d01_10.03.2026/round1_20C_d01_10.03.2026_B11_Sample23.csv
12,56,2816,99,2915,0.9660377358490566,0.0033548729958187288,9.779454782811595,9.779454782811595,12_vs_56,round1,20C,d01,10.03.2026,D3,Sample39,s13,round1_20C_d01_10.03.2026_D3_Sample39.csv,../data/round01/round1_20C_d01_10.03.2026/round1_20C_d01_10.03.2026_D3_Sample39.csv
06,43,108027,23554,131581,0.8209923925186767,0.0010568387266829135,139.05989649566445,139.05989649566445,06_vs_43,round1,20C,d01,10.03.2026,B5,Sample17,s06,round1_20C_d01_10.03.2026_B5_Sample17.csv,../data/round01/round1_20C_d01_10.03.2026/round1_20C_d01_10.03.2026_B5_Sample17.csv
06,20,68021,20658,88679,0.767047440769517,0.0014194969446572085,125.8795695552566,125.8795695552566,06_vs_20,round1,20C,d01,10.03.2026,A8,Sample8,s03,round1_20C_d01_10.03.2026_A8_Sample8.csv,../data/round01/round1_20C_d01_10.03.2026/round1_20C_d01_10.03.2026_A8_Sample8.csv
16,56,54396,190,54586,0.9965192540211776,0.00025207999220143657,13.760038454307617,13.760038454307617,16_vs_56,round1,20C,d01,10.03.2026,E4,Sample52,s18,round1_20C_d01_10.03.2026_E4_Sample52.csv,../data/round01/round1_20C_d01_10.03.2026/round1_20C_d01_10.03.2026_E4_Sample52.csv
43,56,109864,4400,114264,0.9614926836098858,0.0005692327871449505,65.04281519033063,65.04281519033063,43_vs_56,round1,20C,d01,10.03.2026,G10,Sample82,s28,round1_20C_d01_10.03.2026_G10_Sample82.csv,../data/round01/round1_20C_d01_10.03.2026/round1_20C_d01_10.03.2026_G10_Sample82.csv
12,56,4140,149,4289,0.9652599673583586,0.002796142080162398,11.992653381816526,11.992653381816526,12_vs_56,round1,20C,d01,10.03.2026,D1,Sample37,s13,round1_20C_d01_10.03.2026_D1_Sample37.csv,../data/round01/round1_20C_d01_10.03.2026/round1_20C_d01_10.03.2026_D1_Sample37.csv
16,43,54135,24099,78234,0.6919625738170105,0.001650613063101233,129.13406237866187,129.13406237866187,16_vs_43,round1,20C,d01,10.03.2026,E3,Sample51,s17,round1_20C_d01_10.03.2026_E3_Sample51.csv,../data/round01/round1_20C_d01_10.03.2026/round1_20C_d01_10.03.2026_E3_Sample51.csv
12,16,3561,49450,53011,0.06717473731866971,0.0010872267759325816,57.63497861896208,57.63497861896208,12_vs_16,round1,20C,d01,10.03.2026,B10,Sample22,s08,round1_20C_d01_10.03.2026_B10_Sample22.csv,../data/round01/round1_20C_d01_10.03.2026/round1_20C_d01_10.03.2026_B10_Sample22.csv
43,56,122450,6397,128847,0.9503519678378232,0.0006051403378354778,77.97051710908781,77.97051710908781,43_vs_56,round1,20C,d01,10.03.2026,G12,Sample84,s28,round1_20C_d01_10.03.2026_G12_Sample84.csv,../data/round01/round1_20C_d01_10.03.2026/round1_20C_d01_10.03.2026_G12_Sample84.csv
06,20,61751,14211,75962,0.8129196177035887,0.001414945561311068,107.48209472831135,107.48209472831135,06_vs_20,round1,20C,d01,10.03.2026,A7,Sample7,s03,round1_20C_d01_10.03.2026_A7_Sample7.csv,../data/round01/round1_20C_d01_10.03.2026/round1_20C_d01_10.03.2026_A7_Sample7.csv
16,20,54688,12566,67254,0.81315609480477,0.001503029030389705,101.08471440982922,101.08471440982922,16_vs_20,round1,20C,d01,10.03.2026,D4,Sample40,s14,round1_20C_d01_10.03.2026_D4_Sample40.csv,../data/round01/round1_20C_d01_10.03.2026/round1_20C_d01_10.03.2026_D4_Sample40.csv
23,32,18123,12497,30620,0.5918680600914435,0.0028087310193561144,86.00334381268422,86.00334381268422,23_vs_32,round1,20C,d01,10.03.2026,F9,Sample69,s23,round1_20C_d01_10.03.2026_F9_Sample69.csv,../data/round01/round1_20C_d01_10.03.2026/round1_20C_d01_10.03.2026_F9_Sample69.csv
06,56,76160,59482,135642,0.561478008286519,0.0013473020542939898,182.75074524854537,182.75074524854537,06_vs_56,round1,20C,d01,10.03.2026,B9,Sample21,s07,round1_20C_d01_10.03.2026_B9_Sample21.csv,../data/round01/round1_20C_d01_10.03.2026/round1_20C_d01_10.03.2026_B9_Sample21.csv
06,32,121469,6136,127605,0.9519141099486698,0.000598926964095793,76.42607525344366,76.42607525344366,06_vs_32,round1,20C,d01,10.03.2026,B3,Sample15,s05,round1_20C_d01_10.03.2026_B3_Sample15.csv,../data/round01/round1_20C_d01_10.03.2026/round1_20C_d01_10.03.2026_B3_Sample15.csv
23,56,20841,228,21069,0.9891784137832835,0.0007127887155562853,15.017745448055376,15.017745448055376,23_vs_56,round1,20C,d01,10.03.2026,G3,Sample75,s25,round1_20C_d01_10.03.2026_G3_Sample75.csv,../data/round01/round1_20C_d01_10.03.2026/round1_20C_d01_10.03.2026_G3_Sample75.csv
20,32,27655,11544,39199,0.7055026913951886,0.0023022501425793095,90.24590333896636,90.24590333896636,20_vs_32,round1,20C,d01,10.03.2026,E11,Sample59,s20,round1_20C_d01_10.03.2026_E11_Sample59.csv,../data/round01/round1_20C_d01_10.03.2026/round1_20C_d01_10.03.2026_E11_Sample59.csv
23,56,21101,254,21355,0.9881058300163896,0.0007418549748749595,15.842312988454761,15.842312988454761,23_vs_56,round1,20C,d01,10.03.2026,G2,Sample74,s25,round1_20C_d01_10.03.2026_G2_Sample74.csv,../data/round01/round1_20C_d01_10.03.2026/round1_20C_d01_10.03.2026_G2_Sample74.csv
16,20,27344,8652,35996,0.7596399599955551,0.0022522049744052894,81.07037025869279,81.07037025869279,16_vs_20,round1,20C,d01,10.03.2026,D6,Sample42,s14,round1_20C_d01_10.03.2026_D6_Sample42.csv,../data/round01/round1_20C_d01_10.03.2026/round1_20C_d01_10.03.2026_D6_Sample42.csv
20,43,43625,48180,91805,0.47519198300746146,0.0016481685220496416,151.31011116676734,151.31011116676734,20_vs_43,round1,20C,d01,10.03.2026,F2,Sample62,s21,round1_20C_d01_10.03.2026_F2_Sample62.csv,../data/round01/round1_20C_d01_10.03.2026/round1_20C_d01_10.03.2026_F2_Sample62.csv
23,32,16040,4740,20780,0.7718960538979788,0.0029108715267048644,60.487910324927086,60.487910324927086,23_vs_32,round1,20C,d01,10.03.2026,F7,Sample67,s23,round1_20C_d01_10.03.2026_F7_Sample67.csv,../data/round01/round1_20C_d01_10.03.2026/round1_20C_d01_10.03.2026_F7_Sample67.csv
23,56,30225,708,30933,0.9771118223256716,0.0008502893142465425,26.301999357588297,26.301999357588297,23_vs_56,round1,20C,d01,10.03.2026,G1,Sample73,s25,round1_20C_d01_10.03.2026_G1_Sample73.csv,../data/round01/round1_20C_d01_10.03.2026/round1_20C_d01_10.03.2026_G1_Sample73.csv
06,16,86751,4728,91479,0.9483160069524154,0.0007319709848396897,66.95997372214997,66.95997372214997,06_vs_16,round1,20C,d01,10.03.2026,A5,Sample5,s02,round1_20C_d01_10.03.2026_A5_Sample5.csv,../data/round01/round1_20C_d01_10.03.2026/round1_20C_d01_10.03.2026_A5_Sample5.csv
16,56,24925,120,25045,0.9952086244759433,0.00043634163283920105,10.92817619445779,10.92817619445779,16_vs_56,round1,20C,d01,10.03.2026,E6,Sample54,s18,round1_20C_d01_10.03.2026_E6_Sample54.csv,../data/round01/round1_20C_d01_10.03.2026/round1_20C_d01_10.03.2026_E6_Sample54.csv
06,43,88316,24854,113170,0.7803834938587965,0.0012306112147746984,139.26827117605262,139.26827117605262,06_vs_43,round1,20C,d01,10.03.2026,B6,Sample18,s06,round1_20C_d01_10.03.2026_B6_Sample18.csv,../data/round01/round1_20C_d01_10.03.2026/round1_20C_d01_10.03.2026_B6_Sample18.csv
16,23,48578,16337,64915,0.7483324347223292,0.001703289140936888,110.56901458391809,110.56901458391809,16_vs_23,round1,10C,d03,12.03.2026,D8,Sample44,s15,round1_10C_d03_12.03.2026_D8_Sample44.csv,../data/round01/round1_10C_d03_12.03.2026/round1_10C_d03_12.03.2026_D8_Sample44.csv
20,56,4004,120861,124865,0.03206663196251952,0.0004985733306265908,62.25435892868926,62.25435892868926,20_vs_56,round1,10C,d03,12.03.2026,F6,Sample66,s22,round1_10C_d03_12.03.2026_F6_Sample66.csv,../data/round01/round1_10C_d03_12.03.2026/round1_10C_d03_12.03.2026_F6_Sample66.csv
16,56,47368,117306,164674,0.2876471088332099,0.0011154884679390096,183.69194796938845,183.69194796938845,16_vs_56,round1,10C,d03,12.03.2026,E6,Sample54,s18,round1_10C_d03_12.03.2026_E6_Sample54.csv,../data/round01/round1_10C_d03_12.03.2026/round1_10C_d03_12.03.2026_E6_Sample54.csv
16,32,59946,10587,70533,0.8499000467866106,0.0013448629427370096,94.8572179400695,94.8572179400695,16_vs_32,round1,10C,d03,12.03.2026,D10,Sample46,s16,round1_10C_d03_12.03.2026_D10_Sample46.csv,../data/round01/round1_10C_d03_12.03.2026/round1_10C_d03_12.03.2026_D10_Sample46.csv
20,23,8291,10910,19201,0.43180042706109056,0.0035746214858780783,68.63630715034498,68.63630715034498,20_vs_23,round1,10C,d03,12.03.2026,E9,Sample57,s19,round1_10C_d03_12.03.2026_E9_Sample57.csv,../data/round01/round1_10C_d03_12.03.2026/round1_10C_d03_12.03.2026_E9_Sample57.csv
12,43,11885,11267,23152,0.5133465791292329,0.00328489104728513,76.05179752674533,76.05179752674533,12_vs_43,round1,10C,d03,12.03.2026,C11,Sample35,s12,round1_10C_d03_12.03.2026_C11_Sample35.csv,../data/round01/round1_10C_d03_12.03.2026/round1_10C_d03_12.03.2026_C11_Sample35.csv
20,43,15003,29859,44862,0.334425571753377,0.0022274539664660486,99.92803984359988,99.92803984359988,20_vs_43,round1,10C,d03,12.03.2026,F3,Sample63,s21,round1_10C_d03_12.03.2026_F3_Sample63.csv,../data/round01/round1_10C_d03_12.03.2026/round1_10C_d03_12.03.2026_F3_Sample63.csv
20,56,4381,134639,139020,0.03151345130197094,0.00046855021231484683,65.13785051601,65.13785051601,20_vs_56,round1,10C,d03,12.03.2026,F5,Sample65,s22,round1_10C_d03_12.03.2026_F5_Sample65.csv,../data/round01/round1_10C_d03_12.03.2026/round1_10C_d03_12.03.2026_F5_Sample65.csv
32,56,19777,154369,174146,0.11356562884016859,0.0007603087646058458,132.40473012104962,132.40473012104962,32_vs_56,round1,10C,d03,12.03.2026,G9,Sample81,s27,round1_10C_d03_12.03.2026_G9_Sample81.csv,../data/round01/round1_10C_d03_12.03.2026/round1_10C_d03_12.03.2026_G9_Sample81.csv
12,43,13916,18289,32205,0.432106815711846,0.0027603695929386126,88.89770274058802,88.89770274058802,12_vs_43,round1,10C,d03,12.03.2026,C12,Sample36,s12,round1_10C_d03_12.03.2026_C12_Sample36.csv,../data/round01/round1_10C_d03_12.03.2026/round1_10C_d03_12.03.2026_C12_Sample36.csv
43,56,13611,88507,102118,0.1332869817270217,0.0010636050150729416,108.61321692921865,108.61321692921865,43_vs_56,round1,10C,d03,12.03.2026,G12,Sample84,s28,round1_10C_d03_12.03.2026_G12_Sample84.csv,../data/round01/round1_10C_d03_12.03.2026/round1_10C_d03_12.03.2026_G12_Sample84.csv
12,20,16545,12524,29069,0.5691630259038839,0.002904422398832338,84.42865471165723,84.42865471165723,12_vs_20,round1,10C,d03,12.03.2026,C1,Sample25,s09,round1_10C_d03_12.03.2026_C1_Sample25.csv,../data/round01/round1_10C_d03_12.03.2026/round1_10C_d03_12.03.2026_C1_Sample25.csv
06,20,1614,5678,7292,0.2213384530992869,0.004861602753497761,35.45080727850567,35.45080727850567,06_vs_20,round1,10C,d03,12.03.2026,A8,Sample8,s03,round1_10C_d03_12.03.2026_A8_Sample8.csv,../data/round01/round1_10C_d03_12.03.2026/round1_10C_d03_12.03.2026_A8_Sample8.csv
06,16,2504,58004,60508,0.041382957625437956,0.0008097052158555876,48.993643200989894,48.993643200989894,06_vs_16,round1,10C,d03,12.03.2026,A5,Sample5,s02,round1_10C_d03_12.03.2026_A5_Sample5.csv,../data/round01/round1_10C_d03_12.03.2026/round1_10C_d03_12.03.2026_A5_Sample5.csv
06,56,3185,115574,118759,0.026819020032165984,0.0004687971821318086,55.67388455279146,55.67388455279146,06_vs_56,round1,10C,d03,12.03.2026,B7,Sample19,s07,round1_10C_d03_12.03.2026_B7_Sample19.csv,../data/round01/round1_10C_d03_12.03.2026/round1_10C_d03_12.03.2026_B7_Sample19.csv
12,43,11779,14081,25860,0.4554911059551431,0.0030969071113387914,80.08601789922115,80.08601789922115,12_vs_43,round1,10C,d03,12.03.2026,C10,Sample34,s12,round1_10C_d03_12.03.2026_C10_Sample34.csv,../data/round01/round1_10C_d03_12.03.2026/round1_10C_d03_12.03.2026_C10_Sample34.csv
16,32,73090,12421,85511,0.8547438341266036,0.0012049645881230483,103.03772689498999,103.03772689498999,16_vs_32,round1,10C,d03,12.03.2026,D12,Sample48,s16,round1_10C_d03_12.03.2026_D12_Sample48.csv,../data/round01/round1_10C_d03_12.03.2026/round1_10C_d03_12.03.2026_D12_Sample48.csv
16,23,36445,12609,49054,0.7429567415501285,0.001973093471164582,96.78812713450742,96.78812713450742,16_vs_23,round1,10C,d03,12.03.2026,D7,Sample43,s15,round1_10C_d03_12.03.2026_D7_Sample43.csv,../data/round01/round1_10C_d03_12.03.2026/round1_10C_d03_12.03.2026_D7_Sample43.csv
20,23,3309,3534,6843,0.4835598421744849,0.006041041875133308,41.33884955153723,41.33884955153723,20_vs_23,round1,10C,d03,12.03.2026,E8,Sample56,s19,round1_10C_d03_12.03.2026_E8_Sample56.csv,../data/round01/round1_10C_d03_12.03.2026/round1_10C_d03_12.03.2026_E8_Sample56.csv
43,56,10335,78900,89235,0.11581778450159691,0.0010712501607860973,95.59300809774739,95.59300809774739,43_vs_56,round1,10C,d03,12.03.2026,G11,Sample83,s28,round1_10C_d03_12.03.2026_G11_Sample83.csv,../data/round01/round1_10C_d03_12.03.2026/round1_10C_d03_12.03.2026_G11_Sample83.csv
16,43,65805,16238,82043,0.802079397389174,0.0013910201353124786,114.12346496144168,114.12346496144168,16_vs_43,round1,10C,d03,12.03.2026,E1,Sample49,s17,round1_10C_d03_12.03.2026_E1_Sample49.csv,../data/round01/round1_10C_d03_12.03.2026/round1_10C_d03_12.03.2026_E1_Sample49.csv
23,32,7747,513,8260,0.9378934624697337,0.002655555543631292,21.93488879039447,21.93488879039447,23_vs_32,round1,10C,d03,12.03.2026,F8,Sample68,s23,round1_10C_d03_12.03.2026_F8_Sample68.csv,../data/round01/round1_10C_d03_12.03.2026/round1_10C_d03_12.03.2026_F8_Sample68.csv
06,43,6284,51634,57918,0.10849822162367485,0.0012923068267356437,74.84782679087502,74.84782679087502,06_vs_43,round1,10C,d03,12.03.2026,B5,Sample17,s06,round1_10C_d03_12.03.2026_B5_Sample17.csv,../data/round01/round1_10C_d03_12.03.2026/round1_10C_d03_12.03.2026_B5_Sample17.csv
06,43,4028,34433,38461,0.10472946621252698,0.0015613537275902592,60.05122571684896,60.05122571684896,06_vs_43,round1,10C,d03,12.03.2026,B6,Sample18,s06,round1_10C_d03_12.03.2026_B6_Sample18.csv,../data/round01/round1_10C_d03_12.03.2026/round1_10C_d03_12.03.2026_B6_Sample18.csv
16,20,41650,3713,45363,0.9181491523929194,0.0012871149221109928,58.38739421172097,58.38739421172097,16_vs_20,round1,10C,d03,12.03.2026,D5,Sample41,s14,round1_10C_d03_12.03.2026_D5_Sample41.csv,../data/round01/round1_10C_d03_12.03.2026/round1_10C_d03_12.03.2026_D5_Sample41.csv
12,20,8069,6819,14888,0.5419801182160129,0.004083341125814691,60.79278268112912,60.79278268112912,12_vs_20,round1,10C,d03,12.03.2026,C2,Sample26,s09,round1_10C_d03_12.03.2026_C2_Sample26.csv,../data/round01/round1_10C_d03_12.03.2026/round1_10C_d03_12.03.2026_C2_Sample26.csv
20,43,6663,11958,18621,0.35782181408087643,0.0035128506096107513,65.4127912015618,65.4127912015618,20_vs_43,round1,10C,d03,12.03.2026,F2,Sample62,s21,round1_10C_d03_12.03.2026_F2_Sample62.csv,../data/round01/round1_10C_d03_12.03.2026/round1_10C_d03_12.03.2026_F2_Sample62.csv
16,23,51786,15283,67069,0.772130194277535,0.0016196744952373802,108.62994872107585,108.62994872107585,16_vs_23,round1,10C,d03,12.03.2026,D9,Sample45,s15,round1_10C_d03_12.03.2026_D9_Sample45.csv,../data/round01/round1_10C_d03_12.03.2026/round1_10C_d03_12.03.2026_D9_Sample45.csv
23,32,4640,780,5420,0.8560885608856088,0.004767682890963414,25.840841269021702,25.840841269021702,23_vs_32,round1,10C,d03,12.03.2026,F7,Sample67,s23,round1_10C_d03_12.03.2026_F7_Sample67.csv,../data/round01/round1_10C_d03_12.03.2026/round1_10C_d03_12.03.2026_F7_Sample67.csv
23,43,11777,32085,43862,0.2685012083352332,0.00211609769194021,92.81627696388149,92.81627696388149,23_vs_43,round1,10C,d03,12.03.2026,F12,Sample72,s24,round1_10C_d03_12.03.2026_F12_Sample72.csv,../data/round01/round1_10C_d03_12.03.2026/round1_10C_d03_12.03.2026_F12_Sample72.csv
12,23,5872,4732,10604,0.5537533006412675,0.004827372508589055,51.18945808107834,51.18945808107834,12_vs_23,round1,10C,d03,12.03.2026,C6,Sample30,s10,round1_10C_d03_12.03.2026_C6_Sample30.csv,../data/round01/round1_10C_d03_12.03.2026/round1_10C_d03_12.03.2026_C6_Sample30.csv
20,32,5482,3196,8678,0.6317123761235308,0.005177778075623035,44.932758140256695,44.932758140256695,20_vs_32,round1,10C,d03,12.03.2026,E12,Sample60,s20,round1_10C_d03_12.03.2026_E12_Sample60.csv,../data/round01/round1_10C_d03_12.03.2026/round1_10C_d03_12.03.2026_E12_Sample60.csv
12,56,26407,217573,243980,0.10823428149848348,0.0006289711019839254,153.4563694620381,153.4563694620381,12_vs_56,round1,10C,d03,12.03.2026,D1,Sample37,s13,round1_10C_d03_12.03.2026_D1_Sample37.csv,../data/round01/round1_10C_d03_12.03.2026/round1_10C_d03_12.03.2026_D1_Sample37.csv
12,56,16853,263444,280297,0.06012550972718224,0.00044900904738424014,125.85588895466036,125.85588895466036,12_vs_56,round1,10C,d03,12.03.2026,D3,Sample39,s13,round1_10C_d03_12.03.2026_D3_Sample39.csv,../data/round01/round1_10C_d03_12.03.2026/round1_10C_d03_12.03.2026_D3_Sample39.csv
32,43,5861,26934,32795,0.1787162677237384,0.0021155575094975137,69.37970852397096,69.37970852397096,32_vs_43,round1,10C,d03,12.03.2026,G6,Sample78,s26,round1_10C_d03_12.03.2026_G6_Sample78.csv,../data/round01/round1_10C_d03_12.03.2026/round1_10C_d03_12.03.2026_G6_Sample78.csv
06,20,1586,7909,9495,0.16703528172722484,0.0038279823410133714,36.346692327921964,36.346692327921964,06_vs_20,round1,10C,d03,12.03.2026,A9,Sample9,s03,round1_10C_d03_12.03.2026_A9_Sample9.csv,../data/round01/round1_10C_d03_12.03.2026/round1_10C_d03_12.03.2026_A9_Sample9.csv
32,56,26051,85457,111508,0.23362449330989704,0.0012671469458836113,141.29702164158974,141.29702164158974,32_vs_56,round1,10C,d03,12.03.2026,G8,Sample80,s27,round1_10C_d03_12.03.2026_G8_Sample80.csv,../data/round01/round1_10C_d03_12.03.2026/round1_10C_d03_12.03.2026_G8_Sample80.csv
12,16,5268,70901,76169,0.06916199503735115,0.0009193516980998758,70.02609949256944,70.02609949256944,12_vs_16,round1,10C,d03,12.03.2026,B11,Sample23,s08,round1_10C_d03_12.03.2026_B11_Sample23.csv,../data/round01/round1_10C_d03_12.03.2026/round1_10C_d03_12.03.2026_B11_Sample23.csv
12,23,13155,14034,27189,0.4838353746000221,0.003030723456494228,82.40234005862158,82.40234005862158,12_vs_23,round1,10C,d03,12.03.2026,C5,Sample29,s10,round1_10C_d03_12.03.2026_C5_Sample29.csv,../data/round01/round1_10C_d03_12.03.2026/round1_10C_d03_12.03.2026_C5_Sample29.csv
16,56,47970,80504,128474,0.373382941295515,0.0013494932609361971,173.37479720551698,173.37479720551698,16_vs_56,round1,10C,d03,12.03.2026,E4,Sample52,s18,round1_10C_d03_12.03.2026_E4_Sample52.csv,../data/round01/round1_10C_d03_12.03.2026/round1_10C_d03_12.03.2026_E4_Sample52.csv
12,20,18761,15156,33917,0.5531444408408762,0.0026995672008385606,91.56122075084146,91.56122075084146,12_vs_20,round1,10C,d03,12.03.2026,C3,Sample27,s09,round1_10C_d03_12.03.2026_C3_Sample27.csv,../data/round01/round1_10C_d03_12.03.2026/round1_10C_d03_12.03.2026_C3_Sample27.csv
43,56,6655,68913,75568,0.08806637730256194,0.0010309027919875344,77.903262184914,77.903262184914,43_vs_56,round1,10C,d03,12.03.2026,G10,Sample82,s28,round1_10C_d03_12.03.2026_G10_Sample82.csv,../data/round01/round1_10C_d03_12.03.2026/round1_10C_d03_12.03.2026_G10_Sample82.csv
06,23,6902,5563,12465,0.5537103890894505,0.0044524964635168605,55.50036841773767,55.50036841773767,06_vs_23,round1,10C,d03,12.03.2026,A12,Sample12,s04,round1_10C_d03_12.03.2026_A12_Sample12.csv,../data/round01/round1_10C_d03_12.03.2026/round1_10C_d03_12.03.2026_A12_Sample12.csv
23,43,6754,22183,28937,0.23340360092614992,0.0024866256623390223,71.95548679110429,71.95548679110429,23_vs_43,round1,10C,d03,12.03.2026,F11,Sample71,s24,round1_10C_d03_12.03.2026_F11_Sample71.csv,../data/round01/round1_10C_d03_12.03.2026/round1_10C_d03_12.03.2026_F11_Sample71.csv
16,43,62835,17872,80707,0.7785570024904903,0.0014615732344188965,117.95919103024588,117.95919103024588,16_vs_43,round1,10C,d03,12.03.2026,E2,Sample50,s17,round1_10C_d03_12.03.2026_E2_Sample50.csv,../data/round01/round1_10C_d03_12.03.2026/round1_10C_d03_12.03.2026_E2_Sample50.csv
32,56,14016,68665,82681,0.16951899469043674,0.001304881805576505,107.888932566871,107.888932566871,32_vs_56,round1,10C,d03,12.03.2026,G7,Sample79,s27,round1_10C_d03_12.03.2026_G7_Sample79.csv,../data/round01/round1_10C_d03_12.03.2026/round1_10C_d03_12.03.2026_G7_Sample79.csv
16,56,38381,105195,143576,0.2673218365186382,0.0011679733063210713,167.69293542835413,167.69293542835413,16_vs_56,round1,10C,d03,12.03.2026,E5,Sample53,s18,round1_10C_d03_12.03.2026_E5_Sample53.csv,../data/round01/round1_10C_d03_12.03.2026/round1_10C_d03_12.03.2026_E5_Sample53.csv
06,32,5577,2407,7984,0.6985220440881763,0.005135793756216688,41.004177349634034,41.004177349634034,06_vs_32,round1,10C,d03,12.03.2026,B2,Sample14,s05,round1_10C_d03_12.03.2026_B2_Sample14.csv,../data/round01/round1_10C_d03_12.03.2026/round1_10C_d03_12.03.2026_B2_Sample14.csv
06,32,21379,8104,29483,0.725129735779941,0.0026000751534856633,76.65801575021781,76.65801575021781,06_vs_32,round1,10C,d03,12.03.2026,B1,Sample13,s05,round1_10C_d03_12.03.2026_B1_Sample13.csv,../data/round01/round1_10C_d03_12.03.2026/round1_10C_d03_12.03.2026_B1_Sample13.csv
23,56,13844,70345,84189,0.16443953485609758,0.0012775102278602569,107.55230857332717,107.55230857332717,23_vs_56,round1,10C,d03,12.03.2026,G2,Sample74,s25,round1_10C_d03_12.03.2026_G2_Sample74.csv,../data/round01/round1_10C_d03_12.03.2026/round1_10C_d03_12.03.2026_G2_Sample74.csv
06,56,5277,181335,186612,0.028277924249244423,0.00038372934671012776,71.60850084827037,71.60850084827037,06_vs_56,round1,10C,d03,12.03.2026,B8,Sample20,s07,round1_10C_d03_12.03.2026_B8_Sample20.csv,../data/round01/round1_10C_d03_12.03.2026/round1_10C_d03_12.03.2026_B8_Sample20.csv
32,43,11041,59200,70241,0.15718739767372333,0.0013733430356652962,96.46498816816607,96.46498816816607,32_vs_43,round1,10C,d03,12.03.2026,G5,Sample77,s26,round1_10C_d03_12.03.2026_G5_Sample77.csv,../data/round01/round1_10C_d03_12.03.2026/round1_10C_d03_12.03.2026_G5_Sample77.csv
16,20,58517,4399,62916,0.9300813783457308,0.0010166614398056438,63.96427114681189,63.96427114681189,16_vs_20,round1,10C,d03,12.03.2026,D4,Sample40,s14,round1_10C_d03_12.03.2026_D4_Sample40.csv,../data/round01/round1_10C_d03_12.03.2026/round1_10C_d03_12.03.2026_D4_Sample40.csv
06,43,4265,35366,39631,0.10761777396482551,0.0015566821397410171,61.69286988007625,61.69286988007625,06_vs_43,round1,10C,d03,12.03.2026,B4,Sample16,s06,round1_10C_d03_12.03.2026_B4_Sample16.csv,../data/round01/round1_10C_d03_12.03.2026/round1_10C_d03_12.03.2026_B4_Sample16.csv
06,23,9321,5031,14352,0.6494565217391305,0.003982811698610853,57.16131349846297,57.16131349846297,06_vs_23,round1,10C,d03,12.03.2026,A10,Sample10,s04,round1_10C_d03_12.03.2026_A10_Sample10.csv,../data/round01/round1_10C_d03_12.03.2026/round1_10C_d03_12.03.2026_A10_Sample10.csv
12,32,10773,8091,18864,0.5710877862595419,0.0036034520621838506,67.97551970103616,67.97551970103616,12_vs_32,round1,10C,d03,12.03.2026,C9,Sample33,s11,round1_10C_d03_12.03.2026_C9_Sample33.csv,../data/round01/round1_10C_d03_12.03.2026/round1_10C_d03_12.03.2026_C9_Sample33.csv
20,43,20667,39997,60664,0.3406798101015429,0.0019242250508193434,116.73118848290466,116.73118848290466,20_vs_43,round1,10C,d03,12.03.2026,F1,Sample61,s21,round1_10C_d03_12.03.2026_F1_Sample61.csv,../data/round01/round1_10C_d03_12.03.2026/round1_10C_d03_12.03.2026_F1_Sample61.csv
12,56,8088,130663,138751,0.05829147177317641,0.0006289884942310798,87.27278256305655,87.27278256305655,12_vs_56,round1,10C,d03,12.03.2026,D2,Sample38,s13,round1_10C_d03_12.03.2026_D2_Sample38.csv,../data/round01/round1_10C_d03_12.03.2026/round1_10C_d03_12.03.2026_D2_Sample38.csv
12,16,6029,81680,87709,0.06873866991984859,0.0008543075947289957,74.93046482608548,74.93046482608548,12_vs_16,round1,10C,d03,12.03.2026,B12,Sample24,s08,round1_10C_d03_12.03.2026_B12_Sample24.csv,../data/round01/round1_10C_d03_12.03.2026/round1_10C_d03_12.03.2026_B12_Sample24.csv
06,23,7465,3246,10711,0.6969470637662216,0.0044406253599383275,47.56353823029943,47.56353823029943,06_vs_23,round1,10C,d03,12.03.2026,A11,Sample11,s04,round1_10C_d03_12.03.2026_A11_Sample11.csv,../data/round01/round1_10C_d03_12.03.2026/round1_10C_d03_12.03.2026_A11_Sample11.csv
06,16,1890,42531,44421,0.04254744377659215,0.0009576376284582004,42.53922109374172,42.53922109374172,06_vs_16,round1,10C,d03,12.03.2026,A4,Sample4,s02,round1_10C_d03_12.03.2026_A4_Sample4.csv,../data/round01/round1_10C_d03_12.03.2026/round1_10C_d03_12.03.2026_A4_Sample4.csv
06,56,5489,176574,182063,0.03014890450009063,0.0004007536172702492,72.96240582107338,72.96240582107338,06_vs_56,round1,10C,d03,12.03.2026,B9,Sample21,s07,round1_10C_d03_12.03.2026_B9_Sample21.csv,../data/round01/round1_10C_d03_12.03.2026/round1_10C_d03_12.03.2026_B9_Sample21.csv
06,12,3506,9421,12927,0.2712152858358475,0.003910279801102172,50.548186988847775,50.548186988847775,06_vs_12,round1,10C,d03,12.03.2026,A1,Sample1,s01,round1_10C_d03_12.03.2026_A1_Sample1.csv,../data/round01/round1_10C_d03_12.03.2026/round1_10C_d03_12.03.2026_A1_Sample1.csv
06,20,2165,10663,12828,0.16877143748051138,0.0033069697939678666,42.42180851701979,42.42180851701979,06_vs_20,round1,10C,d03,12.03.2026,A7,Sample7,s03,round1_10C_d03_12.03.2026_A7_Sample7.csv,../data/round01/round1_10C_d03_12.03.2026/round1_10C_d03_12.03.2026_A7_Sample7.csv
16,20,68263,4919,73182,0.9327840179279058,0.0009256028544855992,67.73746809696512,67.73746809696512,16_vs_20,round1,10C,d03,12.03.2026,D6,Sample42,s14,round1_10C_d03_12.03.2026_D6_Sample42.csv,../data/round01/round1_10C_d03_12.03.2026/round1_10C_d03_12.03.2026_D6_Sample42.csv
12,32,3232,2085,5317,0.607861576076735,0.006695587890457563,35.60044081356286,35.60044081356286,12_vs_32,round1,10C,d03,12.03.2026,C8,Sample32,s11,round1_10C_d03_12.03.2026_C8_Sample32.csv,../data/round01/round1_10C_d03_12.03.2026/round1_10C_d03_12.03.2026_C8_Sample32.csv
20,32,3999,2130,6129,0.6524718551150269,0.006082485352464382,37.2795527252542,37.2795527252542,20_vs_32,round1,10C,d03,12.03.2026,E10,Sample58,s20,round1_10C_d03_12.03.2026_E10_Sample58.csv,../data/round01/round1_10C_d03_12.03.2026/round1_10C_d03_12.03.2026_E10_Sample58.csv
23,56,72584,263591,336175,0.21591135569271958,0.0007096392324197841,238.56296895872092,238.56296895872092,23_vs_56,round1,10C,d03,12.03.2026,G3,Sample75,s25,round1_10C_d03_12.03.2026_G3_Sample75.csv,../data/round01/round1_10C_d03_12.03.2026/round1_10C_d03_12.03.2026_G3_Sample75.csv
23,43,11978,41162,53140,0.22540459164471208,0.0018126254084821858,96.32291420674335,96.32291420674335,23_vs_43,round1,10C,d03,12.03.2026,F10,Sample70,s24,round1_10C_d03_12.03.2026_F10_Sample70.csv,../data/round01/round1_10C_d03_12.03.2026/round1_10C_d03_12.03.2026_F10_Sample70.csv
16,32,56820,10717,67537,0.8413166116351037,0.0014059652348422714,94.95467406554248,94.95467406554248,16_vs_32,round1,10C,d03,12.03.2026,D11,Sample47,s16,round1_10C_d03_12.03.2026_D11_Sample47.csv,../data/round01/round1_10C_d03_12.03.2026/round1_10C_d03_12.03.2026_D11_Sample47.csv
06,20,2840,56631,59471,0.04775436767500126,0.0008744367944398441,52.00363060213197,52.00363060213197,06_vs_20,round1,10C,d03,12.03.2026,A6,Sample6,s03,round1_10C_d03_12.03.2026_A6_Sample6.csv,../data/round01/round1_10C_d03_12.03.2026/round1_10C_d03_12.03.2026_A6_Sample6.csv
23,56,46547,285601,332148,0.14013933547695606,0.0006023213354610933,200.05982693073122,200.05982693073122,23_vs_56,round1,10C,d03,12.03.2026,G1,Sample73,s25,round1_10C_d03_12.03.2026_G1_Sample73.csv,../data/round01/round1_10C_d03_12.03.2026/round1_10C_d03_12.03.2026_G1_Sample73.csv
06,12,7298,19993,27291,0.26741416584221905,0.002679240739911837,73.11915903293394,73.11915903293394,06_vs_12,round1,10C,d03,12.03.2026,A3,Sample3,s01,round1_10C_d03_12.03.2026_A3_Sample3.csv,../data/round01/round1_10C_d03_12.03.2026/round1_10C_d03_12.03.2026_A3_Sample3.csv
06,32,22548,8840,31388,0.7183637058748567,0.0025388361859710134,79.68899020525816,79.68899020525816,06_vs_32,round1,10C,d03,12.03.2026,B3,Sample15,s05,round1_10C_d03_12.03.2026_B3_Sample15.csv,../data/round01/round1_10C_d03_12.03.2026/round1_10C_d03_12.03.2026_B3_Sample15.csv
23,32,7125,707,7832,0.909729315628192,0.0032381213719951704,25.360966585466176,25.360966585466176,23_vs_32,round1,10C,d03,12.03.2026,F9,Sample69,s23,round1_10C_d03_12.03.2026_F9_Sample69.csv,../data/round01/round1_10C_d03_12.03.2026/round1_10C_d03_12.03.2026_F9_Sample69.csv
12,32,5665,3625,9290,0.6097954790096879,0.005060930712417591,47.01604631835942,47.01604631835942,12_vs_32,round1,10C,d03,12.03.2026,C7,Sample31,s11,round1_10C_d03_12.03.2026_C7_Sample31.csv,../data/round01/round1_10C_d03_12.03.2026/round1_10C_d03_12.03.2026_C7_Sample31.csv
20,23,3925,5099,9024,0.43495124113475175,0.0052187165186645314,47.093697864428734,47.093697864428734,20_vs_23,round1,10C,d03,12.03.2026,E7,Sample55,s19,round1_10C_d03_12.03.2026_E7_Sample55.csv,../data/round01/round1_10C_d03_12.03.2026/round1_10C_d03_12.03.2026_E7_Sample55.csv
20,32,4028,2270,6298,0.639568116862496,0.006049976324005867,38.10275088858895,38.10275088858895,20_vs_32,round1,10C,d03,12.03.2026,E11,Sample59,s20,round1_10C_d03_12.03.2026_E11_Sample59.csv,../data/round01/round1_10C_d03_12.03.2026/round1_10C_d03_12.03.2026_E11_Sample59.csv
20,56,6315,165934,172249,0.03666204157934153,0.0004528134358668069,77.99666151462162,77.99666151462162,20_vs_56,round1,10C,d03,12.03.2026,F4,Sample64,s22,round1_10C_d03_12.03.2026_F4_Sample64.csv,../data/round01/round1_10C_d03_12.03.2026/round1_10C_d03_12.03.2026_F4_Sample64.csv
12,23,9333,8284,17617,0.5297723789521485,0.0037603887654825137,66.24676888150545,66.24676888150545,12_vs_23,round1,10C,d03,12.03.2026,C4,Sample28,s10,round1_10C_d03_12.03.2026_C4_Sample28.csv,../data/round01/round1_10C_d03_12.03.2026/round1_10C_d03_12.03.2026_C4_Sample28.csv
12,16,4630,50442,55072,0.08407176060429983,0.0011824706540288132,65.1210238586748,65.1210238586748,12_vs_16,round1,10C,d03,12.03.2026,B10,Sample22,s08,round1_10C_d03_12.03.2026_B10_Sample22.csv,../data/round01/round1_10C_d03_12.03.2026/round1_10C_d03_12.03.2026_B10_Sample22.csv
16,43,54632,15498,70130,0.7790104092399829,0.001566771344051868,109.8776743583575,109.8776743583575,16_vs_43,round1,10C,d03,12.03.2026,E3,Sample51,s17,round1_10C_d03_12.03.2026_E3_Sample51.csv,../data/round01/round1_10C_d03_12.03.2026/round1_10C_d03_12.03.2026_E3_Sample51.csv
06,12,2356,6249,8605,0.273794305636258,0.004806916668743703,41.363517934539566,41.363517934539566,06_vs_12,round1,10C,d03,12.03.2026,A2,Sample2,s01,round1_10C_d03_12.03.2026_A2_Sample2.csv,../data/round01/round1_10C_d03_12.03.2026/round1_10C_d03_12.03.2026_A2_Sample2.csv
32,43,8699,49691,58390,0.14898098989553005,0.0014735532034574556,86.04077154988083,86.04077154988083,32_vs_43,round1,10C,d03,12.03.2026,G4,Sample76,s26,round1_10C_d03_12.03.2026_G4_Sample76.csv,../data/round01/round1_10C_d03_12.03.2026/round1_10C_d03_12.03.2026_G4_Sample76.csv
