Round,Temp,Day,Date,Well,Sample,isolate_A,isolate_B,count_A,count_B,isolate_A_mono_counts,isolate_B_mono_counts,N,model_dir,summed_proba_A,summed_proba_B,Community,filename
round3,20C,d03,21.05.2026,C8,Sample32,06,32,16689,53723,12010,73571,70412,06_vs_32,19813.98242880631,50598.01757119298,s05,round3_20C_d03_21.05.2026_C8_Sample32.csv
round3,20C,d03,21.05.2026,F8,Sample68,16,43,72836,2226,45251,1904,75062,16_vs_43,72105.86720074792,2956.1327992538168,s17,round3_20C_d03_21.05.2026_F8_Sample68.csv
round3,20C,d03,21.05.2026,F12,Sample72,16,56,95862,1891,45251,549,97753,16_vs_56,95558.19507473343,2194.8049252665787,s18,round3_20C_d03_21.05.2026_F12_Sample72.csv
round3,20C,d03,21.05.2026,B7,Sample19,06,12,6559,1510,12010,36944,8069,06_vs_12,6172.023890910764,1896.9761090892362,s01,round3_20C_d03_21.05.2026_B7_Sample19.csv
round3,20C,d03,21.05.2026,C6,Sample30,06,23,4523,21549,12010,32373,26072,06_vs_23,5983.554033424968,20088.445966574833,s04,round3_20C_d03_21.05.2026_C6_Sample30.csv
round3,20C,d03,21.05.2026,G10,Sample82,20,56,5175,1671,3295,549,6846,20_vs_56,5075.532335525494,1770.467664474503,s22,round3_20C_d03_21.05.2026_G10_Sample82.csv
round3,20C,d03,21.05.2026,D10,Sample46,12,23,9720,37493,36944,32373,47213,12_vs_23,10889.859439808632,36323.14056019137,s10,round3_20C_d03_21.05.2026_D10_Sample46.csv
round3,20C,d03,21.05.2026,C3,Sample27,06,20,769,3370,12010,3295,4139,06_vs_20,1178.5093565360128,2960.490643463986,s03,round3_20C_d03_21.05.2026_C3_Sample27.csv
round3,20C,d03,21.05.2026,G3,Sample75,20,23,3109,62189,3295,32373,65298,20_vs_23,3926.1427683987367,61371.857231601265,s19,round3_20C_d03_21.05.2026_G3_Sample75.csv
round3,20C,d03,21.05.2026,H5,Sample89,23,43,34765,8778,32373,1904,43543,23_vs_43,27760.390175219345,15782.60982478069,s24,round3_20C_d03_21.05.2026_H5_Sample89.csv
round3,20C,d03,21.05.2026,B12,Sample24,06,16,1793,79071,12010,45251,80864,06_vs_16,2538.658293231736,78325.34170676986,s02,round3_20C_d03_21.05.2026_B12_Sample24.csv
round3,20C,d03,21.05.2026,E8,Sample56,12,56,36877,8550,36944,549,45427,12_vs_56,35890.48251856155,9536.517481438448,s13,round3_20C_d03_21.05.2026_E8_Sample56.csv
round3,20C,d03,21.05.2026,D7,Sample43,12,20,13543,11484,36944,3295,25027,12_vs_20,13619.288415406421,11407.711584593577,s09,round3_20C_d03_21.05.2026_D7_Sample43.csv
round3,20C,d03,21.05.2026,E9,Sample57,12,56,51769,13246,36944,549,65015,12_vs_56,50184.705892040576,14830.294107959418,s13,round3_20C_d03_21.05.2026_E9_Sample57.csv
round3,20C,d03,21.05.2026,C12,Sample36,06,43,12131,1797,12010,1904,13928,06_vs_43,11725.172437135068,2202.8275628649335,s06,round3_20C_d03_21.05.2026_C12_Sample36.csv
round3,20C,d03,21.05.2026,H3,Sample87,23,32,2159,4706,32373,73571,6865,23_vs_32,2755.368165424198,4109.631834575803,s23,round3_20C_d03_21.05.2026_H3_Sample87.csv
round3,20C,d03,21.05.2026,B5,Sample17,43,56,3885,242,1904,549,4127,43_vs_56,3753.5605813014286,373.43941869857167,s28,round3_20C_d03_21.05.2026_B5_Sample17.csv
round3,20C,d03,21.05.2026,D1,Sample37,06,56,18366,937,12010,549,19303,06_vs_56,18144.111894739857,1158.888105260144,s07,round3_20C_d03_21.05.2026_D1_Sample37.csv
round3,20C,d03,21.05.2026,B1,Sample13,32,56,189598,14449,73571,549,204047,32_vs_56,183207.92289660717,20839.07710339281,s27,round3_20C_d03_21.05.2026_B1_Sample13.csv
round3,20C,d03,21.05.2026,C9,Sample33,06,32,15906,61462,12010,73571,77368,06_vs_32,19244.335293075746,58123.66470692461,s05,round3_20C_d03_21.05.2026_C9_Sample33.csv
round3,20C,d03,21.05.2026,B4,Sample16,43,56,5272,512,1904,549,5784,43_vs_56,5053.4653315782525,730.5346684217467,s28,round3_20C_d03_21.05.2026_B4_Sample16.csv
round3,20C,d03,21.05.2026,E3,Sample51,12,32,444,6822,36944,73571,7266,12_vs_32,568.8090426418181,6697.190957358201,s11,round3_20C_d03_21.05.2026_E3_Sample51.csv
round3,20C,d03,21.05.2026,D4,Sample40,12,16,3576,3109,36944,45251,6685,12_vs_16,3442.707843078349,3242.292156921653,s08,round3_20C_d03_21.05.2026_D4_Sample40.csv
round3,20C,d03,21.05.2026,E11,Sample59,16,20,36937,15943,45251,3295,52880,16_vs_20,37228.07954012454,15651.920459875608,s14,round3_20C_d03_21.05.2026_E11_Sample59.csv
round3,20C,d03,21.05.2026,C10,Sample34,06,43,10185,3113,12010,1904,13298,06_vs_43,9909.317474038053,3388.6825259619472,s06,round3_20C_d03_21.05.2026_C10_Sample34.csv
round3,20C,d03,21.05.2026,H8,Sample92,23,56,54730,21419,32373,549,76149,23_vs_56,50507.036059406135,25641.96394059387,s25,round3_20C_d03_21.05.2026_H8_Sample92.csv
round3,20C,d03,21.05.2026,F2,Sample62,16,23,94734,27038,45251,32373,121772,16_vs_23,91387.95844858892,30384.041551413247,s15,round3_20C_d03_21.05.2026_F2_Sample62.csv
round3,20C,d03,21.05.2026,H11,Sample95,32,43,177324,2730,73571,1904,180054,32_vs_43,162883.3533449116,17170.64665508842,s26,round3_20C_d03_21.05.2026_H11_Sample95.csv
round3,20C,d03,21.05.2026,H6,Sample90,23,43,46847,15729,32373,1904,62576,23_vs_43,38967.44235552256,23608.557644477587,s24,round3_20C_d03_21.05.2026_H6_Sample90.csv
round3,20C,d03,21.05.2026,E12,Sample60,16,20,32148,16508,45251,3295,48656,16_vs_20,32329.178985976127,16326.821014023826,s14,round3_20C_d03_21.05.2026_E12_Sample60.csv
round3,20C,d03,21.05.2026,E4,Sample52,12,43,17962,16561,36944,1904,34523,12_vs_43,18417.833965252285,16105.166034747666,s12,round3_20C_d03_21.05.2026_E4_Sample52.csv
round3,20C,d03,21.05.2026,D8,Sample44,12,20,14958,13409,36944,3295,28367,12_vs_20,15001.516565164975,13365.483434835025,s09,round3_20C_d03_21.05.2026_D8_Sample44.csv
round3,20C,d03,21.05.2026,H1,Sample85,23,32,76111,92098,32373,73571,168209,23_vs_32,79500.1125953407,88708.8874046593,s23,round3_20C_d03_21.05.2026_H1_Sample85.csv
round3,20C,d03,21.05.2026,G4,Sample76,20,32,29115,195467,3295,73571,224582,20_vs_32,30307.513298961516,194274.48670104105,s20,round3_20C_d03_21.05.2026_G4_Sample76.csv
round3,20C,d03,21.05.2026,B9,Sample21,06,12,12534,2893,12010,36944,15427,06_vs_12,11820.318344497908,3606.6816555020932,s01,round3_20C_d03_21.05.2026_B9_Sample21.csv
round3,20C,d03,21.05.2026,E5,Sample53,12,43,7416,8734,36944,1904,16150,12_vs_43,7793.973368657379,8356.026631342595,s12,round3_20C_d03_21.05.2026_E5_Sample53.csv
round3,20C,d03,21.05.2026,H10,Sample94,32,43,540,11,73571,1904,551,32_vs_43,473.82693452419335,77.17306547580671,s26,round3_20C_d03_21.05.2026_H10_Sample94.csv
round3,20C,d03,21.05.2026,F1,Sample61,16,23,111705,27075,45251,32373,138780,16_vs_23,108618.7802364016,30161.219763599103,s15,round3_20C_d03_21.05.2026_F1_Sample61.csv
round3,20C,d03,21.05.2026,C1,Sample25,06,20,593,2168,12010,3295,2761,06_vs_20,856.1716446382925,1904.8283553617146,s03,round3_20C_d03_21.05.2026_C1_Sample25.csv
round3,20C,d03,21.05.2026,G12,Sample84,20,56,141,207,3295,549,348,20_vs_56,139.384210241248,208.61578975875193,s22,round3_20C_d03_21.05.2026_G12_Sample84.csv
round3,20C,d03,21.05.2026,H7,Sample91,23,56,46776,15477,32373,549,62253,23_vs_56,43265.65562559875,18987.34437440125,s25,round3_20C_d03_21.05.2026_H7_Sample91.csv
round3,20C,d03,21.05.2026,G7,Sample79,20,43,1828,9577,3295,1904,11405,20_vs_43,2221.9828647241834,9183.01713527577,s21,round3_20C_d03_21.05.2026_G7_Sample79.csv
round3,20C,d03,21.05.2026,H12,Sample96,32,43,192726,3572,73571,1904,196298,32_vs_43,178027.50641599394,18270.493584006093,s26,round3_20C_d03_21.05.2026_H12_Sample96.csv
round3,20C,d03,21.05.2026,F6,Sample66,16,32,57678,16657,45251,73571,74335,16_vs_32,56596.0263947131,17738.973605286898,s16,round3_20C_d03_21.05.2026_F6_Sample66.csv
round3,20C,d03,21.05.2026,G9,Sample81,20,43,1348,3149,3295,1904,4497,20_vs_43,1544.4257261863952,2952.5742738136114,s21,round3_20C_d03_21.05.2026_G9_Sample81.csv
round3,20C,d03,21.05.2026,F4,Sample64,16,32,2103,646,45251,73571,2749,16_vs_32,2054.4638232084717,694.5361767915283,s16,round3_20C_d03_21.05.2026_F4_Sample64.csv
round3,20C,d03,21.05.2026,B3,Sample15,32,56,289758,15593,73571,549,305351,32_vs_56,280962.6564931893,24388.34350681075,s27,round3_20C_d03_21.05.2026_B3_Sample15.csv
round3,20C,d03,21.05.2026,H9,Sample93,23,56,40936,5153,32373,549,46089,23_vs_56,38668.42695641493,7420.573043585072,s25,round3_20C_d03_21.05.2026_H9_Sample93.csv
round3,20C,d03,21.05.2026,E6,Sample54,12,43,130,579,36944,1904,709,12_vs_43,169.7131703154461,539.2868296845538,s12,round3_20C_d03_21.05.2026_E6_Sample54.csv
round3,20C,d03,21.05.2026,C2,Sample26,06,20,887,4043,12010,3295,4930,06_vs_20,1272.8688309642462,3657.1311690357406,s03,round3_20C_d03_21.05.2026_C2_Sample26.csv
round3,20C,d03,21.05.2026,C4,Sample28,06,23,57517,51555,12010,32373,109072,06_vs_23,61376.74649023809,47695.25350976196,s04,round3_20C_d03_21.05.2026_C4_Sample28.csv
round3,20C,d03,21.05.2026,E7,Sample55,12,56,135,234,36944,549,369,12_vs_56,160.82143010501596,208.17856989498407,s13,round3_20C_d03_21.05.2026_E7_Sample55.csv
round3,20C,d03,21.05.2026,H4,Sample88,23,43,44977,16627,32373,1904,61604,23_vs_43,36813.68900020897,24790.310999791094,s24,round3_20C_d03_21.05.2026_H4_Sample88.csv
round3,20C,d03,21.05.2026,C11,Sample35,06,43,10215,1427,12010,1904,11642,06_vs_43,9919.753902695686,1722.2460973043148,s06,round3_20C_d03_21.05.2026_C11_Sample35.csv
round3,20C,d03,21.05.2026,F11,Sample71,16,56,93811,2106,45251,549,95917,16_vs_56,93568.76725952093,2348.232740479065,s18,round3_20C_d03_21.05.2026_F11_Sample71.csv
round3,20C,d03,21.05.2026,C7,Sample31,06,32,13359,45612,12010,73571,58971,06_vs_32,15990.035861121265,42980.96413887867,s05,round3_20C_d03_21.05.2026_C7_Sample31.csv
round3,20C,d03,21.05.2026,C5,Sample29,06,23,6985,28450,12010,32373,35435,06_vs_23,7767.622152435189,27667.377847564625,s04,round3_20C_d03_21.05.2026_C5_Sample29.csv
round3,20C,d03,21.05.2026,G2,Sample74,20,23,5294,100858,3295,32373,106152,20_vs_23,6783.763930796491,99368.23606920351,s19,round3_20C_d03_21.05.2026_G2_Sample74.csv
round3,20C,d03,21.05.2026,G5,Sample77,20,32,17834,164981,3295,73571,182815,20_vs_32,18657.574010164626,164157.4259898374,s20,round3_20C_d03_21.05.2026_G5_Sample77.csv
round3,20C,d03,21.05.2026,F9,Sample69,16,43,116881,4581,45251,1904,121462,16_vs_43,115737.56447568379,5724.435524323045,s17,round3_20C_d03_21.05.2026_F9_Sample69.csv
round3,20C,d03,21.05.2026,D6,Sample42,12,16,4968,67012,36944,45251,71980,12_vs_16,6995.21667150369,64984.78332849671,s08,round3_20C_d03_21.05.2026_D6_Sample42.csv
round3,20C,d03,21.05.2026,D12,Sample48,12,23,10629,44457,36944,32373,55086,12_vs_23,12072.881635634954,43013.118364365044,s10,round3_20C_d03_21.05.2026_D12_Sample48.csv
round3,20C,d03,21.05.2026,F7,Sample67,16,43,51729,2722,45251,1904,54451,16_vs_43,51093.243965291695,3357.756034709438,s17,round3_20C_d03_21.05.2026_F7_Sample67.csv
round3,20C,d03,21.05.2026,G1,Sample73,20,23,66147,635182,3295,32373,701329,20_vs_23,77991.46123043032,623337.5387695697,s19,round3_20C_d03_21.05.2026_G1_Sample73.csv
round3,20C,d03,21.05.2026,D9,Sample45,12,20,15157,13293,36944,3295,28450,12_vs_20,15204.61428916652,13245.38571083348,s09,round3_20C_d03_21.05.2026_D9_Sample45.csv
round3,20C,d03,21.05.2026,D5,Sample41,12,16,4568,57017,36944,45251,61585,12_vs_16,6242.556504144421,55342.44349585635,s08,round3_20C_d03_21.05.2026_D5_Sample41.csv
round3,20C,d03,21.05.2026,F3,Sample63,16,23,74583,25216,45251,32373,99799,16_vs_23,71780.0424098962,28018.95759010387,s15,round3_20C_d03_21.05.2026_F3_Sample63.csv
round3,20C,d03,21.05.2026,G11,Sample83,20,56,2661,1020,3295,549,3681,20_vs_56,2621.528160254813,1059.4718397451848,s22,round3_20C_d03_21.05.2026_G11_Sample83.csv
round3,20C,d03,21.05.2026,B8,Sample20,06,12,9111,2124,12010,36944,11235,06_vs_12,8595.140983404655,2639.8590165953437,s01,round3_20C_d03_21.05.2026_B8_Sample20.csv
round3,20C,d03,21.05.2026,B11,Sample23,06,16,1898,65445,12010,45251,67343,06_vs_16,2668.1072339676225,64674.89276603292,s02,round3_20C_d03_21.05.2026_B11_Sample23.csv
round3,20C,d03,21.05.2026,D11,Sample47,12,23,5604,43257,36944,32373,48861,12_vs_23,7140.794353607091,41720.20564639291,s10,round3_20C_d03_21.05.2026_D11_Sample47.csv
round3,20C,d03,21.05.2026,B2,Sample14,32,56,162786,10181,73571,549,172967,32_vs_56,157592.90628901648,15374.093710983514,s27,round3_20C_d03_21.05.2026_B2_Sample14.csv
round3,20C,d03,21.05.2026,D3,Sample39,06,56,11854,604,12010,549,12458,06_vs_56,11660.120502848782,797.8794971512193,s07,round3_20C_d03_21.05.2026_D3_Sample39.csv
round3,20C,d03,21.05.2026,E2,Sample50,12,32,7553,181484,36944,73571,189037,12_vs_32,12435.172471341662,176601.8275286553,s11,round3_20C_d03_21.05.2026_E2_Sample50.csv
round3,20C,d03,21.05.2026,G8,Sample80,20,43,1504,4723,3295,1904,6227,20_vs_43,1705.5069399070512,4521.4930600929365,s21,round3_20C_d03_21.05.2026_G8_Sample80.csv
round3,20C,d03,21.05.2026,B6,Sample18,43,56,2279,137,1904,549,2416,43_vs_56,2204.2976345382262,211.70236546177384,s28,round3_20C_d03_21.05.2026_B6_Sample18.csv
round3,20C,d03,21.05.2026,B10,Sample22,06,16,1789,63465,12010,45251,65254,06_vs_16,2382.2869816141247,62871.71301838642,s02,round3_20C_d03_21.05.2026_B10_Sample22.csv
round3,20C,d03,21.05.2026,E1,Sample49,12,32,7960,177195,36944,73571,185155,12_vs_32,13479.190545884008,171675.80945411665,s11,round3_20C_d03_21.05.2026_E1_Sample49.csv
round3,20C,d03,21.05.2026,F5,Sample65,16,32,56646,19889,45251,73571,76535,16_vs_32,55615.40640809566,20919.593591904344,s16,round3_20C_d03_21.05.2026_F5_Sample65.csv
round3,20C,d03,21.05.2026,E10,Sample58,16,20,35712,16998,45251,3295,52710,16_vs_20,35988.679060529335,16721.320939470716,s14,round3_20C_d03_21.05.2026_E10_Sample58.csv
round3,20C,d03,21.05.2026,D2,Sample38,06,56,13817,704,12010,549,14521,06_vs_56,13585.906175107959,935.0938248920419,s07,round3_20C_d03_21.05.2026_D2_Sample38.csv
round3,20C,d03,21.05.2026,H2,Sample86,23,32,59281,73215,32373,73571,132496,23_vs_32,62312.52796880917,70183.47203119082,s23,round3_20C_d03_21.05.2026_H2_Sample86.csv
round3,20C,d03,21.05.2026,G6,Sample78,20,32,125041,276955,3295,73571,401996,20_vs_32,126915.29208825278,275080.70791175426,s20,round3_20C_d03_21.05.2026_G6_Sample78.csv
round3,20C,d03,21.05.2026,F10,Sample70,16,56,98405,2364,45251,549,100769,16_vs_56,98191.9737077487,2577.0262922513057,s18,round3_20C_d03_21.05.2026_F10_Sample70.csv
round3,10C,d07,25.05.2026,C2,Sample26,06,20,3322,59434,42023,43848,62756,06_vs_20,7016.931434087395,55739.068565912574,s03,round3_10C_d07_25.05.2026_C2_Sample26.csv
round3,10C,d07,25.05.2026,E3,Sample51,12,32,123064,404766,206393,370605,527830,12_vs_32,130252.73905262804,397577.26094735187,s11,round3_10C_d07_25.05.2026_E3_Sample51.csv
round3,10C,d07,25.05.2026,G6,Sample78,20,32,89638,688598,43848,370605,778236,20_vs_32,96921.11000050214,681314.8899995034,s20,round3_10C_d07_25.05.2026_G6_Sample78.csv
round3,10C,d07,25.05.2026,B8,Sample20,06,12,36388,794912,42023,206393,831300,06_vs_12,52269.18678752906,779030.813212471,s01,round3_10C_d07_25.05.2026_B8_Sample20.csv
round3,10C,d07,25.05.2026,F7,Sample67,16,43,354160,35820,138736,32887,389980,16_vs_43,340577.9368874779,49402.0631125426,s17,round3_10C_d07_25.05.2026_F7_Sample67.csv
round3,10C,d07,25.05.2026,D5,Sample41,12,16,111779,456052,206393,138736,567831,12_vs_16,139212.56188697153,428618.4381130522,s08,round3_10C_d07_25.05.2026_D5_Sample41.csv
round3,10C,d07,25.05.2026,G5,Sample77,20,32,76723,739685,43848,370605,816408,20_vs_32,84885.18723229463,731522.8127677016,s20,round3_10C_d07_25.05.2026_G5_Sample77.csv
round3,10C,d07,25.05.2026,E11,Sample59,16,20,335789,331375,138736,43848,667164,16_vs_20,320746.86319563224,346417.1368043662,s14,round3_10C_d07_25.05.2026_E11_Sample59.csv
round3,10C,d07,25.05.2026,B6,Sample18,43,56,44926,512551,32887,727081,557477,43_vs_56,67890.17137149224,489586.8286285078,s28,round3_10C_d07_25.05.2026_B6_Sample18.csv
round3,10C,d07,25.05.2026,B1,Sample13,32,56,147757,884068,370605,727081,1031825,32_vs_56,175995.64072216098,855829.3592778391,s27,round3_10C_d07_25.05.2026_B1_Sample13.csv
round3,10C,d07,25.05.2026,G8,Sample80,20,43,25535,4908,43848,32887,30443,20_vs_43,25504.89157240572,4938.108427594427,s21,round3_10C_d07_25.05.2026_G8_Sample80.csv
round3,10C,d07,25.05.2026,F11,Sample71,16,56,668002,355328,138736,727081,1023330,16_vs_56,674117.1096545919,349212.8903454081,s18,round3_10C_d07_25.05.2026_F11_Sample71.csv
round3,10C,d07,25.05.2026,F12,Sample72,16,56,612253,360543,138736,727081,972796,16_vs_56,618240.2220563055,354555.77794369444,s18,round3_10C_d07_25.05.2026_F12_Sample72.csv
round3,10C,d07,25.05.2026,D11,Sample47,12,23,310797,371738,206393,245507,682535,12_vs_23,305999.0882193243,376535.9117806757,s10,round3_10C_d07_25.05.2026_D11_Sample47.csv
round3,10C,d07,25.05.2026,B5,Sample17,43,56,54160,690516,32887,727081,744676,43_vs_56,80457.77634896804,664218.223651032,s28,round3_10C_d07_25.05.2026_B5_Sample17.csv
round3,10C,d07,25.05.2026,D12,Sample48,12,23,309931,336301,206393,245507,646232,12_vs_23,304469.0768754889,341762.9231245111,s10,round3_10C_d07_25.05.2026_D12_Sample48.csv
round3,10C,d07,25.05.2026,E4,Sample52,12,43,476337,67258,206393,32887,543595,12_vs_43,446010.91953251575,97584.08046748502,s12,round3_10C_d07_25.05.2026_E4_Sample52.csv
round3,10C,d07,25.05.2026,B11,Sample23,06,16,6613,467672,42023,138736,474285,06_vs_16,18198.662408127966,456086.33759187954,s02,round3_10C_d07_25.05.2026_B11_Sample23.csv
round3,10C,d07,25.05.2026,H6,Sample90,23,43,333091,39200,245507,32887,372291,23_vs_43,303617.37926844583,68673.62073155575,s24,round3_10C_d07_25.05.2026_H6_Sample90.csv
round3,10C,d07,25.05.2026,H9,Sample93,23,56,100800,350802,245507,727081,451602,23_vs_56,107605.55182447491,343996.44817552506,s25,round3_10C_d07_25.05.2026_H9_Sample93.csv
round3,10C,d07,25.05.2026,G12,Sample84,20,56,88158,131833,43848,727081,219991,20_vs_56,89875.98274200625,130115.01725799216,s22,round3_10C_d07_25.05.2026_G12_Sample84.csv
round3,10C,d07,25.05.2026,C9,Sample33,06,32,9362,455585,42023,370605,464947,06_vs_32,20569.33618660848,444377.6638133922,s05,round3_10C_d07_25.05.2026_C9_Sample33.csv
round3,10C,d07,25.05.2026,H5,Sample89,23,43,293271,33432,245507,32887,326703,23_vs_43,266630.23915929365,60072.760840708215,s24,round3_10C_d07_25.05.2026_H5_Sample89.csv
round3,10C,d07,25.05.2026,B3,Sample15,32,56,149053,495140,370605,727081,644193,32_vs_56,169310.9293624679,474882.0706375321,s27,round3_10C_d07_25.05.2026_B3_Sample15.csv
round3,10C,d07,25.05.2026,C5,Sample29,06,23,1969,393196,42023,245507,395165,06_vs_23,11180.553065880105,383984.44693411776,s04,round3_10C_d07_25.05.2026_C5_Sample29.csv
round3,10C,d07,25.05.2026,D8,Sample44,12,20,675754,123001,206393,43848,798755,12_vs_20,664166.1022592925,134588.8977407075,s09,round3_10C_d07_25.05.2026_D8_Sample44.csv
round3,10C,d07,25.05.2026,F4,Sample64,16,32,363414,58332,138736,370605,421746,16_vs_32,356765.57299359667,64980.427006403304,s16,round3_10C_d07_25.05.2026_F4_Sample64.csv
round3,10C,d07,25.05.2026,E12,Sample60,16,20,285915,363504,138736,43848,649419,16_vs_20,275484.88705676224,373934.11294324684,s14,round3_10C_d07_25.05.2026_E12_Sample60.csv
round3,10C,d07,25.05.2026,G4,Sample76,20,32,40208,556183,43848,370605,596391,20_vs_32,46601.050283342905,549789.9497166416,s20,round3_10C_d07_25.05.2026_G4_Sample76.csv
round3,10C,d07,25.05.2026,D4,Sample40,12,16,76413,323914,206393,138736,400327,12_vs_16,91244.15316891552,309082.8468311025,s08,round3_10C_d07_25.05.2026_D4_Sample40.csv
round3,10C,d07,25.05.2026,H10,Sample94,32,43,388249,25166,370605,32887,413415,32_vs_43,348584.84922344645,64830.15077655356,s26,round3_10C_d07_25.05.2026_H10_Sample94.csv
round3,10C,d07,25.05.2026,C4,Sample28,06,23,2104,304285,42023,245507,306389,06_vs_23,9332.676005513358,297056.32399448287,s04,round3_10C_d07_25.05.2026_C4_Sample28.csv
round3,10C,d07,25.05.2026,E10,Sample58,16,20,52674,110836,138736,43848,163510,16_vs_20,57708.449636401616,105801.5503636013,s14,round3_10C_d07_25.05.2026_E10_Sample58.csv
round3,10C,d07,25.05.2026,C3,Sample27,06,20,4068,64044,42023,43848,68112,06_vs_20,8432.096961594878,59679.90303840501,s03,round3_10C_d07_25.05.2026_C3_Sample27.csv
round3,10C,d07,25.05.2026,F10,Sample70,16,56,313952,363150,138736,727081,677102,16_vs_56,325017.732231412,352084.267768588,s18,round3_10C_d07_25.05.2026_F10_Sample70.csv
round3,10C,d07,25.05.2026,B12,Sample24,06,16,7182,513528,42023,138736,520710,06_vs_16,19749.325759890573,500960.67424012255,s02,round3_10C_d07_25.05.2026_B12_Sample24.csv
round3,10C,d07,25.05.2026,G2,Sample74,20,23,51939,373867,43848,245507,425806,20_vs_23,57891.48690013585,367914.5130998642,s19,round3_10C_d07_25.05.2026_G2_Sample74.csv
round3,10C,d07,25.05.2026,G7,Sample79,20,43,72527,9352,43848,32887,81879,20_vs_43,70827.21443281246,11051.78556718798,s21,round3_10C_d07_25.05.2026_G7_Sample79.csv
round3,10C,d07,25.05.2026,C8,Sample32,06,32,14170,563695,42023,370605,577865,06_vs_32,27851.61060773424,550013.3893922627,s05,round3_10C_d07_25.05.2026_C8_Sample32.csv
round3,10C,d07,25.05.2026,D1,Sample37,06,56,29970,1032794,42023,727081,1062764,06_vs_56,37168.864787170045,1025595.1352128299,s07,round3_10C_d07_25.05.2026_D1_Sample37.csv
round3,10C,d07,25.05.2026,E9,Sample57,12,56,118418,536046,206393,727081,654464,12_vs_56,165869.0459161341,488594.95408386586,s13,round3_10C_d07_25.05.2026_E9_Sample57.csv
round3,10C,d07,25.05.2026,D3,Sample39,06,56,17077,681278,42023,727081,698355,06_vs_56,21874.103730046085,676480.8962699538,s07,round3_10C_d07_25.05.2026_D3_Sample39.csv
round3,10C,d07,25.05.2026,E7,Sample55,12,56,111177,661736,206393,727081,772913,12_vs_56,166024.53201442165,606888.4679855783,s13,round3_10C_d07_25.05.2026_E7_Sample55.csv
round3,10C,d07,25.05.2026,F2,Sample62,16,23,305585,59329,138736,245507,364914,16_vs_23,294886.46408240584,70027.53591760187,s15,round3_10C_d07_25.05.2026_F2_Sample62.csv
round3,10C,d07,25.05.2026,F3,Sample63,16,23,362695,52902,138736,245507,415597,16_vs_23,351151.3343372575,64445.665662754436,s15,round3_10C_d07_25.05.2026_F3_Sample63.csv
round3,10C,d07,25.05.2026,E2,Sample50,12,32,95118,408531,206393,370605,503649,12_vs_32,105768.96754843461,397880.03245155973,s11,round3_10C_d07_25.05.2026_E2_Sample50.csv
round3,10C,d07,25.05.2026,H2,Sample86,23,32,141448,162536,245507,370605,303984,23_vs_32,142906.77757895307,161077.22242104693,s23,round3_10C_d07_25.05.2026_H2_Sample86.csv
round3,10C,d07,25.05.2026,C6,Sample30,06,23,1490,305791,42023,245507,307281,06_vs_23,8516.52829188623,298764.47170811566,s04,round3_10C_d07_25.05.2026_C6_Sample30.csv
round3,10C,d07,25.05.2026,B2,Sample14,32,56,135144,452850,370605,727081,587994,32_vs_56,152891.08404219372,435102.9159578063,s27,round3_10C_d07_25.05.2026_B2_Sample14.csv
round3,10C,d07,25.05.2026,C1,Sample25,06,20,8636,101709,42023,43848,110345,06_vs_20,18013.38420977239,92331.61579022893,s03,round3_10C_d07_25.05.2026_C1_Sample25.csv
round3,10C,d07,25.05.2026,F9,Sample69,16,43,295726,29784,138736,32887,325510,16_vs_43,284482.25349180377,41027.74650821645,s17,round3_10C_d07_25.05.2026_F9_Sample69.csv
round3,10C,d07,25.05.2026,C7,Sample31,06,32,11900,522424,42023,370605,534324,06_vs_32,25432.02431857835,508891.97568141116,s05,round3_10C_d07_25.05.2026_C7_Sample31.csv
round3,10C,d07,25.05.2026,E1,Sample49,12,32,190913,482613,206393,370605,673526,12_vs_32,196181.89263576904,477344.1073642293,s11,round3_10C_d07_25.05.2026_E1_Sample49.csv
round3,10C,d07,25.05.2026,G3,Sample75,20,23,85057,418149,43848,245507,503206,20_vs_23,90727.4855727368,412478.5144272632,s19,round3_10C_d07_25.05.2026_G3_Sample75.csv
round3,10C,d07,25.05.2026,H8,Sample92,23,56,171593,691979,245507,727081,863572,23_vs_56,186858.80637185887,676713.1936281411,s25,round3_10C_d07_25.05.2026_H8_Sample92.csv
round3,10C,d07,25.05.2026,H12,Sample96,32,43,514168,40874,370605,32887,555042,32_vs_43,462436.4513821428,92605.54861785722,s26,round3_10C_d07_25.05.2026_H12_Sample96.csv
round3,10C,d07,25.05.2026,E6,Sample54,12,43,425047,63184,206393,32887,488231,12_vs_43,397496.4828453547,90734.51715465699,s12,round3_10C_d07_25.05.2026_E6_Sample54.csv
round3,10C,d07,25.05.2026,C10,Sample34,06,43,39521,23571,42023,32887,63092,06_vs_43,41037.90931450857,22054.090685491432,s06,round3_10C_d07_25.05.2026_C10_Sample34.csv
round3,10C,d07,25.05.2026,D10,Sample46,12,23,322720,419648,206393,245507,742368,12_vs_23,321888.2304233477,420479.7695766523,s10,round3_10C_d07_25.05.2026_D10_Sample46.csv
round3,10C,d07,25.05.2026,F5,Sample65,16,32,406608,46897,138736,370605,453505,16_vs_32,399934.64966329443,53570.35033670554,s16,round3_10C_d07_25.05.2026_F5_Sample65.csv
round3,10C,d07,25.05.2026,G10,Sample82,20,56,71500,95916,43848,727081,167416,20_vs_56,73867.26719442103,93548.73280558275,s22,round3_10C_d07_25.05.2026_G10_Sample82.csv
round3,10C,d07,25.05.2026,E5,Sample53,12,43,610792,73281,206393,32887,684073,12_vs_43,571975.4978929883,112097.50210698998,s12,round3_10C_d07_25.05.2026_E5_Sample53.csv
round3,10C,d07,25.05.2026,B4,Sample16,43,56,36109,371146,32887,727081,407255,43_vs_56,53876.906008918624,353378.09399108135,s28,round3_10C_d07_25.05.2026_B4_Sample16.csv
round3,10C,d07,25.05.2026,B7,Sample19,06,12,14908,428235,42023,206393,443143,06_vs_12,23473.776667677797,419669.2233323222,s01,round3_10C_d07_25.05.2026_B7_Sample19.csv
round3,10C,d07,25.05.2026,D9,Sample45,12,20,777418,124819,206393,43848,902237,12_vs_20,763961.775254837,138275.224745163,s09,round3_10C_d07_25.05.2026_D9_Sample45.csv
round3,10C,d07,25.05.2026,F8,Sample68,16,43,656024,39035,138736,32887,695059,16_vs_43,630805.2010299031,64253.79897021164,s17,round3_10C_d07_25.05.2026_F8_Sample68.csv
round3,10C,d07,25.05.2026,C11,Sample35,06,43,42940,30785,42023,32887,73725,06_vs_43,44912.205644281275,28812.794355718732,s06,round3_10C_d07_25.05.2026_C11_Sample35.csv
round3,10C,d07,25.05.2026,D2,Sample38,06,56,14453,552921,42023,727081,567374,06_vs_56,19035.255668474212,548338.7443315258,s07,round3_10C_d07_25.05.2026_D2_Sample38.csv
round3,10C,d07,25.05.2026,G11,Sample83,20,56,131628,173212,43848,727081,304840,20_vs_56,134195.56783055,170644.4321694468,s22,round3_10C_d07_25.05.2026_G11_Sample83.csv
round3,10C,d07,25.05.2026,G1,Sample73,20,23,277577,1015793,43848,245507,1293370,20_vs_23,293937.7696432017,999432.2303567983,s19,round3_10C_d07_25.05.2026_G1_Sample73.csv
round3,10C,d07,25.05.2026,H11,Sample95,32,43,605586,55070,370605,32887,660656,32_vs_43,547832.614790919,112823.38520908095,s26,round3_10C_d07_25.05.2026_H11_Sample95.csv
round3,10C,d07,25.05.2026,H3,Sample87,23,32,183761,153567,245507,370605,337328,23_vs_32,178004.37313515448,159323.62686484552,s23,round3_10C_d07_25.05.2026_H3_Sample87.csv
round3,10C,d07,25.05.2026,F1,Sample61,16,23,573611,45407,138736,245507,619018,16_vs_23,559214.6501850614,59803.34981494509,s15,round3_10C_d07_25.05.2026_F1_Sample61.csv
round3,10C,d07,25.05.2026,G9,Sample81,20,43,52304,5797,43848,32887,58101,20_vs_43,51565.202815943325,6535.797184057092,s21,round3_10C_d07_25.05.2026_G9_Sample81.csv
round3,10C,d07,25.05.2026,H7,Sample91,23,56,77889,286861,245507,727081,364750,23_vs_56,83669.7547243164,281080.2452756836,s25,round3_10C_d07_25.05.2026_H7_Sample91.csv
round3,10C,d07,25.05.2026,D6,Sample42,12,16,73618,279941,206393,138736,353559,12_vs_16,88727.1292073448,264831.8707926666,s08,round3_10C_d07_25.05.2026_D6_Sample42.csv
round3,10C,d07,25.05.2026,B10,Sample22,06,16,4522,351790,42023,138736,356312,06_vs_16,11346.832865108963,344965.1671348948,s02,round3_10C_d07_25.05.2026_B10_Sample22.csv
round3,10C,d07,25.05.2026,C12,Sample36,06,43,43750,28373,42023,32887,72123,06_vs_43,45200.51604366988,26922.483956330118,s06,round3_10C_d07_25.05.2026_C12_Sample36.csv
round3,10C,d07,25.05.2026,H4,Sample88,23,43,281408,35731,245507,32887,317139,23_vs_43,253437.31356583422,63701.68643416307,s24,round3_10C_d07_25.05.2026_H4_Sample88.csv
round3,10C,d07,25.05.2026,E8,Sample56,12,56,160207,709214,206393,727081,869421,12_vs_56,219402.66904980724,650018.3309501928,s13,round3_10C_d07_25.05.2026_E8_Sample56.csv
round3,10C,d07,25.05.2026,H1,Sample85,23,32,356323,242196,245507,370605,598519,23_vs_32,340928.69221308146,257590.30778691857,s23,round3_10C_d07_25.05.2026_H1_Sample85.csv
round3,10C,d07,25.05.2026,F6,Sample66,16,32,321542,56354,138736,370605,377896,16_vs_32,315978.3800159564,61917.619984043566,s16,round3_10C_d07_25.05.2026_F6_Sample66.csv
round3,10C,d07,25.05.2026,B9,Sample21,06,12,15589,459204,42023,206393,474793,06_vs_12,22789.983719943102,452003.0162800569,s01,round3_10C_d07_25.05.2026_B9_Sample21.csv
round3,10C,d07,25.05.2026,D7,Sample43,12,20,778996,151095,206393,43848,930091,12_vs_20,766249.630533464,163841.36946653598,s09,round3_10C_d07_25.05.2026_D7_Sample43.csv
round3,10C,d02,20.05.2026,C2,Sample26,06,20,718,3936,17,2311,4654,06_vs_20,963.100633528637,3690.899366471371,s03,round3_10C_d02_20.05.2026_C2_Sample26.csv
round3,10C,d02,20.05.2026,B3,Sample15,32,56,10498,1921,2018,32724,12419,32_vs_56,10189.260561677209,2229.739438322791,s27,round3_10C_d02_20.05.2026_B3_Sample15.csv
round3,10C,d02,20.05.2026,F11,Sample71,16,56,64570,10832,9012,32724,75402,16_vs_56,65267.80957300999,10134.190426990015,s18,round3_10C_d02_20.05.2026_F11_Sample71.csv
round3,10C,d02,20.05.2026,E6,Sample54,12,43,220,49,388,92,269,12_vs_43,213.5582930412001,55.44170695879973,s12,round3_10C_d02_20.05.2026_E6_Sample54.csv
round3,10C,d02,20.05.2026,E7,Sample55,12,56,2702,2340,388,32724,5042,12_vs_56,2721.459395942761,2320.540604057239,s13,round3_10C_d02_20.05.2026_E7_Sample55.csv
round3,10C,d02,20.05.2026,F9,Sample69,16,43,41070,221,9012,92,41291,16_vs_43,41076.71397991203,214.28602008857834,s17,round3_10C_d02_20.05.2026_F9_Sample69.csv
round3,10C,d02,20.05.2026,D1,Sample37,06,56,6271,13243,17,32724,19514,06_vs_56,6350.16078062771,13163.83921937229,s07,round3_10C_d02_20.05.2026_D1_Sample37.csv
round3,10C,d02,20.05.2026,H6,Sample90,23,43,326,44,1161,92,370,23_vs_43,321.9945191818807,48.00548081811945,s24,round3_10C_d02_20.05.2026_H6_Sample90.csv
round3,10C,d02,20.05.2026,E12,Sample60,16,20,13188,5923,9012,2311,19111,16_vs_20,13339.829291669452,5771.170708330529,s14,round3_10C_d02_20.05.2026_E12_Sample60.csv
round3,10C,d02,20.05.2026,F8,Sample68,16,43,28503,195,9012,92,28698,16_vs_43,28507.830082868983,190.16991713121283,s17,round3_10C_d02_20.05.2026_F8_Sample68.csv
round3,10C,d02,20.05.2026,F4,Sample64,16,32,41125,3329,9012,2018,44454,16_vs_32,41127.6376474055,3326.362352594496,s16,round3_10C_d02_20.05.2026_F4_Sample64.csv
round3,10C,d02,20.05.2026,C12,Sample36,06,43,40,73,17,92,113,06_vs_43,42.97376960186333,70.02623039813668,s06,round3_10C_d02_20.05.2026_C12_Sample36.csv
round3,10C,d02,20.05.2026,C5,Sample29,06,23,93,43,17,1161,136,06_vs_23,86.13261667827697,49.86738332172308,s04,round3_10C_d02_20.05.2026_C5_Sample29.csv
round3,10C,d02,20.05.2026,E5,Sample53,12,43,263,54,388,92,317,12_vs_43,251.9374665388235,65.0625334611765,s12,round3_10C_d02_20.05.2026_E5_Sample53.csv
round3,10C,d02,20.05.2026,H2,Sample86,23,32,572,622,1161,2018,1194,23_vs_32,619.6973346063206,574.3026653936795,s23,round3_10C_d02_20.05.2026_H2_Sample86.csv
round3,10C,d02,20.05.2026,B12,Sample24,06,16,25,3043,17,9012,3068,06_vs_16,33.35334979710064,3034.646650202899,s02,round3_10C_d02_20.05.2026_B12_Sample24.csv
round3,10C,d02,20.05.2026,F7,Sample67,16,43,47770,389,9012,92,48159,16_vs_43,47766.95437358836,392.0456264125245,s17,round3_10C_d02_20.05.2026_F7_Sample67.csv
round3,10C,d02,20.05.2026,F2,Sample62,16,23,13089,52,9012,1161,13141,16_vs_23,13049.483707624033,91.51629237601719,s15,round3_10C_d02_20.05.2026_F2_Sample62.csv
round3,10C,d02,20.05.2026,E11,Sample59,16,20,9343,4692,9012,2311,14035,16_vs_20,9545.348175829351,4489.651824170625,s14,round3_10C_d02_20.05.2026_E11_Sample59.csv
round3,10C,d02,20.05.2026,C4,Sample28,06,23,70,53,17,1161,123,06_vs_23,70.82582767277674,52.17417232722323,s04,round3_10C_d02_20.05.2026_C4_Sample28.csv
round3,10C,d02,20.05.2026,H9,Sample93,23,56,3358,5992,1161,32724,9350,23_vs_56,3691.5673220407666,5658.432677959234,s25,round3_10C_d02_20.05.2026_H9_Sample93.csv
round3,10C,d02,20.05.2026,C8,Sample32,06,32,71,757,17,2018,828,06_vs_32,83.45090672883046,744.5490932711689,s05,round3_10C_d02_20.05.2026_C8_Sample32.csv
round3,10C,d02,20.05.2026,H5,Sample89,23,43,246,23,1161,92,269,23_vs_43,242.19343269098283,26.806567309017005,s24,round3_10C_d02_20.05.2026_H5_Sample89.csv
round3,10C,d02,20.05.2026,B6,Sample18,43,56,3414,2300,92,32724,5714,43_vs_56,3382.9326981272047,2331.0673018727957,s28,round3_10C_d02_20.05.2026_B6_Sample18.csv
round3,10C,d02,20.05.2026,H8,Sample92,23,56,3202,5414,1161,32724,8616,23_vs_56,3492.308089536308,5123.691910463692,s25,round3_10C_d02_20.05.2026_H8_Sample92.csv
round3,10C,d02,20.05.2026,D7,Sample43,12,20,49,2014,388,2311,2063,12_vs_20,55.57448231762081,2007.425517682379,s09,round3_10C_d02_20.05.2026_D7_Sample43.csv
round3,10C,d02,20.05.2026,H3,Sample87,23,32,622,332,1161,2018,954,23_vs_32,607.4801481218465,346.51985187815353,s23,round3_10C_d02_20.05.2026_H3_Sample87.csv
round3,10C,d02,20.05.2026,C11,Sample35,06,43,64,78,17,92,142,06_vs_43,64.88048440741768,77.11951559258232,s06,round3_10C_d02_20.05.2026_C11_Sample35.csv
round3,10C,d02,20.05.2026,C3,Sample27,06,20,671,2745,17,2311,3416,06_vs_20,871.982308483046,2544.0176915169527,s03,round3_10C_d02_20.05.2026_C3_Sample27.csv
round3,10C,d02,20.05.2026,D11,Sample47,12,23,188,534,388,1161,722,12_vs_23,191.70714478538082,530.2928552146192,s10,round3_10C_d02_20.05.2026_D11_Sample47.csv
round3,10C,d02,20.05.2026,D5,Sample41,12,16,198,20835,388,9012,21033,12_vs_16,415.45488194211384,20617.545118057875,s08,round3_10C_d02_20.05.2026_D5_Sample41.csv
round3,10C,d02,20.05.2026,E4,Sample52,12,43,203,28,388,92,231,12_vs_43,193.86290422404028,37.1370957759596,s12,round3_10C_d02_20.05.2026_E4_Sample52.csv
round3,10C,d02,20.05.2026,C10,Sample34,06,43,137,157,17,92,294,06_vs_43,143.4189095002978,150.5810904997022,s06,round3_10C_d02_20.05.2026_C10_Sample34.csv
round3,10C,d02,20.05.2026,D10,Sample46,12,23,120,781,388,1161,901,12_vs_23,156.77593762349557,744.2240623765044,s10,round3_10C_d02_20.05.2026_D10_Sample46.csv
round3,10C,d02,20.05.2026,D12,Sample48,12,23,267,681,388,1161,948,12_vs_23,288.57832005955174,659.4216799404483,s10,round3_10C_d02_20.05.2026_D12_Sample48.csv
round3,10C,d02,20.05.2026,G6,Sample78,20,32,3319,555,2311,2018,3874,20_vs_32,3344.6612167938824,529.3387832061356,s20,round3_10C_d02_20.05.2026_G6_Sample78.csv
round3,10C,d02,20.05.2026,F12,Sample72,16,56,23160,6903,9012,32724,30063,16_vs_56,23575.938270013223,6487.061729986778,s18,round3_10C_d02_20.05.2026_F12_Sample72.csv
round3,10C,d02,20.05.2026,C9,Sample33,06,32,48,580,17,2018,628,06_vs_32,56.236422067940765,571.763577932059,s05,round3_10C_d02_20.05.2026_C9_Sample33.csv
round3,10C,d02,20.05.2026,G5,Sample77,20,32,3754,585,2311,2018,4339,20_vs_32,3778.608530064306,560.3914699357026,s20,round3_10C_d02_20.05.2026_G5_Sample77.csv
round3,10C,d02,20.05.2026,G8,Sample80,20,43,5672,53,2311,92,5725,20_vs_43,5660.979161001431,64.02083899857647,s21,round3_10C_d02_20.05.2026_G8_Sample80.csv
round3,10C,d02,20.05.2026,B1,Sample13,32,56,6793,4002,2018,32724,10795,32_vs_56,6804.891006631805,3990.108993368195,s27,round3_10C_d02_20.05.2026_B1_Sample13.csv
round3,10C,d02,20.05.2026,F6,Sample66,16,32,43679,3903,9012,2018,47582,16_vs_32,43643.515593828546,3938.4844061714557,s16,round3_10C_d02_20.05.2026_F6_Sample66.csv
round3,10C,d02,20.05.2026,H12,Sample96,32,43,379,460,2018,92,839,32_vs_43,350.9864775317521,488.01352246824786,s26,round3_10C_d02_20.05.2026_H12_Sample96.csv
round3,10C,d02,20.05.2026,B8,Sample20,06,12,359,187,17,388,546,06_vs_12,365.9694697225429,180.03053027745713,s01,round3_10C_d02_20.05.2026_B8_Sample20.csv
round3,10C,d02,20.05.2026,E2,Sample50,12,32,708,701,388,2018,1409,12_vs_32,652.7684817413966,756.2315182586043,s11,round3_10C_d02_20.05.2026_E2_Sample50.csv
round3,10C,d02,20.05.2026,G9,Sample81,20,43,6649,63,2311,92,6712,20_vs_43,6648.7386523854175,63.2613476146206,s21,round3_10C_d02_20.05.2026_G9_Sample81.csv
round3,10C,d02,20.05.2026,E8,Sample56,12,56,3304,3398,388,32724,6702,12_vs_56,3406.7375322872845,3295.2624677127155,s13,round3_10C_d02_20.05.2026_E8_Sample56.csv
round3,10C,d02,20.05.2026,F1,Sample61,16,23,18540,80,9012,1161,18620,16_vs_23,18478.63530181142,141.3646981887121,s15,round3_10C_d02_20.05.2026_F1_Sample61.csv
round3,10C,d02,20.05.2026,B4,Sample16,43,56,1954,1683,92,32724,3637,43_vs_56,2018.97043774622,1618.02956225378,s28,round3_10C_d02_20.05.2026_B4_Sample16.csv
round3,10C,d02,20.05.2026,D2,Sample38,06,56,2830,4963,17,32724,7793,06_vs_56,2824.4101963454546,4968.589803654545,s07,round3_10C_d02_20.05.2026_D2_Sample38.csv
round3,10C,d02,20.05.2026,B10,Sample22,06,16,13,3744,17,9012,3757,06_vs_16,18.437199527461996,3738.5628004725413,s02,round3_10C_d02_20.05.2026_B10_Sample22.csv
round3,10C,d02,20.05.2026,B11,Sample23,06,16,8,2389,17,9012,2397,06_vs_16,11.34920199019637,2385.6507980098077,s02,round3_10C_d02_20.05.2026_B11_Sample23.csv
round3,10C,d02,20.05.2026,G10,Sample82,20,56,12657,9166,2311,32724,21823,20_vs_56,13137.071891235573,8685.928108764421,s22,round3_10C_d02_20.05.2026_G10_Sample82.csv
round3,10C,d02,20.05.2026,H4,Sample88,23,43,287,20,1161,92,307,23_vs_43,276.68948143404765,30.310518565952222,s24,round3_10C_d02_20.05.2026_H4_Sample88.csv
round3,10C,d02,20.05.2026,G1,Sample73,20,23,11894,287,2311,1161,12181,20_vs_23,11907.674523623253,273.325476376747,s19,round3_10C_d02_20.05.2026_G1_Sample73.csv
round3,10C,d02,20.05.2026,B2,Sample14,32,56,6416,3760,2018,32724,10176,32_vs_56,6391.761979688466,3784.2380203115335,s27,round3_10C_d02_20.05.2026_B2_Sample14.csv
round3,10C,d02,20.05.2026,C7,Sample31,06,32,14,246,17,2018,260,06_vs_32,20.344582973305748,239.6554170266943,s05,round3_10C_d02_20.05.2026_C7_Sample31.csv
round3,10C,d02,20.05.2026,G7,Sample79,20,43,3584,37,2311,92,3621,20_vs_43,3573.1626273428074,47.83737265719928,s21,round3_10C_d02_20.05.2026_G7_Sample79.csv
round3,10C,d02,20.05.2026,F5,Sample65,16,32,27170,2832,9012,2018,30002,16_vs_32,27176.670621856334,2825.329378143668,s16,round3_10C_d02_20.05.2026_F5_Sample65.csv
round3,10C,d02,20.05.2026,E3,Sample51,12,32,402,481,388,2018,883,12_vs_32,356.2722718904852,526.727728109515,s11,round3_10C_d02_20.05.2026_E3_Sample51.csv
round3,10C,d02,20.05.2026,G12,Sample84,20,56,9631,6616,2311,32724,16247,20_vs_56,9984.640008291628,6262.359991708354,s22,round3_10C_d02_20.05.2026_G12_Sample84.csv
round3,10C,d02,20.05.2026,B7,Sample19,06,12,175,93,17,388,268,06_vs_12,175.43111194617703,92.56888805382297,s01,round3_10C_d02_20.05.2026_B7_Sample19.csv
round3,10C,d02,20.05.2026,H11,Sample95,32,43,330,58,2018,92,388,32_vs_43,291.4170168959371,96.58298310406295,s26,round3_10C_d02_20.05.2026_H11_Sample95.csv
round3,10C,d02,20.05.2026,D4,Sample40,12,16,386,56528,388,9012,56914,12_vs_16,884.6971059830905,56029.30289401745,s08,round3_10C_d02_20.05.2026_D4_Sample40.csv
round3,10C,d02,20.05.2026,D6,Sample42,12,16,421,39090,388,9012,39511,12_vs_16,886.793959952532,38624.20604004757,s08,round3_10C_d02_20.05.2026_D6_Sample42.csv
round3,10C,d02,20.05.2026,B9,Sample21,06,12,287,139,17,388,426,06_vs_12,288.5181413545086,137.4818586454914,s01,round3_10C_d02_20.05.2026_B9_Sample21.csv
round3,10C,d02,20.05.2026,B5,Sample17,43,56,4052,3398,92,32724,7450,43_vs_56,4144.747057491955,3305.2529425080443,s28,round3_10C_d02_20.05.2026_B5_Sample17.csv
round3,10C,d02,20.05.2026,C6,Sample30,06,23,125,61,17,1161,186,06_vs_23,121.5858130101748,64.41418698982513,s04,round3_10C_d02_20.05.2026_C6_Sample30.csv
round3,10C,d02,20.05.2026,E10,Sample58,16,20,46180,8512,9012,2311,54692,16_vs_20,46255.5853924954,8436.41460750475,s14,round3_10C_d02_20.05.2026_E10_Sample58.csv
round3,10C,d02,20.05.2026,F10,Sample70,16,56,31614,6156,9012,32724,37770,16_vs_56,31950.394619726565,5819.605380273436,s18,round3_10C_d02_20.05.2026_F10_Sample70.csv
round3,10C,d02,20.05.2026,H10,Sample94,32,43,943,421,2018,92,1364,32_vs_43,796.2471378351787,567.7528621648213,s26,round3_10C_d02_20.05.2026_H10_Sample94.csv
round3,10C,d02,20.05.2026,H1,Sample85,23,32,1665,1687,1161,2018,3352,23_vs_32,1757.989332039916,1594.010667960084,s23,round3_10C_d02_20.05.2026_H1_Sample85.csv
round3,10C,d02,20.05.2026,H7,Sample91,23,56,623,1618,1161,32724,2241,23_vs_56,745.5897172544034,1495.4102827455968,s25,round3_10C_d02_20.05.2026_H7_Sample91.csv
round3,10C,d02,20.05.2026,D9,Sample45,12,20,87,5995,388,2311,6082,12_vs_20,93.91297830473314,5988.087021695268,s09,round3_10C_d02_20.05.2026_D9_Sample45.csv
round3,10C,d02,20.05.2026,G2,Sample74,20,23,3198,58,2311,1161,3256,20_vs_23,3197.433836343403,58.56616365659694,s19,round3_10C_d02_20.05.2026_G2_Sample74.csv
round3,10C,d02,20.05.2026,C1,Sample25,06,20,620,2402,17,2311,3022,06_vs_20,799.9391423243586,2222.060857675636,s03,round3_10C_d02_20.05.2026_C1_Sample25.csv
round3,10C,d02,20.05.2026,E9,Sample57,12,56,3390,3914,388,32724,7304,12_vs_56,3566.65790876331,3737.34209123669,s13,round3_10C_d02_20.05.2026_E9_Sample57.csv
round3,10C,d02,20.05.2026,F3,Sample63,16,23,11133,38,9012,1161,11171,16_vs_23,11103.2805357295,67.71946427051601,s15,round3_10C_d02_20.05.2026_F3_Sample63.csv
round3,10C,d02,20.05.2026,D8,Sample44,12,20,85,5037,388,2311,5122,12_vs_20,102.41793058940323,5019.582069410597,s09,round3_10C_d02_20.05.2026_D8_Sample44.csv
round3,10C,d02,20.05.2026,D3,Sample39,06,56,2018,4007,17,32724,6025,06_vs_56,2015.0679806932374,4009.9320193067624,s07,round3_10C_d02_20.05.2026_D3_Sample39.csv
round3,10C,d02,20.05.2026,G3,Sample75,20,23,3776,56,2311,1161,3832,20_vs_23,3774.9258094996458,57.07419050035432,s19,round3_10C_d02_20.05.2026_G3_Sample75.csv
round3,10C,d02,20.05.2026,G11,Sample83,20,56,3834,4287,2311,32724,8121,20_vs_56,4068.917881312953,4052.0821186870494,s22,round3_10C_d02_20.05.2026_G11_Sample83.csv
round3,10C,d02,20.05.2026,E1,Sample49,12,32,2125,1480,388,2018,3605,12_vs_32,2001.8291938345205,1603.1708061654815,s11,round3_10C_d02_20.05.2026_E1_Sample49.csv
round3,10C,d02,20.05.2026,G4,Sample76,20,32,5335,681,2311,2018,6016,20_vs_32,5363.734442633236,652.2655573667938,s20,round3_10C_d02_20.05.2026_G4_Sample76.csv
round3,10C,d03,21.05.2026,E10,Sample58,16,20,14808,60149,89121,15297,74957,16_vs_20,17511.967273178478,57445.03272682112,s14,round3_10C_d03_21.05.2026_E10_Sample58.csv
round3,10C,d03,21.05.2026,E4,Sample52,12,43,6355,3323,4623,1218,9678,12_vs_43,6144.143129120047,3533.8568708799557,s12,round3_10C_d03_21.05.2026_E4_Sample52.csv
round3,10C,d03,21.05.2026,D1,Sample37,06,56,9517,247426,203,148591,256943,06_vs_56,15315.189745219937,241627.81025478005,s07,round3_10C_d03_21.05.2026_D1_Sample37.csv
round3,10C,d03,21.05.2026,B7,Sample19,06,12,2158,1398,203,4623,3556,06_vs_12,2173.649751608181,1382.3502483918192,s01,round3_10C_d03_21.05.2026_B7_Sample19.csv
round3,10C,d03,21.05.2026,H9,Sample93,23,56,12574,137720,19368,148591,150294,23_vs_56,16082.445056407461,134211.55494359255,s25,round3_10C_d03_21.05.2026_H9_Sample93.csv
round3,10C,d03,21.05.2026,H11,Sample95,32,43,4450,11086,52597,1218,15536,32_vs_43,4938.325723199126,10597.674276800873,s26,round3_10C_d03_21.05.2026_H11_Sample95.csv
round3,10C,d03,21.05.2026,C8,Sample32,06,32,662,12324,203,52597,12986,06_vs_32,849.2729252787825,12136.72707472122,s05,round3_10C_d03_21.05.2026_C8_Sample32.csv
round3,10C,d03,21.05.2026,E2,Sample50,12,32,13408,12047,4623,52597,25455,12_vs_32,13204.21451035016,12250.78548964986,s11,round3_10C_d03_21.05.2026_E2_Sample50.csv
round3,10C,d03,21.05.2026,D6,Sample42,12,16,3383,49691,4623,89121,53074,12_vs_16,4963.905785359565,48110.09421464113,s08,round3_10C_d03_21.05.2026_D6_Sample42.csv
round3,10C,d03,21.05.2026,B12,Sample24,06,16,2131,166347,203,89121,168478,06_vs_16,9067.817066478337,159410.1829335234,s02,round3_10C_d03_21.05.2026_B12_Sample24.csv
round3,10C,d03,21.05.2026,G8,Sample80,20,43,7977,209,15297,1218,8186,20_vs_43,7532.791736811575,653.2082631884477,s21,round3_10C_d03_21.05.2026_G8_Sample80.csv
round3,10C,d03,21.05.2026,D9,Sample45,12,20,1983,14275,4623,15297,16258,12_vs_20,2096.682164780639,14161.31783521936,s09,round3_10C_d03_21.05.2026_D9_Sample45.csv
round3,10C,d03,21.05.2026,D8,Sample44,12,20,2371,15079,4623,15297,17450,12_vs_20,2523.812194102123,14926.187805897876,s09,round3_10C_d03_21.05.2026_D8_Sample44.csv
round3,10C,d03,21.05.2026,B9,Sample21,06,12,2952,2007,203,4623,4959,06_vs_12,3002.152120386255,1956.8478796137451,s01,round3_10C_d03_21.05.2026_B9_Sample21.csv
round3,10C,d03,21.05.2026,G10,Sample82,20,56,6970,6838,15297,148591,13808,20_vs_56,7078.635354567556,6729.364645432443,s22,round3_10C_d03_21.05.2026_G10_Sample82.csv
round3,10C,d03,21.05.2026,H3,Sample87,23,32,26250,3143,19368,52597,29393,23_vs_32,22485.443144499448,6907.556855500554,s23,round3_10C_d03_21.05.2026_H3_Sample87.csv
round3,10C,d03,21.05.2026,H6,Sample90,23,43,5806,6869,19368,1218,12675,23_vs_43,5519.714241154319,7155.285758845676,s24,round3_10C_d03_21.05.2026_H6_Sample90.csv
round3,10C,d03,21.05.2026,F5,Sample65,16,32,52485,22857,89121,52597,75342,16_vs_32,52967.22374512887,22374.776254871133,s16,round3_10C_d03_21.05.2026_F5_Sample65.csv
round3,10C,d03,21.05.2026,B8,Sample20,06,12,2320,1578,203,4623,3898,06_vs_12,2329.6858742568866,1568.3141257431134,s01,round3_10C_d03_21.05.2026_B8_Sample20.csv
round3,10C,d03,21.05.2026,D4,Sample40,12,16,5092,74595,4623,89121,79687,12_vs_16,7336.711172192039,72350.28882781013,s08,round3_10C_d03_21.05.2026_D4_Sample40.csv
round3,10C,d03,21.05.2026,G3,Sample75,20,23,13268,6501,15297,19368,19769,20_vs_23,13645.584603888188,6123.415396111814,s19,round3_10C_d03_21.05.2026_G3_Sample75.csv
round3,10C,d03,21.05.2026,C2,Sample26,06,20,2028,8185,203,15297,10213,06_vs_20,3319.772888091202,6893.227111908778,s03,round3_10C_d03_21.05.2026_C2_Sample26.csv
round3,10C,d03,21.05.2026,G9,Sample81,20,43,12177,306,15297,1218,12483,20_vs_43,11132.206920758785,1350.7930792411987,s21,round3_10C_d03_21.05.2026_G9_Sample81.csv
round3,10C,d03,21.05.2026,F9,Sample69,16,43,103101,7216,89121,1218,110317,16_vs_43,100860.11876536932,9456.88123463418,s17,round3_10C_d03_21.05.2026_F9_Sample69.csv
round3,10C,d03,21.05.2026,F2,Sample62,16,23,108913,15269,89121,19368,124182,16_vs_23,109346.64487116195,14835.355128839905,s15,round3_10C_d03_21.05.2026_F2_Sample62.csv
round3,10C,d03,21.05.2026,D3,Sample39,06,56,4883,118495,203,148591,123378,06_vs_56,7582.945423830509,115795.0545761695,s07,round3_10C_d03_21.05.2026_D3_Sample39.csv
round3,10C,d03,21.05.2026,D7,Sample43,12,20,1707,11030,4623,15297,12737,12_vs_20,1802.5551223760363,10934.444877623964,s09,round3_10C_d03_21.05.2026_D7_Sample43.csv
round3,10C,d03,21.05.2026,G11,Sample83,20,56,11297,9795,15297,148591,21092,20_vs_56,11445.429041764562,9646.570958235425,s22,round3_10C_d03_21.05.2026_G11_Sample83.csv
round3,10C,d03,21.05.2026,B5,Sample17,43,56,15680,119835,1218,148591,135515,43_vs_56,23553.208225744165,111961.79177425583,s28,round3_10C_d03_21.05.2026_B5_Sample17.csv
round3,10C,d03,21.05.2026,D2,Sample38,06,56,3656,84939,203,148591,88595,06_vs_56,5597.31872990634,82997.68127009366,s07,round3_10C_d03_21.05.2026_D2_Sample38.csv
round3,10C,d03,21.05.2026,C9,Sample33,06,32,488,10288,203,52597,10776,06_vs_32,680.5780976274382,10095.42190237263,s05,round3_10C_d03_21.05.2026_C9_Sample33.csv
round3,10C,d03,21.05.2026,E3,Sample51,12,32,12388,13595,4623,52597,25983,12_vs_32,12125.019486443884,13857.980513556124,s11,round3_10C_d03_21.05.2026_E3_Sample51.csv
round3,10C,d03,21.05.2026,E11,Sample59,16,20,43618,57812,89121,15297,101430,16_vs_20,43639.264316316854,57790.73568368285,s14,round3_10C_d03_21.05.2026_E11_Sample59.csv
round3,10C,d03,21.05.2026,H7,Sample91,23,56,13147,94104,19368,148591,107251,23_vs_56,16653.20563355072,90597.79436644928,s25,round3_10C_d03_21.05.2026_H7_Sample91.csv
round3,10C,d03,21.05.2026,F3,Sample63,16,23,108255,18287,89121,19368,126542,16_vs_23,108863.60266204207,17678.397337962302,s15,round3_10C_d03_21.05.2026_F3_Sample63.csv
round3,10C,d03,21.05.2026,G6,Sample78,20,32,17058,14825,15297,52597,31883,20_vs_32,17376.359307226707,14506.640692773251,s20,round3_10C_d03_21.05.2026_G6_Sample78.csv
round3,10C,d03,21.05.2026,B3,Sample15,32,56,30520,101812,52597,148591,132332,32_vs_56,36281.67142490382,96050.32857509618,s27,round3_10C_d03_21.05.2026_B3_Sample15.csv
round3,10C,d03,21.05.2026,F12,Sample72,16,56,76172,128268,89121,148591,204440,16_vs_56,78633.4033177715,125806.5966822285,s18,round3_10C_d03_21.05.2026_F12_Sample72.csv
round3,10C,d03,21.05.2026,C5,Sample29,06,23,666,4043,203,19368,4709,06_vs_23,763.5066855668433,3945.4933144331662,s04,round3_10C_d03_21.05.2026_C5_Sample29.csv
round3,10C,d03,21.05.2026,E8,Sample56,12,56,39477,70305,4623,148591,109782,12_vs_56,44257.88588561441,65524.1141143856,s13,round3_10C_d03_21.05.2026_E8_Sample56.csv
round3,10C,d03,21.05.2026,E6,Sample54,12,43,5448,1325,4623,1218,6773,12_vs_43,5222.243356596235,1550.7566434037465,s12,round3_10C_d03_21.05.2026_E6_Sample54.csv
round3,10C,d03,21.05.2026,C12,Sample36,06,43,227,632,203,1218,859,06_vs_43,258.4224294978965,600.5775705021035,s06,round3_10C_d03_21.05.2026_C12_Sample36.csv
round3,10C,d03,21.05.2026,B11,Sample23,06,16,796,142330,203,89121,143126,06_vs_16,3625.472244618927,139500.52775538492,s02,round3_10C_d03_21.05.2026_B11_Sample23.csv
round3,10C,d03,21.05.2026,E12,Sample60,16,20,31352,87643,89121,15297,118995,16_vs_20,34210.053742933575,84784.94625706592,s14,round3_10C_d03_21.05.2026_E12_Sample60.csv
round3,10C,d03,21.05.2026,H1,Sample85,23,32,40198,5293,19368,52597,45491,23_vs_32,34625.82831711738,10865.171682882617,s23,round3_10C_d03_21.05.2026_H1_Sample85.csv
round3,10C,d03,21.05.2026,F4,Sample64,16,32,78885,28910,89121,52597,107795,16_vs_32,79497.58303227872,28297.41696772128,s16,round3_10C_d03_21.05.2026_F4_Sample64.csv
round3,10C,d03,21.05.2026,F7,Sample67,16,43,68982,6545,89121,1218,75527,16_vs_43,67973.41373765861,7553.586262343094,s17,round3_10C_d03_21.05.2026_F7_Sample67.csv
round3,10C,d03,21.05.2026,H4,Sample88,23,43,7765,5309,19368,1218,13074,23_vs_43,7203.685746940139,5870.314253059863,s24,round3_10C_d03_21.05.2026_H4_Sample88.csv
round3,10C,d03,21.05.2026,B1,Sample13,32,56,64073,180830,52597,148591,244903,32_vs_56,74484.35440689317,170418.64559310683,s27,round3_10C_d03_21.05.2026_B1_Sample13.csv
round3,10C,d03,21.05.2026,C6,Sample30,06,23,906,5347,203,19368,6253,06_vs_23,1023.9442141883684,5229.055785811673,s04,round3_10C_d03_21.05.2026_C6_Sample30.csv
round3,10C,d03,21.05.2026,F8,Sample68,16,43,97181,7368,89121,1218,104549,16_vs_43,95205.6001354092,9343.399864593108,s17,round3_10C_d03_21.05.2026_F8_Sample68.csv
round3,10C,d03,21.05.2026,F6,Sample66,16,32,47088,22865,89121,52597,69953,16_vs_32,47631.498538139735,22321.50146186027,s16,round3_10C_d03_21.05.2026_F6_Sample66.csv
round3,10C,d03,21.05.2026,D12,Sample48,12,23,5781,5335,4623,19368,11116,12_vs_23,5452.677105767803,5663.322894232197,s10,round3_10C_d03_21.05.2026_D12_Sample48.csv
round3,10C,d03,21.05.2026,E9,Sample57,12,56,46439,97112,4623,148591,143551,12_vs_56,54406.76343934552,89144.23656065448,s13,round3_10C_d03_21.05.2026_E9_Sample57.csv
round3,10C,d03,21.05.2026,G4,Sample76,20,32,15472,12851,15297,52597,28323,20_vs_32,16406.55899021955,11916.44100978042,s20,round3_10C_d03_21.05.2026_G4_Sample76.csv
round3,10C,d03,21.05.2026,G7,Sample79,20,43,7015,219,15297,1218,7234,20_vs_43,6627.719822740505,606.2801772595067,s21,round3_10C_d03_21.05.2026_G7_Sample79.csv
round3,10C,d03,21.05.2026,C11,Sample35,06,43,481,1445,203,1218,1926,06_vs_43,555.1451887370623,1370.8548112629378,s06,round3_10C_d03_21.05.2026_C11_Sample35.csv
round3,10C,d03,21.05.2026,F10,Sample70,16,56,82220,142726,89121,148591,224946,16_vs_56,86552.98090217906,138393.0190978209,s18,round3_10C_d03_21.05.2026_F10_Sample70.csv
round3,10C,d03,21.05.2026,H10,Sample94,32,43,2486,4955,52597,1218,7441,32_vs_43,2632.5249277127614,4808.475072287239,s26,round3_10C_d03_21.05.2026_H10_Sample94.csv
round3,10C,d03,21.05.2026,D10,Sample46,12,23,7012,11794,4623,19368,18806,12_vs_23,6898.874155271557,11907.125844728444,s10,round3_10C_d03_21.05.2026_D10_Sample46.csv
round3,10C,d03,21.05.2026,C10,Sample34,06,43,261,575,203,1218,836,06_vs_43,281.39875481702205,554.6012451829779,s06,round3_10C_d03_21.05.2026_C10_Sample34.csv
round3,10C,d03,21.05.2026,F1,Sample61,16,23,101827,15143,89121,19368,116970,16_vs_23,102400.80951639819,14569.19048360545,s15,round3_10C_d03_21.05.2026_F1_Sample61.csv
round3,10C,d03,21.05.2026,B2,Sample14,32,56,33322,103681,52597,148591,137003,32_vs_56,39279.06259233404,97723.93740766594,s27,round3_10C_d03_21.05.2026_B2_Sample14.csv
round3,10C,d03,21.05.2026,G2,Sample74,20,23,8356,3368,15297,19368,11724,20_vs_23,8552.889106231878,3171.110893768122,s19,round3_10C_d03_21.05.2026_G2_Sample74.csv
round3,10C,d03,21.05.2026,G5,Sample77,20,32,9646,7962,15297,52597,17608,20_vs_32,9850.544368259623,7757.455631740375,s20,round3_10C_d03_21.05.2026_G5_Sample77.csv
round3,10C,d03,21.05.2026,B4,Sample16,43,56,16911,137315,1218,148591,154226,43_vs_56,25652.787458587183,128573.21254141282,s28,round3_10C_d03_21.05.2026_B4_Sample16.csv
round3,10C,d03,21.05.2026,B10,Sample22,06,16,829,151905,203,89121,152734,06_vs_16,3821.4877115424442,148912.51228846575,s02,round3_10C_d03_21.05.2026_B10_Sample22.csv
round3,10C,d03,21.05.2026,H5,Sample89,23,43,5849,5249,19368,1218,11098,23_vs_43,5467.066385287185,5630.933614712814,s24,round3_10C_d03_21.05.2026_H5_Sample89.csv
round3,10C,d03,21.05.2026,H8,Sample92,23,56,7900,120207,19368,148591,128107,23_vs_56,9611.52973342403,118495.47026657598,s25,round3_10C_d03_21.05.2026_H8_Sample92.csv
round3,10C,d03,21.05.2026,C7,Sample31,06,32,325,6654,203,52597,6979,06_vs_32,440.97874296390626,6538.021257036097,s05,round3_10C_d03_21.05.2026_C7_Sample31.csv
round3,10C,d03,21.05.2026,G1,Sample73,20,23,14688,5982,15297,19368,20670,20_vs_23,15048.989414020441,5621.010585979559,s19,round3_10C_d03_21.05.2026_G1_Sample73.csv
round3,10C,d03,21.05.2026,C1,Sample25,06,20,2964,11577,203,15297,14541,06_vs_20,4738.64645783045,9802.353542169547,s03,round3_10C_d03_21.05.2026_C1_Sample25.csv
round3,10C,d03,21.05.2026,E1,Sample49,12,32,20376,10245,4623,52597,30621,12_vs_32,20064.58496502869,10556.415034971393,s11,round3_10C_d03_21.05.2026_E1_Sample49.csv
round3,10C,d03,21.05.2026,D5,Sample41,12,16,4218,62778,4623,89121,66996,12_vs_16,5899.762496402285,61096.23750359907,s08,round3_10C_d03_21.05.2026_D5_Sample41.csv
round3,10C,d03,21.05.2026,H12,Sample96,32,43,844,4478,52597,1218,5322,32_vs_43,1160.0432185810246,4161.956781418976,s26,round3_10C_d03_21.05.2026_H12_Sample96.csv
round3,10C,d03,21.05.2026,F11,Sample71,16,56,54270,95713,89121,148591,149983,16_vs_56,56778.64908889021,93204.3509111098,s18,round3_10C_d03_21.05.2026_F11_Sample71.csv
round3,10C,d03,21.05.2026,H2,Sample86,23,32,22830,2547,19368,52597,25377,23_vs_32,18917.887170757327,6459.112829242673,s23,round3_10C_d03_21.05.2026_H2_Sample86.csv
round3,10C,d03,21.05.2026,E7,Sample55,12,56,22292,72807,4623,148591,95099,12_vs_56,29932.89459978479,65166.10540021521,s13,round3_10C_d03_21.05.2026_E7_Sample55.csv
round3,10C,d03,21.05.2026,C3,Sample27,06,20,35,181,203,15297,216,06_vs_20,59.23895434597662,156.76104565402326,s03,round3_10C_d03_21.05.2026_C3_Sample27.csv
round3,10C,d03,21.05.2026,C4,Sample28,06,23,1051,5693,203,19368,6744,06_vs_23,1155.039655753513,5588.960344246488,s04,round3_10C_d03_21.05.2026_C4_Sample28.csv
round3,10C,d03,21.05.2026,G12,Sample84,20,56,6674,6704,15297,148591,13378,20_vs_56,6782.882370629574,6595.11762937042,s22,round3_10C_d03_21.05.2026_G12_Sample84.csv
round3,10C,d03,21.05.2026,D11,Sample47,12,23,5903,10165,4623,19368,16068,12_vs_23,5881.439633646754,10186.560366353246,s10,round3_10C_d03_21.05.2026_D11_Sample47.csv
round3,10C,d03,21.05.2026,B6,Sample18,43,56,15511,126651,1218,148591,142162,43_vs_56,23857.210193162937,118304.78980683706,s28,round3_10C_d03_21.05.2026_B6_Sample18.csv
round3,10C,d03,21.05.2026,E5,Sample53,12,43,4549,2837,4623,1218,7386,12_vs_43,4444.433086928016,2941.566913071999,s12,round3_10C_d03_21.05.2026_E5_Sample53.csv
round3,10C,d01,19.05.2026,F3,Sample63,16,23,27,3,840,24,30,16_vs_23,26.815383055358826,3.184616944641172,s15,round3_10C_d01_19.05.2026_F3_Sample63.csv
round3,10C,d01,19.05.2026,E1,Sample49,12,32,48,20,68,50,68,12_vs_32,44.28099288046619,23.719007119533806,s11,round3_10C_d01_19.05.2026_E1_Sample49.csv
round3,10C,d01,19.05.2026,F5,Sample65,16,32,52,12,840,50,64,16_vs_32,50.97072876849863,13.029271231501362,s16,round3_10C_d01_19.05.2026_F5_Sample65.csv
round3,10C,d01,19.05.2026,H9,Sample93,23,56,218,120,24,632,338,23_vs_56,221.76292413933203,116.23707586066797,s25,round3_10C_d01_19.05.2026_H9_Sample93.csv
round3,10C,d01,19.05.2026,D9,Sample45,12,20,38,471,68,297,509,12_vs_20,35.25436447575894,473.74563552424104,s09,round3_10C_d01_19.05.2026_D9_Sample45.csv
round3,10C,d01,19.05.2026,F8,Sample68,16,43,56,8,840,116,64,16_vs_43,56.25276669356035,7.747233306439635,s17,round3_10C_d01_19.05.2026_F8_Sample68.csv
round3,10C,d01,19.05.2026,E9,Sample57,12,56,181,120,68,632,301,12_vs_56,183.1505123941784,117.84948760582158,s13,round3_10C_d01_19.05.2026_E9_Sample57.csv
round3,10C,d01,19.05.2026,E7,Sample55,12,56,97,62,68,632,159,12_vs_56,100.01950554121109,58.980494458788925,s13,round3_10C_d01_19.05.2026_E7_Sample55.csv
round3,10C,d01,19.05.2026,C7,Sample31,06,32,1,27,1,50,28,06_vs_32,2.038293930579233,25.961706069420767,s05,round3_10C_d01_19.05.2026_C7_Sample31.csv
round3,10C,d01,19.05.2026,E6,Sample54,12,43,59,10,68,116,69,12_vs_43,55.021577600705726,13.978422399294285,s12,round3_10C_d01_19.05.2026_E6_Sample54.csv
round3,10C,d01,19.05.2026,E11,Sample59,16,20,569,7,840,297,576,16_vs_20,570.1820179234493,5.817982076551197,s14,round3_10C_d01_19.05.2026_E11_Sample59.csv
round3,10C,d01,19.05.2026,G7,Sample79,20,43,257,11,297,116,268,20_vs_43,257.87775005109387,10.122249948906196,s21,round3_10C_d01_19.05.2026_G7_Sample79.csv
round3,10C,d01,19.05.2026,H1,Sample85,23,32,19,3,24,50,22,23_vs_32,15.100206383889436,6.899793616110566,s23,round3_10C_d01_19.05.2026_H1_Sample85.csv
round3,10C,d01,19.05.2026,H2,Sample86,23,32,26,19,24,50,45,23_vs_32,26.21420709274537,18.78579290725463,s23,round3_10C_d01_19.05.2026_H2_Sample86.csv
round3,10C,d01,19.05.2026,F12,Sample72,16,56,122,15,840,632,137,16_vs_56,120.01377389245069,16.986226107549307,s18,round3_10C_d01_19.05.2026_F12_Sample72.csv
round3,10C,d01,19.05.2026,E2,Sample50,12,32,38,23,68,50,61,12_vs_32,36.68758445535375,24.312415544646264,s11,round3_10C_d01_19.05.2026_E2_Sample50.csv
round3,10C,d01,19.05.2026,D8,Sample44,12,20,8,95,68,297,103,12_vs_20,7.714973626723136,95.28502637327688,s09,round3_10C_d01_19.05.2026_D8_Sample44.csv
round3,10C,d01,19.05.2026,C4,Sample28,06,23,4,7,1,24,11,06_vs_23,3.6954648565675954,7.304535143432403,s04,round3_10C_d01_19.05.2026_C4_Sample28.csv
round3,10C,d01,19.05.2026,H5,Sample89,23,43,15,7,24,116,22,23_vs_43,14.507111915999868,7.492888084000132,s24,round3_10C_d01_19.05.2026_H5_Sample89.csv
round3,10C,d01,19.05.2026,D2,Sample38,06,56,43,48,1,632,91,06_vs_56,42.33704321685125,48.66295678314875,s07,round3_10C_d01_19.05.2026_D2_Sample38.csv
round3,10C,d01,19.05.2026,D7,Sample43,12,20,17,241,68,297,258,12_vs_20,18.93348560218618,239.06651439781382,s09,round3_10C_d01_19.05.2026_D7_Sample43.csv
round3,10C,d01,19.05.2026,G2,Sample74,20,23,165,8,297,24,173,20_vs_23,165.87606083147398,7.1239391685260145,s19,round3_10C_d01_19.05.2026_G2_Sample74.csv
round3,10C,d01,19.05.2026,D10,Sample46,12,23,6,45,68,24,51,12_vs_23,11.38940513934068,39.61059486065932,s10,round3_10C_d01_19.05.2026_D10_Sample46.csv
round3,10C,d01,19.05.2026,C11,Sample35,06,43,16,17,1,116,33,06_vs_43,15.612998979401542,17.38700102059846,s06,round3_10C_d01_19.05.2026_C11_Sample35.csv
round3,10C,d01,19.05.2026,E5,Sample53,12,43,35,16,68,116,51,12_vs_43,34.406665021979826,16.593334978020174,s12,round3_10C_d01_19.05.2026_E5_Sample53.csv
round3,10C,d01,19.05.2026,B3,Sample15,32,56,151,17,50,632,168,32_vs_56,145.82987897110894,22.17012102889106,s27,round3_10C_d01_19.05.2026_B3_Sample15.csv
round3,10C,d01,19.05.2026,B10,Sample22,06,16,1,162,1,840,163,06_vs_16,1.0066749137151398,161.99332508628487,s02,round3_10C_d01_19.05.2026_B10_Sample22.csv
round3,10C,d01,19.05.2026,D11,Sample47,12,23,20,59,68,24,79,12_vs_23,22.4238330830936,56.5761669169064,s10,round3_10C_d01_19.05.2026_D11_Sample47.csv
round3,10C,d01,19.05.2026,H12,Sample96,32,43,18,6,50,116,24,32_vs_43,16.23534833625547,7.764651663744531,s26,round3_10C_d01_19.05.2026_H12_Sample96.csv
round3,10C,d01,19.05.2026,D3,Sample39,06,56,109,47,1,632,156,06_vs_56,108.44778095527462,47.55221904472538,s07,round3_10C_d01_19.05.2026_D3_Sample39.csv
round3,10C,d01,19.05.2026,G12,Sample84,20,56,180,9,297,632,189,20_vs_56,179.61974771170085,9.38025228829918,s22,round3_10C_d01_19.05.2026_G12_Sample84.csv
round3,10C,d01,19.05.2026,B8,Sample20,06,12,36,10,1,68,46,06_vs_12,34.91457082774562,11.08542917225438,s01,round3_10C_d01_19.05.2026_B8_Sample20.csv
round3,10C,d01,19.05.2026,H7,Sample91,23,56,152,101,24,632,253,23_vs_56,152.42632195774766,100.57367804225234,s25,round3_10C_d01_19.05.2026_H7_Sample91.csv
round3,10C,d01,19.05.2026,F7,Sample67,16,43,50,21,840,116,71,16_vs_43,50.670725298366776,20.329274701633228,s17,round3_10C_d01_19.05.2026_F7_Sample67.csv
round3,10C,d01,19.05.2026,F6,Sample66,16,32,195,46,840,50,241,16_vs_32,196.3145428687633,44.6854571312367,s16,round3_10C_d01_19.05.2026_F6_Sample66.csv
round3,10C,d01,19.05.2026,H10,Sample94,32,43,63,18,50,116,81,32_vs_43,59.31510567089335,21.68489432910664,s26,round3_10C_d01_19.05.2026_H10_Sample94.csv
round3,10C,d01,19.05.2026,H11,Sample95,32,43,9,11,50,116,20,32_vs_43,8.730627512794605,11.269372487205395,s26,round3_10C_d01_19.05.2026_H11_Sample95.csv
round3,10C,d01,19.05.2026,G8,Sample80,20,43,160,10,297,116,170,20_vs_43,160.15601184643418,9.843988153565858,s21,round3_10C_d01_19.05.2026_G8_Sample80.csv
round3,10C,d01,19.05.2026,C12,Sample36,06,43,9,14,1,116,23,06_vs_43,9.242579828523846,13.757420171476154,s06,round3_10C_d01_19.05.2026_C12_Sample36.csv
round3,10C,d01,19.05.2026,E10,Sample58,16,20,1032,4,840,297,1036,16_vs_20,1031.9214557102896,4.0785442897102735,s14,round3_10C_d01_19.05.2026_E10_Sample58.csv
round3,10C,d01,19.05.2026,C3,Sample27,06,20,44,76,1,297,120,06_vs_20,46.62384537001429,73.3761546299857,s03,round3_10C_d01_19.05.2026_C3_Sample27.csv
round3,10C,d01,19.05.2026,H8,Sample92,23,56,109,62,24,632,171,23_vs_56,109.40211114214974,61.597888857850265,s25,round3_10C_d01_19.05.2026_H8_Sample92.csv
round3,10C,d01,19.05.2026,F11,Sample71,16,56,135,4,840,632,139,16_vs_56,133.77875154695982,5.221248453040198,s18,round3_10C_d01_19.05.2026_F11_Sample71.csv
round3,10C,d01,19.05.2026,B11,Sample23,06,16,1,36,1,840,37,06_vs_16,1.381053590015058,35.61894640998494,s02,round3_10C_d01_19.05.2026_B11_Sample23.csv
round3,10C,d01,19.05.2026,B12,Sample24,06,16,2,119,1,840,121,06_vs_16,1.9465034330073252,119.05349656699269,s02,round3_10C_d01_19.05.2026_B12_Sample24.csv
round3,10C,d01,19.05.2026,G3,Sample75,20,23,138,3,297,24,141,20_vs_23,138.37711998104328,2.622880018956746,s19,round3_10C_d01_19.05.2026_G3_Sample75.csv
round3,10C,d01,19.05.2026,H3,Sample87,23,32,15,10,24,50,25,23_vs_32,16.158333236983196,8.841666763016805,s23,round3_10C_d01_19.05.2026_H3_Sample87.csv
round3,10C,d01,19.05.2026,D12,Sample48,12,23,8,37,68,24,45,12_vs_23,11.41524543354491,33.58475456645509,s10,round3_10C_d01_19.05.2026_D12_Sample48.csv
round3,10C,d01,19.05.2026,C10,Sample34,06,43,12,15,1,116,27,06_vs_43,12.960682960896865,14.039317039103135,s06,round3_10C_d01_19.05.2026_C10_Sample34.csv
round3,10C,d01,19.05.2026,D6,Sample42,12,16,12,179,68,840,191,12_vs_16,12.022982162884492,178.97701783711548,s08,round3_10C_d01_19.05.2026_D6_Sample42.csv
round3,10C,d01,19.05.2026,C1,Sample25,06,20,18,77,1,297,95,06_vs_20,32.14935570892084,62.85064429107918,s03,round3_10C_d01_19.05.2026_C1_Sample25.csv
round3,10C,d01,19.05.2026,C9,Sample33,06,32,6,51,1,50,57,06_vs_32,7.65360076478817,49.34639923521184,s05,round3_10C_d01_19.05.2026_C9_Sample33.csv
round3,10C,d01,19.05.2026,F2,Sample62,16,23,46,1,840,24,47,16_vs_23,45.8028057221165,1.1971942778834979,s15,round3_10C_d01_19.05.2026_F2_Sample62.csv
round3,10C,d01,19.05.2026,G10,Sample82,20,56,353,57,297,632,410,20_vs_56,356.8313657277153,53.168634272284805,s22,round3_10C_d01_19.05.2026_G10_Sample82.csv
round3,10C,d01,19.05.2026,H6,Sample90,23,43,6,4,24,116,10,23_vs_43,5.467827641144072,4.532172358855928,s24,round3_10C_d01_19.05.2026_H6_Sample90.csv
round3,10C,d01,19.05.2026,E3,Sample51,12,32,21,19,68,50,40,12_vs_32,18.558375467171867,21.441624532828133,s11,round3_10C_d01_19.05.2026_E3_Sample51.csv
round3,10C,d01,19.05.2026,H4,Sample88,23,43,33,22,24,116,55,23_vs_43,32.46025151498893,22.53974848501108,s24,round3_10C_d01_19.05.2026_H4_Sample88.csv
round3,10C,d01,19.05.2026,C5,Sample29,06,23,5,1,1,24,6,06_vs_23,5.051349831359255,0.9486501686407448,s04,round3_10C_d01_19.05.2026_C5_Sample29.csv
round3,10C,d01,19.05.2026,G5,Sample77,20,32,107,45,297,50,152,20_vs_32,109.11906197990547,42.880938020094554,s20,round3_10C_d01_19.05.2026_G5_Sample77.csv
round3,10C,d01,19.05.2026,F1,Sample61,16,23,208,1,840,24,209,16_vs_23,207.91269905238607,1.0873009476138702,s15,round3_10C_d01_19.05.2026_F1_Sample61.csv
round3,10C,d01,19.05.2026,F4,Sample64,16,32,1615,73,840,50,1688,16_vs_32,1616.0398584402003,71.96014155979971,s16,round3_10C_d01_19.05.2026_F4_Sample64.csv
round3,10C,d01,19.05.2026,E8,Sample56,12,56,60,43,68,632,103,12_vs_56,63.756649118342565,39.24335088165744,s13,round3_10C_d01_19.05.2026_E8_Sample56.csv
round3,10C,d01,19.05.2026,G11,Sample83,20,56,216,11,297,632,227,20_vs_56,216.6857798634265,10.314220136573423,s22,round3_10C_d01_19.05.2026_G11_Sample83.csv
round3,10C,d01,19.05.2026,D4,Sample40,12,16,10,331,68,840,341,12_vs_16,10.04690830984689,330.95309169015314,s08,round3_10C_d01_19.05.2026_D4_Sample40.csv
round3,10C,d01,19.05.2026,D1,Sample37,06,56,55,88,1,632,143,06_vs_56,56.820466532575004,86.17953346742499,s07,round3_10C_d01_19.05.2026_D1_Sample37.csv
round3,10C,d01,19.05.2026,C8,Sample32,06,32,4,26,1,50,30,06_vs_32,5.293975286610121,24.706024713389883,s05,round3_10C_d01_19.05.2026_C8_Sample32.csv
round3,10C,d01,19.05.2026,F9,Sample69,16,43,422,35,840,116,457,16_vs_43,424.3782922035473,32.62170779645275,s17,round3_10C_d01_19.05.2026_F9_Sample69.csv
round3,10C,d01,19.05.2026,G4,Sample76,20,32,167,26,297,50,193,20_vs_32,166.98580588330412,26.014194116695858,s20,round3_10C_d01_19.05.2026_G4_Sample76.csv
round3,10C,d01,19.05.2026,E4,Sample52,12,43,72,19,68,116,91,12_vs_43,67.49701538930468,23.50298461069533,s12,round3_10C_d01_19.05.2026_E4_Sample52.csv
round3,10C,d01,19.05.2026,G9,Sample81,20,43,486,27,297,116,513,20_vs_43,486.93164217673444,26.068357823265526,s21,round3_10C_d01_19.05.2026_G9_Sample81.csv
round3,10C,d01,19.05.2026,E12,Sample60,16,20,594,5,840,297,599,16_vs_20,594.2967671732885,4.703232826711777,s14,round3_10C_d01_19.05.2026_E12_Sample60.csv
round3,10C,d01,19.05.2026,B6,Sample18,43,56,92,26,116,632,118,43_vs_56,83.79516684719857,34.204833152801434,s28,round3_10C_d01_19.05.2026_B6_Sample18.csv
round3,10C,d01,19.05.2026,G1,Sample73,20,23,151,4,297,24,155,20_vs_23,150.93276563132176,4.067234368678228,s19,round3_10C_d01_19.05.2026_G1_Sample73.csv
round3,10C,d01,19.05.2026,B1,Sample13,32,56,116,24,50,632,140,32_vs_56,113.24410264328901,26.755897356711,s27,round3_10C_d01_19.05.2026_B1_Sample13.csv
round3,10C,d01,19.05.2026,B9,Sample21,06,12,91,33,1,68,124,06_vs_12,91.66382097137726,32.336179028622716,s01,round3_10C_d01_19.05.2026_B9_Sample21.csv
round3,10C,d01,19.05.2026,B7,Sample19,06,12,69,36,1,68,105,06_vs_12,66.57107559342926,38.428924406570744,s01,round3_10C_d01_19.05.2026_B7_Sample19.csv
round3,10C,d01,19.05.2026,C6,Sample30,06,23,2,1,1,24,3,06_vs_23,1.7731783348167873,1.2268216651832127,s04,round3_10C_d01_19.05.2026_C6_Sample30.csv
round3,10C,d01,19.05.2026,D5,Sample41,12,16,10,48,68,840,58,12_vs_16,11.033243777352771,46.966756222647234,s08,round3_10C_d01_19.05.2026_D5_Sample41.csv
round3,10C,d01,19.05.2026,B2,Sample14,32,56,115,26,50,632,141,32_vs_56,115.2341485180141,25.76585148198591,s27,round3_10C_d01_19.05.2026_B2_Sample14.csv
round3,10C,d01,19.05.2026,B4,Sample16,43,56,126,39,116,632,165,43_vs_56,114.22542403441926,50.77457596558074,s28,round3_10C_d01_19.05.2026_B4_Sample16.csv
round3,10C,d01,19.05.2026,F10,Sample70,16,56,374,34,840,632,408,16_vs_56,373.1590623633848,34.840937636615195,s18,round3_10C_d01_19.05.2026_F10_Sample70.csv
round3,10C,d01,19.05.2026,C2,Sample26,06,20,25,50,1,297,75,06_vs_20,30.039629488028854,44.960370511971135,s03,round3_10C_d01_19.05.2026_C2_Sample26.csv
round3,10C,d01,19.05.2026,B5,Sample17,43,56,49,10,116,632,59,43_vs_56,43.71571400828091,15.284285991719091,s28,round3_10C_d01_19.05.2026_B5_Sample17.csv
round3,10C,d01,19.05.2026,G6,Sample78,20,32,148,23,297,50,171,20_vs_32,148.73048645724427,22.269513542755714,s20,round3_10C_d01_19.05.2026_G6_Sample78.csv
round3,20C,d01,19.05.2026,C2,Sample26,06,20,7423,34843,14634,23684,42266,06_vs_20,11152.826587180507,31113.1734128195,s03,round3_20C_d01_19.05.2026_C2_Sample26.csv
round3,20C,d01,19.05.2026,D1,Sample37,06,56,1917,46,14634,452,1963,06_vs_56,1917.839932140476,45.160067859523885,s07,round3_20C_d01_19.05.2026_D1_Sample37.csv
round3,20C,d01,19.05.2026,C9,Sample33,06,32,9693,16345,14634,49246,26038,06_vs_32,9671.59813492645,16366.4018650735,s05,round3_20C_d01_19.05.2026_C9_Sample33.csv
round3,20C,d01,19.05.2026,B3,Sample15,32,56,18955,1781,49246,452,20736,32_vs_56,18594.23461811247,2141.7653818875306,s27,round3_20C_d01_19.05.2026_B3_Sample15.csv
round3,20C,d01,19.05.2026,H7,Sample91,23,56,5936,40,14155,452,5976,23_vs_56,5890.732044820825,85.26795517917536,s25,round3_20C_d01_19.05.2026_H7_Sample91.csv
round3,20C,d01,19.05.2026,F10,Sample70,16,56,73285,90,51598,452,73375,16_vs_56,73262.30613577834,112.69386422165684,s18,round3_20C_d01_19.05.2026_F10_Sample70.csv
round3,20C,d01,19.05.2026,H2,Sample86,23,32,23116,10943,14155,49246,34059,23_vs_32,21840.48544723491,12218.514552765088,s23,round3_20C_d01_19.05.2026_H2_Sample86.csv
round3,20C,d01,19.05.2026,E11,Sample59,16,20,38353,70456,51598,23684,108809,16_vs_20,41169.31383509034,67639.68616490939,s14,round3_20C_d01_19.05.2026_E11_Sample59.csv
round3,20C,d01,19.05.2026,C3,Sample27,06,20,3920,20415,14634,23684,24335,06_vs_20,6073.480558155619,18261.5194418444,s03,round3_20C_d01_19.05.2026_C3_Sample27.csv
round3,20C,d01,19.05.2026,E10,Sample58,16,20,53900,82580,51598,23684,136480,16_vs_20,56584.27412979513,79895.72587020503,s14,round3_20C_d01_19.05.2026_E10_Sample58.csv
round3,20C,d01,19.05.2026,B6,Sample18,43,56,280,21,564,452,301,43_vs_56,261.32010885316345,39.67989114683652,s28,round3_20C_d01_19.05.2026_B6_Sample18.csv
round3,20C,d01,19.05.2026,E1,Sample49,12,32,4048,17543,4890,49246,21591,12_vs_32,4621.810876287447,16969.189123712476,s11,round3_20C_d01_19.05.2026_E1_Sample49.csv
round3,20C,d01,19.05.2026,C7,Sample31,06,32,6156,11995,14634,49246,18151,06_vs_32,6281.917412391856,11869.08258760809,s05,round3_20C_d01_19.05.2026_C7_Sample31.csv
round3,20C,d01,19.05.2026,D5,Sample41,12,16,596,34870,4890,51598,35466,12_vs_16,920.2092500633947,34545.790749936896,s08,round3_20C_d01_19.05.2026_D5_Sample41.csv
round3,20C,d01,19.05.2026,H8,Sample92,23,56,5138,55,14155,452,5193,23_vs_56,5095.921052034802,97.07894796519794,s25,round3_20C_d01_19.05.2026_H8_Sample92.csv
round3,20C,d01,19.05.2026,F9,Sample69,16,43,40251,1296,51598,564,41547,16_vs_43,40219.32426824837,1327.6757317521685,s17,round3_20C_d01_19.05.2026_F9_Sample69.csv
round3,20C,d01,19.05.2026,B1,Sample13,32,56,20238,2173,49246,452,22411,32_vs_56,19746.67931758213,2664.3206824178724,s27,round3_20C_d01_19.05.2026_B1_Sample13.csv
round3,20C,d01,19.05.2026,F6,Sample66,16,32,43949,24798,51598,49246,68747,16_vs_32,44240.81674106625,24506.18325893375,s16,round3_20C_d01_19.05.2026_F6_Sample66.csv
round3,20C,d01,19.05.2026,G2,Sample74,20,23,40048,3593,23684,14155,43641,20_vs_23,40157.66484764786,3483.335152352139,s19,round3_20C_d01_19.05.2026_G2_Sample74.csv
round3,20C,d01,19.05.2026,D6,Sample42,12,16,673,34105,4890,51598,34778,12_vs_16,987.1267245167659,33790.87327548344,s08,round3_20C_d01_19.05.2026_D6_Sample42.csv
round3,20C,d01,19.05.2026,C11,Sample35,06,43,2633,163,14634,564,2796,06_vs_43,2628.543747676366,167.45625232363437,s06,round3_20C_d01_19.05.2026_C11_Sample35.csv
round3,20C,d01,19.05.2026,F5,Sample65,16,32,39279,22326,51598,49246,61605,16_vs_32,39562.02073529183,22042.979264708167,s16,round3_20C_d01_19.05.2026_F5_Sample65.csv
round3,20C,d01,19.05.2026,F12,Sample72,16,56,66231,108,51598,452,66339,16_vs_56,66176.99296281871,162.0070371813058,s18,round3_20C_d01_19.05.2026_F12_Sample72.csv
round3,20C,d01,19.05.2026,D10,Sample46,12,23,1692,9317,4890,14155,11009,12_vs_23,1902.9268164110085,9106.073183588993,s10,round3_20C_d01_19.05.2026_D10_Sample46.csv
round3,20C,d01,19.05.2026,G10,Sample82,20,56,32613,339,23684,452,32952,20_vs_56,32604.857621105297,347.1423788952747,s22,round3_20C_d01_19.05.2026_G10_Sample82.csv
round3,20C,d01,19.05.2026,B9,Sample21,06,12,6576,540,14634,4890,7116,06_vs_12,6523.281234432422,592.718765567578,s01,round3_20C_d01_19.05.2026_B9_Sample21.csv
round3,20C,d01,19.05.2026,H12,Sample96,32,43,11667,4292,49246,564,15959,32_vs_43,10988.288769703362,4970.711230296638,s26,round3_20C_d01_19.05.2026_H12_Sample96.csv
round3,20C,d01,19.05.2026,D3,Sample39,06,56,2526,73,14634,452,2599,06_vs_56,2524.890023647779,74.10997635222108,s07,round3_20C_d01_19.05.2026_D3_Sample39.csv
round3,20C,d01,19.05.2026,G12,Sample84,20,56,40908,383,23684,452,41291,20_vs_56,40892.788168978026,398.2118310233735,s22,round3_20C_d01_19.05.2026_G12_Sample84.csv
round3,20C,d01,19.05.2026,E2,Sample50,12,32,3923,18174,4890,49246,22097,12_vs_32,4336.981900256571,17760.018099743385,s11,round3_20C_d01_19.05.2026_E2_Sample50.csv
round3,20C,d01,19.05.2026,H10,Sample94,32,43,13559,6332,49246,564,19891,32_vs_43,12946.184673736254,6944.815326263746,s26,round3_20C_d01_19.05.2026_H10_Sample94.csv
round3,20C,d01,19.05.2026,C8,Sample32,06,32,7011,12911,14634,49246,19922,06_vs_32,7036.687140394904,12885.312859605074,s05,round3_20C_d01_19.05.2026_C8_Sample32.csv
round3,20C,d01,19.05.2026,H5,Sample89,23,43,6612,76,14155,564,6688,23_vs_43,6537.633910020529,150.36608997946556,s24,round3_20C_d01_19.05.2026_H5_Sample89.csv
round3,20C,d01,19.05.2026,D9,Sample45,12,20,853,54015,4890,23684,54868,12_vs_20,1626.8349326250268,53241.165067374975,s09,round3_20C_d01_19.05.2026_D9_Sample45.csv
round3,20C,d01,19.05.2026,E12,Sample60,16,20,22839,46272,51598,23684,69111,16_vs_20,24926.512850944804,44184.48714905476,s14,round3_20C_d01_19.05.2026_E12_Sample60.csv
round3,20C,d01,19.05.2026,E6,Sample54,12,43,2215,265,4890,564,2480,12_vs_43,2090.7834539324913,389.2165460675125,s12,round3_20C_d01_19.05.2026_E6_Sample54.csv
round3,20C,d01,19.05.2026,C1,Sample25,06,20,4089,22800,14634,23684,26889,06_vs_20,6831.607981018651,20057.39201898143,s03,round3_20C_d01_19.05.2026_C1_Sample25.csv
round3,20C,d01,19.05.2026,E8,Sample56,12,56,2645,33,4890,452,2678,12_vs_56,2613.885089025456,64.11491097454382,s13,round3_20C_d01_19.05.2026_E8_Sample56.csv
round3,20C,d01,19.05.2026,G8,Sample80,20,43,48705,1661,23684,564,50366,20_vs_43,46949.75759425583,3416.24240574497,s21,round3_20C_d01_19.05.2026_G8_Sample80.csv
round3,20C,d01,19.05.2026,G3,Sample75,20,23,33492,2604,23684,14155,36096,20_vs_23,33512.99660651452,2583.0033934854823,s19,round3_20C_d01_19.05.2026_G3_Sample75.csv
round3,20C,d01,19.05.2026,F8,Sample68,16,43,36858,1484,51598,564,38342,16_vs_43,36813.852083381185,1528.1479166192917,s17,round3_20C_d01_19.05.2026_F8_Sample68.csv
round3,20C,d01,19.05.2026,G11,Sample83,20,56,38021,368,23684,452,38389,20_vs_56,38010.34164670611,378.6583532948883,s22,round3_20C_d01_19.05.2026_G11_Sample83.csv
round3,20C,d01,19.05.2026,B8,Sample20,06,12,4732,354,14634,4890,5086,06_vs_12,4687.476786028388,398.5232139716116,s01,round3_20C_d01_19.05.2026_B8_Sample20.csv
round3,20C,d01,19.05.2026,H4,Sample88,23,43,5030,159,14155,564,5189,23_vs_43,4906.72572039487,282.2742796051315,s24,round3_20C_d01_19.05.2026_H4_Sample88.csv
round3,20C,d01,19.05.2026,D4,Sample40,12,16,620,72764,4890,51598,73384,12_vs_16,1170.607813965283,72213.39218603587,s08,round3_20C_d01_19.05.2026_D4_Sample40.csv
round3,20C,d01,19.05.2026,G1,Sample73,20,23,42727,4071,23684,14155,46798,20_vs_23,42916.59975654603,3881.4002434539707,s19,round3_20C_d01_19.05.2026_G1_Sample73.csv
round3,20C,d01,19.05.2026,H1,Sample85,23,32,24995,7857,14155,49246,32852,23_vs_32,22637.642177323898,10214.357822676098,s23,round3_20C_d01_19.05.2026_H1_Sample85.csv
round3,20C,d01,19.05.2026,C12,Sample36,06,43,3025,205,14634,564,3230,06_vs_43,3022.164100096531,207.83589990346923,s06,round3_20C_d01_19.05.2026_C12_Sample36.csv
round3,20C,d01,19.05.2026,H11,Sample95,32,43,16029,356,49246,564,16385,32_vs_43,15812.35484451849,572.6451554815105,s26,round3_20C_d01_19.05.2026_H11_Sample95.csv
round3,20C,d01,19.05.2026,E9,Sample57,12,56,3429,67,4890,452,3496,12_vs_56,3370.370440608998,125.62955939100225,s13,round3_20C_d01_19.05.2026_E9_Sample57.csv
round3,20C,d01,19.05.2026,G4,Sample76,20,32,53106,15318,23684,49246,68424,20_vs_32,53619.58877540539,14804.411224595899,s20,round3_20C_d01_19.05.2026_G4_Sample76.csv
round3,20C,d01,19.05.2026,F2,Sample62,16,23,53327,1905,51598,14155,55232,16_vs_23,52880.14557932492,2351.854420675881,s15,round3_20C_d01_19.05.2026_F2_Sample62.csv
round3,20C,d01,19.05.2026,G9,Sample81,20,43,53908,2052,23684,564,55960,20_vs_43,51395.968004688024,4564.031995312402,s21,round3_20C_d01_19.05.2026_G9_Sample81.csv
round3,20C,d01,19.05.2026,B11,Sample23,06,16,3170,31381,14634,51598,34551,06_vs_16,3494.1029275446112,31056.897072455893,s02,round3_20C_d01_19.05.2026_B11_Sample23.csv
round3,20C,d01,19.05.2026,F4,Sample64,16,32,87339,25805,51598,49246,113144,16_vs_32,87626.65823273826,25517.341767261743,s16,round3_20C_d01_19.05.2026_F4_Sample64.csv
round3,20C,d01,19.05.2026,E4,Sample52,12,43,3194,608,4890,564,3802,12_vs_43,2994.6353694994514,807.3646305005474,s12,round3_20C_d01_19.05.2026_E4_Sample52.csv
round3,20C,d01,19.05.2026,H9,Sample93,23,56,6083,38,14155,452,6121,23_vs_56,6047.775718820838,73.22428117916215,s25,round3_20C_d01_19.05.2026_H9_Sample93.csv
round3,20C,d01,19.05.2026,B2,Sample14,32,56,18661,1813,49246,452,20474,32_vs_56,18268.683920431424,2205.3160795685735,s27,round3_20C_d01_19.05.2026_B2_Sample14.csv
round3,20C,d01,19.05.2026,D11,Sample47,12,23,1137,8888,4890,14155,10025,12_vs_23,1365.2201789862402,8659.779821013759,s10,round3_20C_d01_19.05.2026_D11_Sample47.csv
round3,20C,d01,19.05.2026,G5,Sample77,20,32,49641,15428,23684,49246,65069,20_vs_32,50162.49597023363,14906.504029767348,s20,round3_20C_d01_19.05.2026_G5_Sample77.csv
round3,20C,d01,19.05.2026,B4,Sample16,43,56,400,34,564,452,434,43_vs_56,376.0654133469843,57.9345866530157,s28,round3_20C_d01_19.05.2026_B4_Sample16.csv
round3,20C,d01,19.05.2026,C6,Sample30,06,23,4806,1245,14634,14155,6051,06_vs_23,4761.752721793938,1289.2472782060768,s04,round3_20C_d01_19.05.2026_C6_Sample30.csv
round3,20C,d01,19.05.2026,E7,Sample55,12,56,2402,44,4890,452,2446,12_vs_56,2378.1772617383986,67.82273826160161,s13,round3_20C_d01_19.05.2026_E7_Sample55.csv
round3,20C,d01,19.05.2026,B10,Sample22,06,16,3783,43390,14634,51598,47173,06_vs_16,4297.227553887332,42875.772446113355,s02,round3_20C_d01_19.05.2026_B10_Sample22.csv
round3,20C,d01,19.05.2026,F11,Sample71,16,56,34166,46,51598,452,34212,16_vs_56,34162.847501947355,49.15249805264081,s18,round3_20C_d01_19.05.2026_F11_Sample71.csv
round3,20C,d01,19.05.2026,D8,Sample44,12,20,623,42482,4890,23684,43105,12_vs_20,1208.0997327240514,41896.90026727595,s09,round3_20C_d01_19.05.2026_D8_Sample44.csv
round3,20C,d01,19.05.2026,B12,Sample24,06,16,3351,100249,14634,51598,103600,06_vs_16,4508.614564822697,99091.38543518071,s02,round3_20C_d01_19.05.2026_B12_Sample24.csv
round3,20C,d01,19.05.2026,C5,Sample29,06,23,5127,1224,14634,14155,6351,06_vs_23,5064.640631223622,1286.359368776393,s04,round3_20C_d01_19.05.2026_C5_Sample29.csv
round3,20C,d01,19.05.2026,G7,Sample79,20,43,33816,1208,23684,564,35024,20_vs_43,32176.79927162555,2847.200728374509,s21,round3_20C_d01_19.05.2026_G7_Sample79.csv
round3,20C,d01,19.05.2026,B5,Sample17,43,56,443,24,564,452,467,43_vs_56,401.58940108990777,65.4105989100922,s28,round3_20C_d01_19.05.2026_B5_Sample17.csv
round3,20C,d01,19.05.2026,D7,Sample43,12,20,629,41343,4890,23684,41972,12_vs_20,1216.0008926863377,40755.99910731366,s09,round3_20C_d01_19.05.2026_D7_Sample43.csv
round3,20C,d01,19.05.2026,C10,Sample34,06,43,2299,162,14634,564,2461,06_vs_43,2295.050168864369,165.94983113563086,s06,round3_20C_d01_19.05.2026_C10_Sample34.csv
round3,20C,d01,19.05.2026,D2,Sample38,06,56,2992,86,14634,452,3078,06_vs_56,2995.4998326845616,82.50016731543809,s07,round3_20C_d01_19.05.2026_D2_Sample38.csv
round3,20C,d01,19.05.2026,C4,Sample28,06,23,7272,474,14634,14155,7746,06_vs_23,7038.3568454385595,707.6431545614552,s04,round3_20C_d01_19.05.2026_C4_Sample28.csv
round3,20C,d01,19.05.2026,F3,Sample63,16,23,64676,1505,51598,14155,66181,16_vs_23,64264.23761881142,1916.7623811898136,s15,round3_20C_d01_19.05.2026_F3_Sample63.csv
round3,20C,d01,19.05.2026,H6,Sample90,23,43,5695,244,14155,564,5939,23_vs_43,5485.466206411996,453.53379358801396,s24,round3_20C_d01_19.05.2026_H6_Sample90.csv
round3,20C,d01,19.05.2026,E5,Sample53,12,43,2748,469,4890,564,3217,12_vs_43,2578.5423668447197,638.4576331552837,s12,round3_20C_d01_19.05.2026_E5_Sample53.csv
round3,20C,d01,19.05.2026,F7,Sample67,16,43,35811,1541,51598,564,37352,16_vs_43,35808.47445789384,1543.5255421065644,s17,round3_20C_d01_19.05.2026_F7_Sample67.csv
round3,20C,d01,19.05.2026,E3,Sample51,12,32,3635,18733,4890,49246,22368,12_vs_32,3953.887267144978,18414.112732855036,s11,round3_20C_d01_19.05.2026_E3_Sample51.csv
round3,20C,d01,19.05.2026,H3,Sample87,23,32,18546,11255,14155,49246,29801,23_vs_32,18110.772767993854,11690.227232006144,s23,round3_20C_d01_19.05.2026_H3_Sample87.csv
round3,20C,d01,19.05.2026,D12,Sample48,12,23,1244,13187,4890,14155,14431,12_vs_23,1581.4559950472476,12849.544004952751,s10,round3_20C_d01_19.05.2026_D12_Sample48.csv
round3,20C,d01,19.05.2026,F1,Sample61,16,23,70284,2160,51598,14155,72444,16_vs_23,69717.78470235437,2726.215297648429,s15,round3_20C_d01_19.05.2026_F1_Sample61.csv
round3,20C,d01,19.05.2026,B7,Sample19,06,12,4758,326,14634,4890,5084,06_vs_12,4715.436412297049,368.56358770295066,s01,round3_20C_d01_19.05.2026_B7_Sample19.csv
round3,20C,d01,19.05.2026,G6,Sample78,20,32,57319,17234,23684,49246,74553,20_vs_32,57927.12297000486,16625.87702999735,s20,round3_20C_d01_19.05.2026_G6_Sample78.csv
round3,20C,d07,25.05.2026,F9,Sample69,16,43,92884,18090,55479,2938,110974,16_vs_43,86403.18110641249,24570.818893587973,s17,round3_20C_d07_25.05.2026_F9_Sample69.csv
round3,20C,d07,25.05.2026,C8,Sample32,06,32,5166,2918,14143,20724,8084,06_vs_32,5199.373502361442,2884.6264976385587,s05,round3_20C_d07_25.05.2026_C8_Sample32.csv
round3,20C,d07,25.05.2026,F2,Sample62,16,23,618219,35691,55479,22485,653910,16_vs_23,600595.7956873742,53314.20431263016,s15,round3_20C_d07_25.05.2026_F2_Sample62.csv
round3,20C,d07,25.05.2026,G3,Sample75,20,23,14194,120559,105,22485,134753,20_vs_23,15408.368997976286,119344.63100202371,s19,round3_20C_d07_25.05.2026_G3_Sample75.csv
round3,20C,d07,25.05.2026,B11,Sample23,06,16,41824,521753,14143,55479,563577,06_vs_16,76298.00363485162,487278.99636515457,s02,round3_20C_d07_25.05.2026_B11_Sample23.csv
round3,20C,d07,25.05.2026,D10,Sample46,12,23,99164,215199,54502,22485,314363,12_vs_23,103290.9771401089,211072.02285989112,s10,round3_20C_d07_25.05.2026_D10_Sample46.csv
round3,20C,d07,25.05.2026,F12,Sample72,16,56,64351,40658,55479,186,105009,16_vs_56,65564.19405640756,39444.80594359244,s18,round3_20C_d07_25.05.2026_F12_Sample72.csv
round3,20C,d07,25.05.2026,F1,Sample61,16,23,435946,29769,55479,22485,465715,16_vs_23,424000.64043362124,41714.3595663768,s15,round3_20C_d07_25.05.2026_F1_Sample61.csv
round3,20C,d07,25.05.2026,H9,Sample93,23,56,7981,498,22485,186,8479,23_vs_56,7684.78044547535,794.2195545246509,s25,round3_20C_d07_25.05.2026_H9_Sample93.csv
round3,20C,d07,25.05.2026,H11,Sample95,32,43,30293,14254,20724,2938,44547,32_vs_43,28184.56049349332,16362.439506506682,s26,round3_20C_d07_25.05.2026_H11_Sample95.csv
round3,20C,d07,25.05.2026,F6,Sample66,16,32,312092,48888,55479,20724,360980,16_vs_32,303409.62184255663,57570.378157443396,s16,round3_20C_d07_25.05.2026_F6_Sample66.csv
round3,20C,d07,25.05.2026,G12,Sample84,20,56,4738,3578,105,186,8316,20_vs_56,4731.319601364551,3584.680398635437,s22,round3_20C_d07_25.05.2026_G12_Sample84.csv
round3,20C,d07,25.05.2026,E5,Sample53,12,43,93300,42183,54502,2938,135483,12_vs_43,89301.01538765746,46181.98461234327,s12,round3_20C_d07_25.05.2026_E5_Sample53.csv
round3,20C,d07,25.05.2026,C4,Sample28,06,23,25297,4571,14143,22485,29868,06_vs_23,25140.320226461237,4727.679773538712,s04,round3_20C_d07_25.05.2026_C4_Sample28.csv
round3,20C,d07,25.05.2026,E1,Sample49,12,32,7760,110063,54502,20724,117823,12_vs_32,11532.778783017407,106290.22121698152,s11,round3_20C_d07_25.05.2026_E1_Sample49.csv
round3,20C,d07,25.05.2026,E3,Sample51,12,32,6523,106487,54502,20724,113010,12_vs_32,9087.4126922329,103922.58730776812,s11,round3_20C_d07_25.05.2026_E3_Sample51.csv
round3,20C,d07,25.05.2026,C9,Sample33,06,32,10816,6106,14143,20724,16922,06_vs_32,10943.371625585762,5978.628374414173,s05,round3_20C_d07_25.05.2026_C9_Sample33.csv
round3,20C,d07,25.05.2026,D12,Sample48,12,23,73492,184130,54502,22485,257622,12_vs_23,78573.06908743153,179048.93091256847,s10,round3_20C_d07_25.05.2026_D12_Sample48.csv
round3,20C,d07,25.05.2026,G2,Sample74,20,23,13209,143207,105,22485,156416,20_vs_23,14766.600665155336,141649.39933484467,s19,round3_20C_d07_25.05.2026_G2_Sample74.csv
round3,20C,d07,25.05.2026,C6,Sample30,06,23,19363,3481,14143,22485,22844,06_vs_23,19158.681969767447,3685.318030232669,s04,round3_20C_d07_25.05.2026_C6_Sample30.csv
round3,20C,d07,25.05.2026,G11,Sample83,20,56,6151,4873,105,186,11024,20_vs_56,6188.9709012199055,4835.029098780089,s22,round3_20C_d07_25.05.2026_G11_Sample83.csv
round3,20C,d07,25.05.2026,G9,Sample81,20,43,4958,9894,105,2938,14852,20_vs_43,5184.35569406195,9667.644305938116,s21,round3_20C_d07_25.05.2026_G9_Sample81.csv
round3,20C,d07,25.05.2026,G5,Sample77,20,32,61228,298958,105,20724,360186,20_vs_32,63336.457038178625,296849.5429618232,s20,round3_20C_d07_25.05.2026_G5_Sample77.csv
round3,20C,d07,25.05.2026,D11,Sample47,12,23,44875,94916,54502,22485,139791,12_vs_23,45561.33972599848,94229.66027400152,s10,round3_20C_d07_25.05.2026_D11_Sample47.csv
round3,20C,d07,25.05.2026,C11,Sample35,06,43,30123,1807,14143,2938,31930,06_vs_43,30178.952083096483,1751.0479169035189,s06,round3_20C_d07_25.05.2026_C11_Sample35.csv
round3,20C,d07,25.05.2026,G4,Sample76,20,32,68176,312107,105,20724,380283,20_vs_32,70582.9349224267,309700.0650775714,s20,round3_20C_d07_25.05.2026_G4_Sample76.csv
round3,20C,d07,25.05.2026,E4,Sample52,12,43,955,778,54502,2938,1733,12_vs_43,931.7447770365638,801.2552229634346,s12,round3_20C_d07_25.05.2026_E4_Sample52.csv
round3,20C,d07,25.05.2026,C1,Sample25,06,20,46609,4959,14143,105,51568,06_vs_20,43703.54105606503,7864.4589439351275,s03,round3_20C_d07_25.05.2026_C1_Sample25.csv
round3,20C,d07,25.05.2026,F8,Sample68,16,43,97873,21983,55479,2938,119856,16_vs_43,90717.58764341882,29138.41235658357,s17,round3_20C_d07_25.05.2026_F8_Sample68.csv
round3,20C,d07,25.05.2026,H7,Sample91,23,56,33685,2576,22485,186,36261,23_vs_56,32501.508582338032,3759.491417661969,s25,round3_20C_d07_25.05.2026_H7_Sample91.csv
round3,20C,d07,25.05.2026,B8,Sample20,06,12,4721,588,14143,54502,5309,06_vs_12,4772.330880931206,536.6691190687935,s01,round3_20C_d07_25.05.2026_B8_Sample20.csv
round3,20C,d07,25.05.2026,B7,Sample19,06,12,20304,2543,14143,54502,22847,06_vs_12,20559.14696917424,2287.8530308257605,s01,round3_20C_d07_25.05.2026_B7_Sample19.csv
round3,20C,d07,25.05.2026,H1,Sample85,23,32,108518,189914,22485,20724,298432,23_vs_32,125359.46552726356,173072.53447273644,s23,round3_20C_d07_25.05.2026_H1_Sample85.csv
round3,20C,d07,25.05.2026,D3,Sample39,06,56,35811,1324,14143,186,37135,06_vs_56,35818.31485558627,1316.685144413728,s07,round3_20C_d07_25.05.2026_D3_Sample39.csv
round3,20C,d07,25.05.2026,F3,Sample63,16,23,719436,47678,55479,22485,767114,16_vs_23,698326.5908327976,68787.40916721523,s15,round3_20C_d07_25.05.2026_F3_Sample63.csv
round3,20C,d07,25.05.2026,H12,Sample96,32,43,22229,7842,20724,2938,30071,32_vs_43,20788.137813634705,9282.862186365299,s26,round3_20C_d07_25.05.2026_H12_Sample96.csv
round3,20C,d07,25.05.2026,H10,Sample94,32,43,20816,8000,20724,2938,28816,32_vs_43,19176.342899667463,9639.657100332539,s26,round3_20C_d07_25.05.2026_H10_Sample94.csv
round3,20C,d07,25.05.2026,F5,Sample65,16,32,411676,39619,55479,20724,451295,16_vs_32,403833.7962601759,47461.20373982405,s16,round3_20C_d07_25.05.2026_F5_Sample65.csv
round3,20C,d07,25.05.2026,G7,Sample79,20,43,27309,637017,105,2938,664326,20_vs_43,46169.26323552744,618156.7367644877,s21,round3_20C_d07_25.05.2026_G7_Sample79.csv
round3,20C,d07,25.05.2026,H5,Sample89,23,43,77192,22611,22485,2938,99803,23_vs_43,68860.78172582031,30942.21827418047,s24,round3_20C_d07_25.05.2026_H5_Sample89.csv
round3,20C,d07,25.05.2026,E11,Sample59,16,20,87855,36118,55479,105,123973,16_vs_20,83205.05337019464,40767.946629805614,s14,round3_20C_d07_25.05.2026_E11_Sample59.csv
round3,20C,d07,25.05.2026,G1,Sample73,20,23,16015,150644,105,22485,166659,20_vs_23,17748.2056506758,148910.7943493242,s19,round3_20C_d07_25.05.2026_G1_Sample73.csv
round3,20C,d07,25.05.2026,G6,Sample78,20,32,32813,203341,105,20724,236154,20_vs_32,34503.27190111988,201650.72809887896,s20,round3_20C_d07_25.05.2026_G6_Sample78.csv
round3,20C,d07,25.05.2026,F10,Sample70,16,56,83570,26949,55479,186,110519,16_vs_56,81877.53874536151,28641.461254638492,s18,round3_20C_d07_25.05.2026_F10_Sample70.csv
round3,20C,d07,25.05.2026,C10,Sample34,06,43,20354,1147,14143,2938,21501,06_vs_43,20388.765722832704,1112.2342771672943,s06,round3_20C_d07_25.05.2026_C10_Sample34.csv
round3,20C,d07,25.05.2026,B10,Sample22,06,16,12268,115809,14143,55479,128077,06_vs_16,20632.09944774691,107444.90055225277,s02,round3_20C_d07_25.05.2026_B10_Sample22.csv
round3,20C,d07,25.05.2026,D8,Sample44,12,20,56958,17376,54502,105,74334,12_vs_20,55014.09554695403,19319.904453045972,s09,round3_20C_d07_25.05.2026_D8_Sample44.csv
round3,20C,d07,25.05.2026,E2,Sample50,12,32,6703,108064,54502,20724,114767,12_vs_32,9781.865203792018,104985.13479620671,s11,round3_20C_d07_25.05.2026_E2_Sample50.csv
round3,20C,d07,25.05.2026,F4,Sample64,16,32,323629,39524,55479,20724,363153,16_vs_32,315563.97181308165,47589.0281869183,s16,round3_20C_d07_25.05.2026_F4_Sample64.csv
round3,20C,d07,25.05.2026,D6,Sample42,12,16,185655,331876,54502,55479,517531,12_vs_16,194744.31630915066,322786.68369086017,s08,round3_20C_d07_25.05.2026_D6_Sample42.csv
round3,20C,d07,25.05.2026,B12,Sample24,06,16,22182,304464,14143,55479,326646,06_vs_16,42637.26195272587,284008.7380472786,s02,round3_20C_d07_25.05.2026_B12_Sample24.csv
round3,20C,d07,25.05.2026,D4,Sample40,12,16,155420,308165,54502,55479,463585,12_vs_16,163532.24984927796,300052.75015072175,s08,round3_20C_d07_25.05.2026_D4_Sample40.csv
round3,20C,d07,25.05.2026,B9,Sample21,06,12,11608,841,14143,54502,12449,06_vs_12,11647.520789132104,801.4792108678962,s01,round3_20C_d07_25.05.2026_B9_Sample21.csv
round3,20C,d07,25.05.2026,E8,Sample56,12,56,59208,11880,54502,186,71088,12_vs_56,55844.05246697233,15243.947533027662,s13,round3_20C_d07_25.05.2026_E8_Sample56.csv
round3,20C,d07,25.05.2026,B3,Sample15,32,56,41299,1466,20724,186,42765,32_vs_56,40450.40661123692,2314.5933887630836,s27,round3_20C_d07_25.05.2026_B3_Sample15.csv
round3,20C,d07,25.05.2026,D9,Sample45,12,20,95329,30365,54502,105,125694,12_vs_20,91860.44634591874,33833.55365408125,s09,round3_20C_d07_25.05.2026_D9_Sample45.csv
round3,20C,d07,25.05.2026,D1,Sample37,06,56,51831,2411,14143,186,54242,06_vs_56,51865.280616482894,2376.719383517101,s07,round3_20C_d07_25.05.2026_D1_Sample37.csv
round3,20C,d07,25.05.2026,B2,Sample14,32,56,12722,610,20724,186,13332,32_vs_56,12422.003089786002,909.9969102139995,s27,round3_20C_d07_25.05.2026_B2_Sample14.csv
round3,20C,d07,25.05.2026,B6,Sample18,43,56,6061,936,2938,186,6997,43_vs_56,5814.678583464929,1182.3214165350714,s28,round3_20C_d07_25.05.2026_B6_Sample18.csv
round3,20C,d07,25.05.2026,H6,Sample90,23,43,46823,12015,22485,2938,58838,23_vs_43,41595.74467818906,17242.255321811717,s24,round3_20C_d07_25.05.2026_H6_Sample90.csv
round3,20C,d07,25.05.2026,D7,Sample43,12,20,117661,35443,54502,105,153104,12_vs_20,113579.98072589346,39524.01927410655,s09,round3_20C_d07_25.05.2026_D7_Sample43.csv
round3,20C,d07,25.05.2026,H2,Sample86,23,32,75822,126335,22485,20724,202157,23_vs_32,84863.32025636213,117293.67974363788,s23,round3_20C_d07_25.05.2026_H2_Sample86.csv
round3,20C,d07,25.05.2026,C2,Sample26,06,20,52499,7175,14143,105,59674,06_vs_20,49234.38112617689,10439.618873823301,s03,round3_20C_d07_25.05.2026_C2_Sample26.csv
round3,20C,d07,25.05.2026,E12,Sample60,16,20,101742,54071,55479,105,155813,16_vs_20,97081.4370452375,58731.56295476223,s14,round3_20C_d07_25.05.2026_E12_Sample60.csv
round3,20C,d07,25.05.2026,C7,Sample31,06,32,27855,17318,14143,20724,45173,06_vs_32,28472.213463054813,16700.786536945183,s05,round3_20C_d07_25.05.2026_C7_Sample31.csv
round3,20C,d07,25.05.2026,H8,Sample92,23,56,43321,2470,22485,186,45791,23_vs_56,41651.66622803816,4139.333771961843,s25,round3_20C_d07_25.05.2026_H8_Sample92.csv
round3,20C,d07,25.05.2026,E6,Sample54,12,43,102726,46766,54502,2938,149492,12_vs_43,98273.00253772213,51218.99746227746,s12,round3_20C_d07_25.05.2026_E6_Sample54.csv
round3,20C,d07,25.05.2026,G10,Sample82,20,56,4367,5122,105,186,9489,20_vs_56,4439.071365435549,5049.928634564463,s22,round3_20C_d07_25.05.2026_G10_Sample82.csv
round3,20C,d07,25.05.2026,B1,Sample13,32,56,482,85,20724,186,567,32_vs_56,466.89627081462595,100.10372918537408,s27,round3_20C_d07_25.05.2026_B1_Sample13.csv
round3,20C,d07,25.05.2026,B5,Sample17,43,56,5659,936,2938,186,6595,43_vs_56,5468.07286099194,1126.9271390080605,s28,round3_20C_d07_25.05.2026_B5_Sample17.csv
round3,20C,d07,25.05.2026,D2,Sample38,06,56,45212,2774,14143,186,47986,06_vs_56,45272.617600788406,2713.3823992115886,s07,round3_20C_d07_25.05.2026_D2_Sample38.csv
round3,20C,d07,25.05.2026,H3,Sample87,23,32,111283,168331,22485,20724,279614,23_vs_32,121887.54436555596,157726.45563444405,s23,round3_20C_d07_25.05.2026_H3_Sample87.csv
round3,20C,d07,25.05.2026,B4,Sample16,43,56,6420,1052,2938,186,7472,43_vs_56,6176.775555461423,1295.224444538577,s28,round3_20C_d07_25.05.2026_B4_Sample16.csv
round3,20C,d07,25.05.2026,C3,Sample27,06,20,8841,1464,14143,105,10305,06_vs_20,8257.749493254252,2047.2505067457207,s03,round3_20C_d07_25.05.2026_C3_Sample27.csv
round3,20C,d07,25.05.2026,E7,Sample55,12,56,183191,60552,54502,186,243743,12_vs_56,175428.9868979556,68314.0131020444,s13,round3_20C_d07_25.05.2026_E7_Sample55.csv
round3,20C,d07,25.05.2026,F7,Sample67,16,43,392621,88789,55479,2938,481410,16_vs_43,364605.11359723134,116804.88640277837,s17,round3_20C_d07_25.05.2026_F7_Sample67.csv
round3,20C,d07,25.05.2026,E10,Sample58,16,20,110175,36735,55479,105,146910,16_vs_20,105099.10909192191,41810.89090807856,s14,round3_20C_d07_25.05.2026_E10_Sample58.csv
round3,20C,d07,25.05.2026,E9,Sample57,12,56,57625,12158,54502,186,69783,12_vs_56,54270.81774686835,15512.182253131647,s13,round3_20C_d07_25.05.2026_E9_Sample57.csv
round3,20C,d07,25.05.2026,G8,Sample80,20,43,4894,21415,105,2938,26309,20_vs_43,5228.459813875266,21080.540186124766,s21,round3_20C_d07_25.05.2026_G8_Sample80.csv
round3,20C,d07,25.05.2026,F11,Sample71,16,56,395297,128735,55479,186,524032,16_vs_56,396565.5359918061,127466.46400819396,s18,round3_20C_d07_25.05.2026_F11_Sample71.csv
round3,20C,d07,25.05.2026,C12,Sample36,06,43,25843,1648,14143,2938,27491,06_vs_43,25909.601180880945,1581.3988191190579,s06,round3_20C_d07_25.05.2026_C12_Sample36.csv
round3,20C,d07,25.05.2026,H4,Sample88,23,43,31948,9374,22485,2938,41322,23_vs_43,28349.69245075562,12972.307549244259,s24,round3_20C_d07_25.05.2026_H4_Sample88.csv
round3,20C,d07,25.05.2026,D5,Sample41,12,16,172664,329655,54502,55479,502319,12_vs_16,181073.52486295893,321245.4751370481,s08,round3_20C_d07_25.05.2026_D5_Sample41.csv
round3,20C,d07,25.05.2026,C5,Sample29,06,23,19194,3820,14143,22485,23014,06_vs_23,19061.900056606177,3952.0999433939537,s04,round3_20C_d07_25.05.2026_C5_Sample29.csv
round3,20C,d02,20.05.2026,F8,Sample68,16,43,79023,2580,82826,4940,81603,16_vs_43,78326.76437853636,3276.235621466426,s17,round3_20C_d02_20.05.2026_F8_Sample68.csv
round3,20C,d02,20.05.2026,E12,Sample60,16,20,42210,41124,82826,5659,83334,16_vs_20,43900.68242065609,39433.31757934379,s14,round3_20C_d02_20.05.2026_E12_Sample60.csv
round3,20C,d02,20.05.2026,G5,Sample77,20,32,29120,176643,5659,168368,205763,20_vs_32,31197.25730620188,174565.74269380298,s20,round3_20C_d02_20.05.2026_G5_Sample77.csv
round3,20C,d02,20.05.2026,H11,Sample95,32,43,272664,3014,168368,4940,275678,32_vs_43,240799.1021842271,34878.89781577291,s26,round3_20C_d02_20.05.2026_H11_Sample95.csv
round3,20C,d02,20.05.2026,C8,Sample32,06,32,23634,89576,55308,168368,113210,06_vs_32,27069.712991961955,86140.28700803805,s05,round3_20C_d02_20.05.2026_C8_Sample32.csv
round3,20C,d02,20.05.2026,G2,Sample74,20,23,166041,543129,5659,80268,709170,20_vs_23,174677.2933481944,534492.7066518056,s19,round3_20C_d02_20.05.2026_G2_Sample74.csv
round3,20C,d02,20.05.2026,B2,Sample14,32,56,275821,10680,168368,1058,286501,32_vs_56,269628.26048892795,16872.73951107207,s27,round3_20C_d02_20.05.2026_B2_Sample14.csv
round3,20C,d02,20.05.2026,G8,Sample80,20,43,6948,5350,5659,4940,12298,20_vs_43,6552.884716899832,5745.115283100162,s21,round3_20C_d02_20.05.2026_G8_Sample80.csv
round3,20C,d02,20.05.2026,D2,Sample38,06,56,66819,2241,55308,1058,69060,06_vs_56,66072.41294772472,2987.587052275281,s07,round3_20C_d02_20.05.2026_D2_Sample38.csv
round3,20C,d02,20.05.2026,B4,Sample16,43,56,3173,245,4940,1058,3418,43_vs_56,3023.6146789246013,394.3853210753986,s28,round3_20C_d02_20.05.2026_B4_Sample16.csv
round3,20C,d02,20.05.2026,D7,Sample43,12,20,9346,32037,59630,5659,41383,12_vs_20,10951.35179557823,30431.64820442177,s09,round3_20C_d02_20.05.2026_D7_Sample43.csv
round3,20C,d02,20.05.2026,G4,Sample76,20,32,26909,159783,5659,168368,186692,20_vs_32,28963.70868089244,157728.2913191098,s20,round3_20C_d02_20.05.2026_G4_Sample76.csv
round3,20C,d02,20.05.2026,D3,Sample39,06,56,49238,1610,55308,1058,50848,06_vs_56,48671.38493636645,2176.615063633554,s07,round3_20C_d02_20.05.2026_D3_Sample39.csv
round3,20C,d02,20.05.2026,H10,Sample94,32,43,296096,4164,168368,4940,300260,32_vs_43,261987.48764395402,38272.51235604596,s26,round3_20C_d02_20.05.2026_H10_Sample94.csv
round3,20C,d02,20.05.2026,D5,Sample41,12,16,3375,84539,59630,82826,87914,12_vs_16,5297.958707444795,82616.04129255649,s08,round3_20C_d02_20.05.2026_D5_Sample41.csv
round3,20C,d02,20.05.2026,E8,Sample56,12,56,51643,8037,59630,1058,59680,12_vs_56,49898.03527775264,9781.964722247358,s13,round3_20C_d02_20.05.2026_E8_Sample56.csv
round3,20C,d02,20.05.2026,B11,Sample23,06,16,3870,91733,55308,82826,95603,06_vs_16,4908.557347759054,90694.44265224456,s02,round3_20C_d02_20.05.2026_B11_Sample23.csv
round3,20C,d02,20.05.2026,C10,Sample34,06,43,43862,4709,55308,4940,48571,06_vs_43,41968.850227225164,6602.149772774837,s06,round3_20C_d02_20.05.2026_C10_Sample34.csv
round3,20C,d02,20.05.2026,E5,Sample53,12,43,8089,53690,59630,4940,61779,12_vs_43,14721.969010632603,47057.030989367835,s12,round3_20C_d02_20.05.2026_E5_Sample53.csv
round3,20C,d02,20.05.2026,F2,Sample62,16,23,111040,37060,82826,80268,148100,16_vs_23,108367.48566877416,39732.514331230115,s15,round3_20C_d02_20.05.2026_F2_Sample62.csv
round3,20C,d02,20.05.2026,C3,Sample27,06,20,858,4824,55308,5659,5682,06_vs_20,1611.1334543058877,4070.866545694114,s03,round3_20C_d02_20.05.2026_C3_Sample27.csv
round3,20C,d02,20.05.2026,E11,Sample59,16,20,32580,33002,82826,5659,65582,16_vs_20,34099.67233757475,31482.327662425156,s14,round3_20C_d02_20.05.2026_E11_Sample59.csv
round3,20C,d02,20.05.2026,E6,Sample54,12,43,9243,50471,59630,4940,59714,12_vs_43,15857.032954133661,43856.96704586641,s12,round3_20C_d02_20.05.2026_E6_Sample54.csv
round3,20C,d02,20.05.2026,H2,Sample86,23,32,125189,133227,80268,168368,258416,23_vs_32,131165.8611211619,127250.1388788381,s23,round3_20C_d02_20.05.2026_H2_Sample86.csv
round3,20C,d02,20.05.2026,E7,Sample55,12,56,68330,10926,59630,1058,79256,12_vs_56,65907.85437976153,13348.145620238474,s13,round3_20C_d02_20.05.2026_E7_Sample55.csv
round3,20C,d02,20.05.2026,E3,Sample51,12,32,16396,203835,59630,168368,220231,12_vs_32,24688.76786283214,195542.2321371702,s11,round3_20C_d02_20.05.2026_E3_Sample51.csv
round3,20C,d02,20.05.2026,C7,Sample31,06,32,32125,102467,55308,168368,134592,06_vs_32,36756.31322324138,97835.68677676043,s05,round3_20C_d02_20.05.2026_C7_Sample31.csv
round3,20C,d02,20.05.2026,H1,Sample85,23,32,140897,145203,80268,168368,286100,23_vs_32,146640.35122235067,139459.64877764933,s23,round3_20C_d02_20.05.2026_H1_Sample85.csv
round3,20C,d02,20.05.2026,G10,Sample82,20,56,7811,664,5659,1058,8475,20_vs_56,7739.440393621133,735.5596063788241,s22,round3_20C_d02_20.05.2026_G10_Sample82.csv
round3,20C,d02,20.05.2026,B1,Sample13,32,56,292786,30981,168368,1058,323767,32_vs_56,283101.0382439959,40665.961756004035,s27,round3_20C_d02_20.05.2026_B1_Sample13.csv
round3,20C,d02,20.05.2026,H12,Sample96,32,43,316180,4612,168368,4940,320792,32_vs_43,279759.1766848415,41032.823315158515,s26,round3_20C_d02_20.05.2026_H12_Sample96.csv
round3,20C,d02,20.05.2026,C9,Sample33,06,32,42439,129377,55308,168368,171816,06_vs_32,48301.89972581162,123514.10027418906,s05,round3_20C_d02_20.05.2026_C9_Sample33.csv
round3,20C,d02,20.05.2026,E1,Sample49,12,32,24315,313009,59630,168368,337324,12_vs_32,36716.048024375224,300607.9519756186,s11,round3_20C_d02_20.05.2026_E1_Sample49.csv
round3,20C,d02,20.05.2026,B12,Sample24,06,16,2985,107343,55308,82826,110328,06_vs_16,3938.9873681488148,106389.01263185298,s02,round3_20C_d02_20.05.2026_B12_Sample24.csv
round3,20C,d02,20.05.2026,D6,Sample42,12,16,5342,72566,59630,82826,77908,12_vs_16,7404.796507718448,70503.20349228274,s08,round3_20C_d02_20.05.2026_D6_Sample42.csv
round3,20C,d02,20.05.2026,G12,Sample84,20,56,8695,865,5659,1058,9560,20_vs_56,8593.637958868025,966.3620411319778,s22,round3_20C_d02_20.05.2026_G12_Sample84.csv
round3,20C,d02,20.05.2026,D4,Sample40,12,16,7398,119122,59630,82826,126520,12_vs_16,10689.732354815502,115830.2676451878,s08,round3_20C_d02_20.05.2026_D4_Sample40.csv
round3,20C,d02,20.05.2026,H7,Sample91,23,56,116353,648,80268,1058,117001,23_vs_56,115186.50579359946,1814.4942064005377,s25,round3_20C_d02_20.05.2026_H7_Sample91.csv
round3,20C,d02,20.05.2026,C5,Sample29,06,23,19318,84330,55308,80268,103648,06_vs_23,21137.549025030352,82510.45097496976,s04,round3_20C_d02_20.05.2026_C5_Sample29.csv
round3,20C,d02,20.05.2026,C2,Sample26,06,20,1588,7728,55308,5659,9316,06_vs_20,2821.8286557294396,6494.171344270586,s03,round3_20C_d02_20.05.2026_C2_Sample26.csv
round3,20C,d02,20.05.2026,D1,Sample37,06,56,83866,3124,55308,1058,86990,06_vs_56,82946.83108530793,4043.168914692069,s07,round3_20C_d02_20.05.2026_D1_Sample37.csv
round3,20C,d02,20.05.2026,H8,Sample92,23,56,95508,1576,80268,1058,97084,23_vs_56,93648.340078376,3435.659921623998,s25,round3_20C_d02_20.05.2026_H8_Sample92.csv
round3,20C,d02,20.05.2026,C6,Sample30,06,23,97357,203078,55308,80268,300435,06_vs_23,102130.34257746827,198304.65742253218,s04,round3_20C_d02_20.05.2026_C6_Sample30.csv
round3,20C,d02,20.05.2026,F11,Sample71,16,56,108255,879,82826,1058,109134,16_vs_56,107958.63915852582,1175.3608414741716,s18,round3_20C_d02_20.05.2026_F11_Sample71.csv
round3,20C,d02,20.05.2026,H6,Sample90,23,43,1820,306,80268,4940,2126,23_vs_43,1533.287215903143,592.7127840968568,s24,round3_20C_d02_20.05.2026_H6_Sample90.csv
round3,20C,d02,20.05.2026,F4,Sample64,16,32,102157,33965,82826,168368,136122,16_vs_32,101660.35652142848,34461.643478571525,s16,round3_20C_d02_20.05.2026_F4_Sample64.csv
round3,20C,d02,20.05.2026,F1,Sample61,16,23,128635,46896,82826,80268,175531,16_vs_23,126292.25771964945,49238.74228035028,s15,round3_20C_d02_20.05.2026_F1_Sample61.csv
round3,20C,d02,20.05.2026,E4,Sample52,12,43,11575,80005,59630,4940,91580,12_vs_43,21578.020481520805,70001.97951847942,s12,round3_20C_d02_20.05.2026_E4_Sample52.csv
round3,20C,d02,20.05.2026,D9,Sample45,12,20,7979,38028,59630,5659,46007,12_vs_20,9106.11367822361,36900.88632177639,s09,round3_20C_d02_20.05.2026_D9_Sample45.csv
round3,20C,d02,20.05.2026,B10,Sample22,06,16,3693,102549,55308,82826,106242,06_vs_16,4735.233463739176,101506.76653626433,s02,round3_20C_d02_20.05.2026_B10_Sample22.csv
round3,20C,d02,20.05.2026,G3,Sample75,20,23,171644,538056,5659,80268,709700,20_vs_23,181032.3855515687,528667.6144484313,s19,round3_20C_d02_20.05.2026_G3_Sample75.csv
round3,20C,d02,20.05.2026,G9,Sample81,20,43,4146,3381,5659,4940,7527,20_vs_43,4047.5793289857424,3479.4206710142535,s21,round3_20C_d02_20.05.2026_G9_Sample81.csv
round3,20C,d02,20.05.2026,C1,Sample25,06,20,1344,8480,55308,5659,9824,06_vs_20,2588.292313605948,7235.707686394062,s03,round3_20C_d02_20.05.2026_C1_Sample25.csv
round3,20C,d02,20.05.2026,H3,Sample87,23,32,112790,84762,80268,168368,197552,23_vs_32,110865.61949488442,86686.38050511558,s23,round3_20C_d02_20.05.2026_H3_Sample87.csv
round3,20C,d02,20.05.2026,G7,Sample79,20,43,4700,5219,5659,4940,9919,20_vs_43,4439.662844122029,5479.337155877963,s21,round3_20C_d02_20.05.2026_G7_Sample79.csv
round3,20C,d02,20.05.2026,B6,Sample18,43,56,1707,72,4940,1058,1779,43_vs_56,1635.299765738786,143.70023426121418,s28,round3_20C_d02_20.05.2026_B6_Sample18.csv
round3,20C,d02,20.05.2026,B9,Sample21,06,12,54729,5701,55308,59630,60430,06_vs_12,51223.666930781204,9206.333069218797,s01,round3_20C_d02_20.05.2026_B9_Sample21.csv
round3,20C,d02,20.05.2026,E9,Sample57,12,56,77397,11861,59630,1058,89258,12_vs_56,74733.69953076352,14524.300469236492,s13,round3_20C_d02_20.05.2026_E9_Sample57.csv
round3,20C,d02,20.05.2026,E2,Sample50,12,32,19496,243359,59630,168368,262855,12_vs_32,28815.802654894924,234039.19734509976,s11,round3_20C_d02_20.05.2026_E2_Sample50.csv
round3,20C,d02,20.05.2026,F12,Sample72,16,56,145810,2177,82826,1058,147987,16_vs_56,145251.2171355065,2735.7828644935107,s18,round3_20C_d02_20.05.2026_F12_Sample72.csv
round3,20C,d02,20.05.2026,H9,Sample93,23,56,122033,2869,80268,1058,124902,23_vs_56,119071.02842663298,5830.971573367027,s25,round3_20C_d02_20.05.2026_H9_Sample93.csv
round3,20C,d02,20.05.2026,H4,Sample88,23,43,1588,213,80268,4940,1801,23_vs_43,1420.0112331763241,380.98876682367535,s24,round3_20C_d02_20.05.2026_H4_Sample88.csv
round3,20C,d02,20.05.2026,B5,Sample17,43,56,2940,124,4940,1058,3064,43_vs_56,2813.1169581659533,250.8830418340466,s28,round3_20C_d02_20.05.2026_B5_Sample17.csv
round3,20C,d02,20.05.2026,H5,Sample89,23,43,84758,13479,80268,4940,98237,23_vs_43,70217.2345707774,28019.765429222643,s24,round3_20C_d02_20.05.2026_H5_Sample89.csv
round3,20C,d02,20.05.2026,D11,Sample47,12,23,51983,101464,59630,80268,153447,12_vs_23,55034.813634224614,98412.18636577539,s10,round3_20C_d02_20.05.2026_D11_Sample47.csv
round3,20C,d02,20.05.2026,G1,Sample73,20,23,10113,34164,5659,80268,44277,20_vs_23,10462.730837066552,33814.269162933444,s19,round3_20C_d02_20.05.2026_G1_Sample73.csv
round3,20C,d02,20.05.2026,E10,Sample58,16,20,49590,39895,82826,5659,89485,16_vs_20,51205.788982963735,38279.21101703673,s14,round3_20C_d02_20.05.2026_E10_Sample58.csv
round3,20C,d02,20.05.2026,D12,Sample48,12,23,74577,129586,59630,80268,204163,12_vs_23,77656.10734797278,126506.89265202722,s10,round3_20C_d02_20.05.2026_D12_Sample48.csv
round3,20C,d02,20.05.2026,D8,Sample44,12,20,5454,21932,59630,5659,27386,12_vs_20,6249.068501834951,21136.93149816505,s09,round3_20C_d02_20.05.2026_D8_Sample44.csv
round3,20C,d02,20.05.2026,D10,Sample46,12,23,149088,204691,59630,80268,353779,12_vs_23,150186.7505117163,203592.2494882837,s10,round3_20C_d02_20.05.2026_D10_Sample46.csv
round3,20C,d02,20.05.2026,F10,Sample70,16,56,149738,1964,82826,1058,151702,16_vs_56,149199.54287280573,2502.4571271942577,s18,round3_20C_d02_20.05.2026_F10_Sample70.csv
round3,20C,d02,20.05.2026,F3,Sample63,16,23,84380,32478,82826,80268,116858,16_vs_23,82387.43802472514,34470.56197527776,s15,round3_20C_d02_20.05.2026_F3_Sample63.csv
round3,20C,d02,20.05.2026,F6,Sample66,16,32,70151,29018,82826,168368,99169,16_vs_32,70008.97064675018,29160.029353249825,s16,round3_20C_d02_20.05.2026_F6_Sample66.csv
round3,20C,d02,20.05.2026,B8,Sample20,06,12,48086,4459,55308,59630,52545,06_vs_12,45069.892472407315,7475.107527592687,s01,round3_20C_d02_20.05.2026_B8_Sample20.csv
round3,20C,d02,20.05.2026,C11,Sample35,06,43,38714,3032,55308,4940,41746,06_vs_43,36680.92842661733,5065.07157338267,s06,round3_20C_d02_20.05.2026_C11_Sample35.csv
round3,20C,d02,20.05.2026,F5,Sample65,16,32,72896,31177,82826,168368,104073,16_vs_32,72837.14561054856,31235.85438945145,s16,round3_20C_d02_20.05.2026_F5_Sample65.csv
round3,20C,d02,20.05.2026,B7,Sample19,06,12,44370,5318,55308,59630,49688,06_vs_12,41496.038526789125,8191.961473210871,s01,round3_20C_d02_20.05.2026_B7_Sample19.csv
round3,20C,d02,20.05.2026,C4,Sample28,06,23,19893,77688,55308,80268,97581,06_vs_23,21820.84865036387,75760.15134963607,s04,round3_20C_d02_20.05.2026_C4_Sample28.csv
round3,20C,d02,20.05.2026,F7,Sample67,16,43,94667,4484,82826,4940,99151,16_vs_43,93631.74067027947,5519.259329723255,s17,round3_20C_d02_20.05.2026_F7_Sample67.csv
round3,20C,d02,20.05.2026,C12,Sample36,06,43,49021,3828,55308,4940,52849,06_vs_43,46207.885827473,6641.114172527001,s06,round3_20C_d02_20.05.2026_C12_Sample36.csv
round3,20C,d02,20.05.2026,B3,Sample15,32,56,234172,6284,168368,1058,240456,32_vs_56,229389.4764215136,11066.52357848643,s27,round3_20C_d02_20.05.2026_B3_Sample15.csv
round3,20C,d02,20.05.2026,G11,Sample83,20,56,6880,528,5659,1058,7408,20_vs_56,6797.965937024308,610.0340629756978,s22,round3_20C_d02_20.05.2026_G11_Sample83.csv
round3,20C,d02,20.05.2026,F9,Sample69,16,43,126827,2952,82826,4940,129779,16_vs_43,125800.04118560003,3978.9588144066656,s17,round3_20C_d02_20.05.2026_F9_Sample69.csv
round3,20C,d02,20.05.2026,G6,Sample78,20,32,24449,159831,5659,168368,184280,20_vs_32,26296.964965146803,157983.03503485292,s20,round3_20C_d02_20.05.2026_G6_Sample78.csv
